category,product_name,mrp_inr,discount_pct,available_qty,selling_price_inr,weight_gms,out_of_stock,unit_qty,discount_amount,price_per_100g,stock_status,discount_tier
Fruits & Vegetables,Onion,25.0,16,3,21.0,1000,False,1,4.0,2.5,In Stock,Mid (11-20%)
Fruits & Vegetables,Tomato Hybrid,42.0,16,3,35.0,1000,False,1,7.0,4.2,In Stock,Mid (11-20%)
Fruits & Vegetables,Tender Coconut,51.0,15,3,43.0,58,False,1,8.0,87.93103448275862,In Stock,Mid (11-20%)
Fruits & Vegetables,Coriander Leaves,20.0,15,3,17.0,100,False,100,3.0,20.0,In Stock,Mid (11-20%)
Fruits & Vegetables,Ladies Finger,14.0,14,3,12.0,250,False,250,2.0,5.6000000000000005,In Stock,Mid (11-20%)
Fruits & Vegetables,Potato,35.0,17,3,29.0,1000,False,1,6.0,3.5000000000000004,In Stock,Mid (11-20%)
Fruits & Vegetables,Lemon,75.0,16,3,63.0,200,False,200,12.0,37.5,In Stock,Mid (11-20%)
Fruits & Vegetables,Watermelon,58.0,15,3,49.0,58,False,1,9.0,100.0,In Stock,Mid (11-20%)
Fruits & Vegetables,Capsicum Green,23.0,17,3,19.0,250,False,250,4.0,9.2,In Stock,Mid (11-20%)
Fruits & Vegetables,Chilli Green,19.0,15,3,16.0,100,False,100,3.0,19.0,In Stock,Mid (11-20%)
Fruits & Vegetables,Banana Robusta,29.0,17,3,24.0,348,False,6,5.0,8.333333333333332,In Stock,Mid (11-20%)
Fruits & Vegetables,Garlic Indian,11.0,18,3,9.0,100,False,100,2.0,11.0,In Stock,Mid (11-20%)
Fruits & Vegetables,Cauliflower,26.0,15,3,22.0,58,False,1,4.0,44.827586206896555,In Stock,Mid (11-20%)
Fruits & Vegetables,Ginger,14.0,14,3,12.0,200,False,200,2.0,7.000000000000001,In Stock,Mid (11-20%)
Fruits & Vegetables,Spinach,19.0,15,3,16.0,250,False,250,3.0,7.6,In Stock,Mid (11-20%)
Fruits & Vegetables,Muskmelon,42.0,16,3,35.0,58,False,1,7.0,72.41379310344827,In Stock,Mid (11-20%)
Fruits & Vegetables,Cabbage,15.0,13,3,13.0,58,False,1,2.0,25.862068965517242,In Stock,Mid (11-20%)
Fruits & Vegetables,Methi,30.0,16,3,25.0,250,False,250,5.0,12.0,In Stock,Mid (11-20%)
Fruits & Vegetables,Broccoli,36.0,16,3,30.0,500,False,500,6.0,7.199999999999999,In Stock,Mid (11-20%)
Fruits & Vegetables,Sapota,30.0,16,3,25.0,348,False,6,5.0,8.620689655172415,In Stock,Mid (11-20%)
Fruits & Vegetables,Onion,68.0,16,3,57.0,3000,False,3,11.0,2.2666666666666666,In Stock,Mid (11-20%)
Fruits & Vegetables,Potato,100.0,16,3,84.0,3000,False,3,16.0,3.3333333333333335,In Stock,Mid (11-20%)
Fruits & Vegetables,Orange Nagpur,82.0,15,3,69.0,232,False,4,13.0,35.3448275862069,In Stock,Mid (11-20%)
Fruits & Vegetables,Mint Leaves,11.0,18,3,9.0,100,False,100,2.0,11.0,In Stock,Mid (11-20%)
Fruits & Vegetables,Beans French,33.0,15,3,28.0,250,False,250,5.0,13.200000000000001,In Stock,Mid (11-20%)
Fruits & Vegetables,Bottle Gourd,26.0,15,3,22.0,58,False,1,4.0,44.827586206896555,In Stock,Mid (11-20%)
Fruits & Vegetables,Banana Elaichi,58.0,15,3,49.0,348,False,6,9.0,16.666666666666664,In Stock,Mid (11-20%)
Fruits & Vegetables,Coconut Big,36.0,16,3,30.0,58,False,1,6.0,62.06896551724138,In Stock,Mid (11-20%)
Fruits & Vegetables,Curry Leaves,13.0,15,3,11.0,50,False,50,2.0,26.0,In Stock,Mid (11-20%)
Fruits & Vegetables,Brinjal Bharta,19.0,15,3,16.0,58,False,1,3.0,32.758620689655174,In Stock,Mid (11-20%)
Fruits & Vegetables,Lettuce Iceberg,25.0,16,3,21.0,250,False,250,4.0,10.0,In Stock,Mid (11-20%)
Fruits & Vegetables,Papaya,54.0,16,3,45.0,58,False,1,9.0,93.10344827586206,In Stock,Mid (11-20%)
Fruits & Vegetables,Apple Shimla,142.0,16,3,119.0,232,False,4,23.0,61.206896551724135,In Stock,Mid (11-20%)
Fruits & Vegetables,Bitter Gourd,18.0,16,3,15.0,250,False,250,3.0,7.199999999999999,In Stock,Mid (11-20%)
Fruits & Vegetables,Brinjal Small,18.0,16,3,15.0,250,False,250,3.0,7.199999999999999,In Stock,Mid (11-20%)
Fruits & Vegetables,Sweet Corn,36.0,16,3,30.0,116,False,2,6.0,31.03448275862069,In Stock,Mid (11-20%)
Fruits & Vegetables,Spring Onion,18.0,16,3,15.0,250,False,250,3.0,7.199999999999999,In Stock,Mid (11-20%)
Fruits & Vegetables,Bell Peppers Red & Yellow,118.0,16,3,99.0,116,False,2,19.0,101.72413793103448,In Stock,Mid (11-20%)
Fruits & Vegetables,Pomegranate,106.0,16,3,89.0,116,False,2,17.0,91.37931034482759,In Stock,Mid (11-20%)
Fruits & Vegetables,Sweet Lime,30.0,16,3,25.0,116,False,2,5.0,25.862068965517242,In Stock,Mid (11-20%)
Fruits & Vegetables,Baby Potato,19.0,15,3,16.0,500,False,500,3.0,3.8,In Stock,Mid (11-20%)
Fruits & Vegetables,Coccinia,32.0,15,3,27.0,250,False,250,5.0,12.8,In Stock,Mid (11-20%)
Fruits & Vegetables,Guava,54.0,16,3,45.0,232,False,4,9.0,23.275862068965516,In Stock,Mid (11-20%)
Fruits & Vegetables,Apple Washington,177.0,15,3,149.0,232,False,4,28.0,76.29310344827587,In Stock,Mid (11-20%)
Fruits & Vegetables,Amla,32.0,15,3,27.0,250,False,250,5.0,12.8,In Stock,Mid (11-20%)
Fruits & Vegetables,Beans Cluster,30.0,16,3,25.0,250,False,250,5.0,12.0,In Stock,Mid (11-20%)
Fruits & Vegetables,Apple Royal Gala,189.0,15,3,159.0,232,False,4,30.0,81.46551724137932,In Stock,Mid (11-20%)
Fruits & Vegetables,Chilli Bhaji,30.0,16,3,25.0,250,False,250,5.0,12.0,In Stock,Mid (11-20%)
Fruits & Vegetables,Lettuce Green,23.0,17,3,19.0,100,False,100,4.0,23.0,In Stock,Mid (11-20%)
Fruits & Vegetables,Baby Corn Peeled,35.0,17,3,29.0,250,False,250,6.0,14.000000000000002,In Stock,Mid (11-20%)
Fruits & Vegetables,Mixed Sprouts,35.0,17,3,29.0,200,False,200,6.0,17.5,In Stock,Mid (11-20%)
Fruits & Vegetables,Zucchini Green,35.0,17,3,29.0,250,False,250,6.0,14.000000000000002,In Stock,Mid (11-20%)
Fruits & Vegetables,Beans Broad,42.0,16,3,35.0,250,False,250,7.0,16.8,In Stock,Mid (11-20%)
Fruits & Vegetables,Raw Banana,20.0,15,6,17.0,500,False,500,3.0,4.0,In Stock,Mid (11-20%)
Fruits & Vegetables,Colocasia,29.0,17,6,24.0,500,False,500,5.0,5.800000000000001,In Stock,Mid (11-20%)
Fruits & Vegetables,Tomato Cherry,35.0,17,3,29.0,200,False,200,6.0,17.5,In Stock,Mid (11-20%)
Fruits & Vegetables,Sweet Potato,38.0,15,3,32.0,500,False,500,6.0,7.6,In Stock,Mid (11-20%)
Fruits & Vegetables,Pineapple Slice,89.0,15,3,75.0,200,False,200,14.0,44.5,In Stock,Mid (11-20%)
Fruits & Vegetables,Orange,54.0,16,3,45.0,116,False,2,9.0,46.55172413793103,In Stock,Mid (11-20%)
Fruits & Vegetables,Dragon Fruit Imported,70.0,15,3,59.0,58,False,1,11.0,120.6896551724138,In Stock,Mid (11-20%)
Fruits & Vegetables,Zucchini Yellow,42.0,16,3,35.0,250,False,500,7.0,16.8,In Stock,Mid (11-20%)
Fruits & Vegetables,Apple Kinnaur,142.0,16,6,119.0,232,False,4,23.0,61.206896551724135,In Stock,Mid (11-20%)
Fruits & Vegetables,Pineapple,94.0,15,3,79.0,58,False,1,15.0,162.06896551724137,In Stock,Mid (11-20%)
Fruits & Vegetables,Basil,20.0,15,3,17.0,100,False,100,3.0,20.0,In Stock,Mid (11-20%)
Fruits & Vegetables,Parsley,17.0,17,3,14.0,100,False,100,3.0,17.0,In Stock,Mid (11-20%)
Fruits & Vegetables,Ridge Gourd,30.0,16,3,25.0,500,False,500,5.0,6.0,In Stock,Mid (11-20%)
Fruits & Vegetables,Papaya Cut,46.0,15,3,39.0,200,False,200,7.0,23.0,In Stock,Mid (11-20%)
Fruits & Vegetables,Pomegranate Peeled,58.0,15,2,49.0,100,False,100,9.0,57.99999999999999,Low Stock,Mid (11-20%)
Fruits & Vegetables,Pear Green Imported,82.0,15,3,69.0,116,False,2,13.0,70.6896551724138,In Stock,Mid (11-20%)
Fruits & Vegetables,Guava Thai,70.0,15,3,59.0,116,False,2,11.0,60.3448275862069,In Stock,Mid (11-20%)
Fruits & Vegetables,Lettuce Red,20.0,15,3,17.0,100,False,100,3.0,20.0,In Stock,Mid (11-20%)
Fruits & Vegetables,Mango Raw,60.0,16,3,50.0,500,False,500,10.0,12.0,In Stock,Mid (11-20%)
Fruits & Vegetables,Biryani /Pulav Mix,58.0,15,3,49.0,250,False,250,9.0,23.200000000000003,In Stock,Mid (11-20%)
Fruits & Vegetables,Banana Nendran,54.0,16,6,45.0,500,False,500,9.0,10.8,In Stock,Mid (11-20%)
Fruits & Vegetables,Pumpkin Cut,30.0,16,3,25.0,200,False,200,5.0,15.0,In Stock,Mid (11-20%)
Fruits & Vegetables,Banana Red,54.0,16,6,45.0,500,False,500,9.0,10.8,In Stock,Mid (11-20%)
Fruits & Vegetables,Radish White,23.0,17,6,19.0,500,False,500,4.0,4.6,In Stock,Mid (11-20%)
Fruits & Vegetables,Avocado Indian Premium,177.0,15,3,149.0,58,False,1,28.0,305.1724137931035,In Stock,Mid (11-20%)
Fruits & Vegetables,Banana Leaf,12.0,16,2,10.0,58,False,1,2.0,20.689655172413794,Low Stock,Mid (11-20%)
Fruits & Vegetables,Sponge Gourd,25.0,16,2,21.0,300,False,300,4.0,8.333333333333332,Low Stock,Mid (11-20%)
Fruits & Vegetables,Zama Organics Carrot,20.0,15,3,17.0,250,False,250,3.0,8.0,In Stock,Mid (11-20%)
Fruits & Vegetables,Safal Frozen - Mixed Vegetables,110.0,4,2,105.0,1000,False,1,5.0,11.0,Low Stock,Low (1-10%)
Fruits & Vegetables,Zama Organics Sweet Potato,37.0,16,3,31.0,250,False,250,6.0,14.799999999999999,In Stock,Mid (11-20%)
Fruits & Vegetables,Beetroot,16.0,18,3,13.0,500,False,500,3.0,3.2,In Stock,Mid (11-20%)
Fruits & Vegetables,Capsicum,26.0,19,3,21.0,500,False,500,5.0,5.2,In Stock,Mid (11-20%)
Fruits & Vegetables,Carrot,19.0,21,3,15.0,500,False,500,4.0,3.8,In Stock,High (21%+)
Fruits & Vegetables,Garlic,17.0,23,3,13.0,200,False,200,4.0,8.5,In Stock,High (21%+)
Fruits & Vegetables,Carrot,13.0,15,0,11.0,250,True,200,2.0,5.2,Out of Stock,Mid (11-20%)
Fruits & Vegetables,Beetroot,11.0,18,0,9.0,250,True,250,2.0,4.3999999999999995,Out of Stock,Mid (11-20%)
Fruits & Vegetables,Moong Sprouts,35.0,17,0,29.0,200,True,200,6.0,17.5,Out of Stock,Mid (11-20%)
Fruits & Vegetables,Safal Frozen Mixed Vegetables,60.0,5,0,57.0,500,True,500,3.0,12.0,Out of Stock,Low (1-10%)
Fruits & Vegetables,Safal Frozen Corn,41.0,4,0,39.0,200,True,200,2.0,20.5,Out of Stock,Low (1-10%)
Fruits & Vegetables,Safal Frozen - Sweet Corn,160.0,5,0,152.0,1000,True,1,8.0,16.0,Out of Stock,Low (1-10%)
Cooking Essentials,Maggi 2 Minute Masala Noodles,12.0,0,6,12.0,70,False,70,0.0,17.142857142857142,In Stock,No Discount
Cooking Essentials,iD Idli & Dosa Batter,80.0,15,6,68.0,1000,False,1,12.0,8.0,In Stock,Mid (11-20%)
Cooking Essentials,Tata Salt,24.0,0,6,24.0,1000,False,1,0.0,2.4,In Stock,No Discount
Cooking Essentials,Arden Eggs White,97.0,0,4,97.0,696,False,12,0.0,13.936781609195403,In Stock,No Discount
Cooking Essentials,Arden Eggs White,65.0,15,4,55.0,348,False,6,10.0,18.67816091954023,In Stock,Mid (11-20%)
Cooking Essentials,Fortune Sunlite Refined Sunflower (Pouch),230.0,4,6,219.0,1000,False,1,11.0,23.0,In Stock,Low (1-10%)
Cooking Essentials,Aashirvaad Superior MP Atta,250.0,2,6,245.0,5000,False,5,5.0,5.0,In Stock,Low (1-10%)
Cooking Essentials,Amul Pure Ghee (Pouch),255.0,2,6,249.0,500,False,500,6.0,51.0,In Stock,Low (1-10%)
Cooking Essentials,Arden Eggs Brown,85.0,7,4,79.0,348,False,6,6.0,24.42528735632184,In Stock,Low (1-10%)
Cooking Essentials,Tata Salt Lite,40.0,10,6,36.0,1000,False,1,4.0,4.0,In Stock,Low (1-10%)
Cooking Essentials,Saffola Gold Oil (Pouch),215.0,0,6,215.0,1000,False,1,0.0,21.5,In Stock,No Discount
Cooking Essentials,Fortune Sunlite Refined Sunflower (Jar),925.0,0,6,925.0,5000,False,5,0.0,18.5,In Stock,No Discount
Cooking Essentials,Fortune Rice Bran (Pouch),225.0,11,6,199.0,1000,False,1,26.0,22.5,In Stock,Mid (11-20%)
Cooking Essentials,Saffola Active Oil,210.0,0,6,210.0,1000,False,1,0.0,21.0,In Stock,No Discount
Cooking Essentials,Amul Pure Ghee (Pouch),505.0,1,2,499.0,1000,False,1,6.0,50.5,Low Stock,Low (1-10%)
Cooking Essentials,Aashirvaad Atta,460.0,13,6,399.0,10000,False,10,61.0,4.6,In Stock,Mid (11-20%)
Cooking Essentials,Popular Essentials Toor Dal (Un-Polished),160.0,6,4,149.0,1000,False,1,11.0,16.0,In Stock,Low (1-10%)
Cooking Essentials,Amul Ghee (Tin),520.0,2,6,509.0,1000,False,1,11.0,52.0,In Stock,Low (1-10%)
Cooking Essentials,Amul Fresh Cream,197.0,3,3,191.0,1000,False,1,6.0,19.7,In Stock,Low (1-10%)
Cooking Essentials,Popular Essentials Pure Jaggery,50.0,2,6,49.0,450,False,450,1.0,11.11111111111111,In Stock,Low (1-10%)
Cooking Essentials,Aashirvaad Multigrain Atta,64.0,3,2,62.0,1000,False,1,2.0,6.4,Low Stock,Low (1-10%)
Cooking Essentials,Fortune Soyabean Oil,1005.0,0,6,999.0,5000,False,5,6.0,20.1,In Stock,No Discount
Cooking Essentials,Popular Essentials Sunflower Seeds,25.0,0,6,25.0,50,False,50,0.0,50.0,In Stock,No Discount
Cooking Essentials,Tata Sampann kabuli chana,185.0,1,4,183.0,1000,False,500,2.0,18.5,In Stock,Low (1-10%)
Cooking Essentials,Dhara Groundnut Oil (Pouch),230.0,11,6,203.0,1000,False,1,27.0,23.0,In Stock,Mid (11-20%)
Cooking Essentials,Dhara Health Refined Sun Flower Oil Jar,1200.0,18,6,984.0,5000,False,5,216.0,24.0,In Stock,Mid (11-20%)
Cooking Essentials,24 Mantra Organic Jaggery Powder,80.0,15,6,68.0,500,False,500,12.0,16.0,In Stock,Mid (11-20%)
Cooking Essentials,Tata Sampann High Protien Kabuli Chana,94.0,0,1,94.0,500,False,500,0.0,18.8,Low Stock,No Discount
Cooking Essentials,Dhara Kachi Ghani Mustard Oil Jar,1250.0,8,6,1143.0,5000,False,5,107.0,25.0,In Stock,Low (1-10%)
Cooking Essentials,D'lecta Dairy Cream,54.0,5,6,51.0,200,False,200,3.0,27.0,In Stock,Low (1-10%)
Cooking Essentials,Ching's Secret Instant Hot Garlic Noodles,15.0,0,3,15.0,60,False,60,0.0,25.0,In Stock,No Discount
Cooking Essentials,Dabur Ginger Garlic Paste,25.0,8,3,23.0,100,False,100,2.0,25.0,In Stock,Low (1-10%)
Cooking Essentials,Ching's Secret Instant Schezwan Noodles,15.0,0,6,15.0,60,False,60,0.0,25.0,In Stock,No Discount
Cooking Essentials,Gowardhan Ghee/Tuppa Jar,315.0,1,6,309.0,500,False,500,6.0,63.0,In Stock,Low (1-10%)
Cooking Essentials,Tata Sampann Unpolished Moong Dal,92.0,4,4,88.0,500,False,500,4.0,18.4,In Stock,Low (1-10%)
Cooking Essentials,Aashirvaad Select Atta,64.0,0,6,64.0,1000,False,1,0.0,6.4,In Stock,No Discount
Cooking Essentials,Popular Essentials Misri Dana (Diamond Sugar),15.0,0,4,15.0,100,False,100,0.0,15.0,In Stock,No Discount
Cooking Essentials,Gowardhan Ghee Jar,598.0,3,6,579.0,1000,False,1,19.0,59.8,In Stock,Low (1-10%)
Cooking Essentials,Top Ramen  Noodles Curry Veg Pouch,20.0,0,1,20.0,70,False,70,0.0,28.57142857142857,Low Stock,No Discount
Cooking Essentials,Popular Essentials Refined Sugar,60.0,0,6,60.0,1000,False,1,0.0,6.0,In Stock,No Discount
Cooking Essentials,Fortune Kachi Ghani Mustard Oil Bottle,216.0,7,6,199.0,1000,False,1,17.0,21.6,In Stock,Low (1-10%)
Cooking Essentials,Saffola Veggie Twist Masala Oats,15.0,0,6,15.0,38,False,38,0.0,39.473684210526315,In Stock,No Discount
Cooking Essentials,Satyam Puffed Rice Kurmura (R),23.0,0,6,23.0,200,False,200,0.0,11.5,In Stock,No Discount
Cooking Essentials,Quaker Oats,79.0,0,2,79.0,400,False,400,0.0,19.75,Low Stock,No Discount
Cooking Essentials,Aashirvaad Select Sharbati Atta,315.0,10,6,283.0,5000,False,5,32.0,6.3,In Stock,Low (1-10%)
Cooking Essentials,Popular Essentials Refined Sugar,295.0,10,6,265.0,5000,False,5,30.0,5.8999999999999995,In Stock,Low (1-10%)
Cooking Essentials,Gowardhan Cow Ghee Pouch,579.0,10,6,521.0,1000,False,1,58.0,57.9,In Stock,Low (1-10%)
Cooking Essentials,Dhara Nourish Refined Sunflower Oil Pouch,210.0,5,6,199.0,1000,False,1,11.0,21.0,In Stock,Low (1-10%)
Cooking Essentials,Parachute Oil,40.0,7,3,37.0,100,False,100,3.0,40.0,In Stock,Low (1-10%)
Cooking Essentials,Popular Essentials Plain Puffed Rice (Murmura/Muri),18.0,0,6,18.0,100,False,100,0.0,18.0,In Stock,No Discount
Cooking Essentials,Amul Mithai Mate Condensed Sweetened Milk,56.0,3,4,54.0,200,False,200,2.0,28.000000000000004,In Stock,Low (1-10%)
Cooking Essentials,Saffola Gold (Jar),1240.0,0,6,1240.0,5000,False,5,0.0,24.8,In Stock,No Discount
Cooking Essentials,McCain New Mini Samosa with Cheese Pizza Style Filling,120.0,1,3,118.0,240,False,240,2.0,50.0,In Stock,Low (1-10%)
Cooking Essentials,Fortune Rice Bran Health Oil (Jar),1050.0,1,6,1039.0,5000,False,5,11.0,21.0,In Stock,Low (1-10%)
Cooking Essentials,Arden Desi Eggs,110.0,13,4,95.0,348,False,6,15.0,31.60919540229885,In Stock,Mid (11-20%)
Cooking Essentials,Fortune Rozana Basmati Rice,585.0,21,6,462.0,5000,False,5,123.0,11.700000000000001,In Stock,High (21%+)
Cooking Essentials,Fortune Biriyani Special Basmati Rice,175.0,0,5,175.0,1000,False,1,0.0,17.5,In Stock,No Discount
Cooking Essentials,Everest Garam Masala,78.0,7,5,72.0,100,False,100,6.0,78.0,In Stock,Low (1-10%)
Cooking Essentials,Popular Essentials Pumpkin Seeds,90.0,16,6,75.0,100,False,100,15.0,90.0,In Stock,Mid (11-20%)
Cooking Essentials,Fortune Soya Health Refined Soybean Oil,210.0,1,2,206.0,1000,False,1,4.0,21.0,Low Stock,Low (1-10%)
Cooking Essentials,Gowardhan Pure Ghee Pouch,295.0,4,6,281.0,500,False,500,14.0,59.0,In Stock,Low (1-10%)
Cooking Essentials,Popular Essentials Jeera/Cumin Seeds,40.0,5,3,38.0,100,False,100,2.0,40.0,In Stock,Low (1-10%)
Cooking Essentials,Weikfield Baking Soda,30.0,3,6,29.0,100,False,100,1.0,30.0,In Stock,Low (1-10%)
Cooking Essentials,Everest Pav Bhaji Masala,37.0,10,4,33.0,50,False,50,4.0,74.0,In Stock,Low (1-10%)
Cooking Essentials,Tata Sampann Unpolished Chana Dal,95.0,6,2,89.0,1000,False,500,6.0,9.5,Low Stock,Low (1-10%)
Cooking Essentials,Amul Mithai Mate EOE Tin,112.0,2,6,109.0,400,False,400,3.0,28.000000000000004,In Stock,Low (1-10%)
Cooking Essentials,Pillsbury Chakki Fresh Atta,450.0,16,6,375.0,10000,False,10,75.0,4.5,In Stock,Mid (11-20%)
Cooking Essentials,Everest Chicken Masala,39.0,2,1,38.0,50,False,50,1.0,78.0,Low Stock,Low (1-10%)
Cooking Essentials,Dhara Life Refined Ricebran Oil (Pouch),205.0,7,6,190.0,1000,False,1,15.0,20.5,In Stock,Low (1-10%)
Cooking Essentials,Borges Extra Virgin Olive Oil,400.0,25,1,299.0,250,False,250,101.0,160.0,Low Stock,High (21%+)
Cooking Essentials,Everest Shahi Biryani Masala,70.0,14,6,60.0,50,False,50,10.0,140.0,In Stock,Mid (11-20%)
Cooking Essentials,Popular Essentials Californian Almond,350.0,28,6,251.0,250,False,250,99.0,140.0,In Stock,High (21%+)
Cooking Essentials,Popular Essentials Ajwain Whole,25.0,0,4,25.0,50,False,50,0.0,50.0,In Stock,No Discount
Cooking Essentials,Everest Tikhalal Chilli Powder,235.0,9,6,212.0,500,False,500,23.0,47.0,In Stock,Low (1-10%)
Cooking Essentials,Popular Essentials Kabuli Chana Regular,85.0,9,6,77.0,500,False,500,8.0,17.0,In Stock,Low (1-10%)
Cooking Essentials,Pillsbury Chakki Fresh Atta,52.0,0,4,52.0,1000,False,1,0.0,5.2,In Stock,No Discount
Cooking Essentials,Popular Essentials Saunf/Fennel Seeds,45.0,2,6,44.0,100,False,100,1.0,45.0,In Stock,Low (1-10%)
Cooking Essentials,Popular Essentials Bansi Sooji,35.0,2,3,34.0,500,False,500,1.0,7.000000000000001,In Stock,Low (1-10%)
Cooking Essentials,Happilo Premium International Queen Kalmi Dates,245.0,29,6,172.0,200,False,200,73.0,122.50000000000001,In Stock,High (21%+)
Cooking Essentials,Tata Sampann Unpolished Urad Whole,101.0,6,4,94.0,500,False,500,7.0,20.200000000000003,In Stock,Low (1-10%)
Cooking Essentials,Popular Essentials Cashew Split,325.0,12,6,283.0,250,False,250,42.0,130.0,In Stock,Mid (11-20%)
Cooking Essentials,Popular Essentials Chana Dal (Un-Polished),60.0,10,6,54.0,500,False,500,6.0,12.0,In Stock,Low (1-10%)
Cooking Essentials,Tata Sampann Unpolished Rajma (Chitra),134.0,6,6,125.0,500,False,500,9.0,26.8,In Stock,Low (1-10%)
Cooking Essentials,Everest Garam Masala,42.0,2,2,41.0,50,False,50,1.0,84.0,Low Stock,Low (1-10%)
Cooking Essentials,Everest Kitchen King Masala,70.0,14,2,60.0,100,False,100,10.0,70.0,Low Stock,Mid (11-20%)
Cooking Essentials,24 Mantra Organic Cumin,70.0,7,2,65.0,100,False,100,5.0,70.0,Low Stock,Low (1-10%)
Cooking Essentials,Nestle Milkmaid,132.0,3,6,128.0,400,False,400,4.0,33.0,In Stock,Low (1-10%)
Cooking Essentials,Popular Essentials Sona Masouri Steam Rice,65.0,9,6,59.0,1000,False,1,6.0,6.5,In Stock,Low (1-10%)
Cooking Essentials,24 Mantra Organic Tur Dal,260.0,20,6,208.0,1000,False,1,52.0,26.0,In Stock,Mid (11-20%)
Cooking Essentials,Gits Gulab Jamun Instant Dessert Mix,99.0,10,6,89.0,200,False,200,10.0,49.5,In Stock,Low (1-10%)
Cooking Essentials,Popular Essentials Black Masoor Whole (Un-Polished),65.0,10,3,58.0,500,False,500,7.0,13.0,In Stock,Low (1-10%)
Cooking Essentials,24 Mantra Organic Peanuts,135.0,7,1,125.0,500,False,500,10.0,27.0,Low Stock,Low (1-10%)
Cooking Essentials,Everest Hingraj Powder,90.0,10,2,81.0,50,False,50,9.0,180.0,Low Stock,Low (1-10%)
Cooking Essentials,Everest Black Pepper Powder,135.0,14,6,115.0,100,False,100,20.0,135.0,In Stock,Mid (11-20%)
Cooking Essentials,Tata Sampann Masoor Dal Stand,150.0,10,4,134.0,1000,False,1,16.0,15.0,In Stock,Low (1-10%)
Cooking Essentials,24 Mantra Organic Besan,95.0,7,5,88.0,500,False,500,7.0,19.0,In Stock,Low (1-10%)
Cooking Essentials,Quaker Oats,199.0,7,6,184.0,1000,False,1,15.0,19.900000000000002,In Stock,Low (1-10%)
Cooking Essentials,Saffola Gold Refined Cooking Oil (Jar),485.0,7,6,449.0,2000,False,2,36.0,24.25,In Stock,Low (1-10%)
Cooking Essentials,Nestle Everyday Dairy Whitener,210.0,0,4,210.0,400,False,400,0.0,52.5,In Stock,No Discount
Cooking Essentials,24 Mantra Organic Red Poha,75.0,8,1,69.0,500,False,500,6.0,15.0,Low Stock,Low (1-10%)
Cooking Essentials,Everest Powder - Tea Masala,98.0,9,5,89.0,100,False,100,9.0,98.0,In Stock,Low (1-10%)
Cooking Essentials,Tata Sampann Urad Dal Split,94.0,4,6,90.0,500,False,500,4.0,18.8,In Stock,Low (1-10%)
Cooking Essentials,Popular Essentials Idli Sooji,30.0,6,6,28.0,500,False,500,2.0,6.0,In Stock,Low (1-10%)
Cooking Essentials,Popular Essentials Dessicated Coconut,95.0,9,6,86.0,200,False,200,9.0,47.5,In Stock,Low (1-10%)
Cooking Essentials,Sunfeast Yippee! Mood Masala Noodles,60.0,28,3,43.0,260,False,260,17.0,23.076923076923077,In Stock,High (21%+)
Cooking Essentials,Chef's Basket Durum Wheat Elbow Pasta,160.0,50,6,80.0,500,False,500,80.0,32.0,In Stock,High (21%+)
Cooking Essentials,MTR Breakfast Khatta Meetha Poha Mix,25.0,20,6,20.0,60,False,60,5.0,41.66666666666667,In Stock,Mid (11-20%)
Cooking Essentials,Satyam Khobra,113.0,10,5,101.0,200,False,200,12.0,56.49999999999999,In Stock,Low (1-10%)
Cooking Essentials,Betty Crocker Complete Pancake Mix Original,110.0,4,6,105.0,250,False,500,5.0,44.0,In Stock,Low (1-10%)
Cooking Essentials,Borges Durum Wheat Fusilli Pasta,250.0,0,3,250.0,500,False,500,0.0,50.0,In Stock,No Discount
Cooking Essentials,24 Mantra Organic Green Moong Dal - Split,135.0,0,2,135.0,500,False,500,0.0,27.0,Low Stock,No Discount
Cooking Essentials,Weikfield Vanilla Flavoured Custard Powder,37.0,0,6,37.0,100,False,100,0.0,37.0,In Stock,No Discount
Cooking Essentials,Tata Sampann Moong Dal Split,180.0,1,5,178.0,1000,False,200,2.0,18.0,In Stock,Low (1-10%)
Cooking Essentials,Tata Sampann Kala Chana,64.0,0,5,64.0,500,False,500,0.0,12.8,In Stock,No Discount
Cooking Essentials,Saffola Soya Chunks Mealmaker,50.0,0,2,50.0,200,False,200,0.0,25.0,Low Stock,No Discount
Cooking Essentials,24 Mantra Bura Sugar (Demerara),80.0,10,6,72.0,500,False,500,8.0,16.0,In Stock,Low (1-10%)
Cooking Essentials,Popular Essentials Green Cardamom (Elaichi),200.0,1,6,198.0,50,False,50,2.0,400.0,In Stock,Low (1-10%)
Cooking Essentials,Hershey's Syrup Delicious Strawberry,95.0,0,1,95.0,200,False,200,0.0,47.5,Low Stock,No Discount
Cooking Essentials,Popular Essentials Anjeer,190.0,11,4,169.0,100,False,100,21.0,190.0,In Stock,Mid (11-20%)
Cooking Essentials,Popular Essentials Mustard Seeds Rai Small,20.0,0,2,20.0,100,False,100,0.0,20.0,Low Stock,No Discount
Cooking Essentials,Weikfield Baking Powder,33.0,3,6,32.0,100,False,100,1.0,33.0,In Stock,Low (1-10%)
Cooking Essentials,Dabur Honey Squeezy,185.0,9,6,167.0,225,False,225,18.0,82.22222222222221,In Stock,Low (1-10%)
Cooking Essentials,Tata Sampann High Protein Kali Urad,91.0,14,6,78.0,500,False,500,13.0,18.2,In Stock,Mid (11-20%)
Cooking Essentials,Everest Kitchen King Masala,37.0,2,6,36.0,50,False,50,1.0,74.0,In Stock,Low (1-10%)
Cooking Essentials,Chef's Basket Durum Wheat Fusilli Pasta,160.0,50,6,80.0,500,False,500,80.0,32.0,In Stock,High (21%+)
Cooking Essentials,TilSona Til Oil,180.0,10,2,162.0,500,False,500,18.0,36.0,Low Stock,Low (1-10%)
Cooking Essentials,Top Ramen Chicken Noodles,60.0,10,1,54.0,280,False,280,6.0,21.428571428571427,Low Stock,Low (1-10%)
Cooking Essentials,Everest Chaat Masala,35.0,2,1,34.0,50,False,50,1.0,70.0,Low Stock,Low (1-10%)
Cooking Essentials,Keya Wonder Red Hot Chilli Flakes,89.0,10,2,80.0,40,False,40,9.0,222.5,Low Stock,Low (1-10%)
Cooking Essentials,Popular Essentials White Peas (Un-Polished),80.0,10,5,72.0,500,False,500,8.0,16.0,In Stock,Low (1-10%)
Cooking Essentials,Ching’s Secret Chowmein Hakka Noodles Masala,44.0,0,2,44.0,60,False,60,0.0,73.33333333333333,Low Stock,No Discount
Cooking Essentials,Dhara Filtered Groundnut Oil (Jar),1050.0,1,6,1035.0,5000,False,5,15.0,21.0,In Stock,Low (1-10%)
Cooking Essentials,Pillsbury Choco Chip Pancake Mix,99.0,5,6,94.0,165,False,165,5.0,60.0,In Stock,Low (1-10%)
Cooking Essentials,Hershey's Caramel Syrup,230.0,0,1,230.0,623,False,623,0.0,36.91813804173354,Low Stock,No Discount
Cooking Essentials,Pillsbury Multi Grain Atta,60.0,6,3,56.0,1000,False,1,4.0,6.0,In Stock,Low (1-10%)
Cooking Essentials,McCain New Mini Samosa with Cheese Corn Style Filling,120.0,1,2,118.0,240,False,240,2.0,50.0,Low Stock,Low (1-10%)
Cooking Essentials,Satyam Puffed Rice Kurmura (A),43.0,0,6,43.0,200,False,200,0.0,21.5,In Stock,No Discount
Cooking Essentials,MTR 3 Min Poha,25.0,0,6,25.0,60,False,60,0.0,41.66666666666667,In Stock,No Discount
Cooking Essentials,Ching's Manchurian Instant Noodles,15.0,0,5,15.0,60,False,60,0.0,25.0,In Stock,No Discount
Cooking Essentials,Everest Pav Bhaji Masala,70.0,0,2,70.0,100,False,100,0.0,70.0,Low Stock,No Discount
Cooking Essentials,Hershey's Chocolate Flavour Syrup,220.0,6,6,205.0,623,False,680,15.0,35.313001605136435,In Stock,Low (1-10%)
Cooking Essentials,Popular Essentials Dhania (Coriander Seeds),55.0,16,4,46.0,200,False,200,9.0,27.500000000000004,In Stock,Mid (11-20%)
Cooking Essentials,24 Mantra Red Chilly Whole,70.0,7,1,65.0,100,False,100,5.0,70.0,Low Stock,Low (1-10%)
Cooking Essentials,Dabur Honey - World's No.1,120.0,0,6,120.0,250,False,250,0.0,48.0,In Stock,No Discount
Cooking Essentials,24 Mantra Organic Puffed Rice,40.0,2,6,39.0,200,False,200,1.0,20.0,In Stock,Low (1-10%)
Cooking Essentials,24 Mantra Organic Wheat Daliya,48.0,2,2,47.0,500,False,500,1.0,9.6,Low Stock,Low (1-10%)
Cooking Essentials,24 Mantra Organic Ragi Flour,65.0,20,4,52.0,500,False,500,13.0,13.0,In Stock,Mid (11-20%)
Cooking Essentials,Popular Essentials Cinnamon Whole (Dalchini),35.0,5,6,33.0,25,False,25,2.0,140.0,In Stock,Low (1-10%)
Cooking Essentials,Sundrop Super Lite Advanced - Sunflower Oil,215.0,0,4,215.0,1000,False,1,0.0,21.5,In Stock,No Discount
Cooking Essentials,Pillsbury Atta/Godihittu - Chakki Fresh,102.0,7,4,94.0,2000,False,2,8.0,5.1,In Stock,Low (1-10%)
Cooking Essentials,Popular Essentials Green Moong Chilka/Chilka (Un-Polished),85.0,7,5,79.0,500,False,500,6.0,17.0,In Stock,Low (1-10%)
Cooking Essentials,Popular Essentials HMT Kolam Steam,75.0,0,3,75.0,1000,False,1,0.0,7.5,In Stock,No Discount
Cooking Essentials,Popular Essentials Black Urad Split,80.0,10,4,72.0,500,False,500,8.0,16.0,In Stock,Low (1-10%)
Cooking Essentials,Keya Oregano,109.0,10,5,98.0,9,False,9,11.0,,In Stock,Low (1-10%)
Cooking Essentials,Popular Essentials Pink Rajma,100.0,10,6,90.0,500,False,500,10.0,20.0,In Stock,Low (1-10%)
Cooking Essentials,Everest Chicken Masala,74.0,2,6,72.0,100,False,100,2.0,74.0,In Stock,Low (1-10%)
Cooking Essentials,Popular Essentials HMT Kolam Steam,370.0,10,6,333.0,5000,False,5,37.0,7.3999999999999995,In Stock,Low (1-10%)
Cooking Essentials,Everest Shahi Paneer Masala,42.0,4,5,40.0,50,False,50,2.0,84.0,In Stock,Low (1-10%)
Cooking Essentials,Godrej Yummiez Chicken Nuggets,325.0,9,1,293.0,500,False,500,32.0,65.0,Low Stock,Low (1-10%)
Cooking Essentials,Flying Bird Vanilla Essence,35.0,2,6,34.0,20,False,20,1.0,175.0,In Stock,Low (1-10%)
Cooking Essentials,Everest Sabji Masala,30.0,3,6,29.0,50,False,50,1.0,60.0,In Stock,Low (1-10%)
Cooking Essentials,Popular Essentials Californian Almond,695.0,32,6,470.0,500,False,500,225.0,139.0,In Stock,High (21%+)
Cooking Essentials,Cornitos Cornitos Taco Shells - 4 Inches,110.0,20,6,88.0,80,False,80,22.0,137.5,In Stock,Mid (11-20%)
Cooking Essentials,Everest Rajma Masala,33.0,3,5,32.0,50,False,50,1.0,66.0,In Stock,Low (1-10%)
Cooking Essentials,Popular Essentials White Til,40.0,5,1,38.0,100,False,100,2.0,40.0,Low Stock,Low (1-10%)
Cooking Essentials,Amul Dark Compound Chocolate Slab,125.0,2,6,122.0,500,False,500,3.0,25.0,In Stock,Low (1-10%)
Cooking Essentials,Mothers Recipe Papad Chana Masala,79.0,10,6,71.0,200,False,200,8.0,39.5,In Stock,Low (1-10%)
Cooking Essentials,Ching's Schezwan Masala Instant Noodles,60.0,0,1,60.0,240,False,240,0.0,25.0,Low Stock,No Discount
Cooking Essentials,Amul Milk Compound Chocolate Slab,110.0,2,6,107.0,500,False,500,3.0,22.0,In Stock,Low (1-10%)
Cooking Essentials,Eastern Chicken Masala,70.0,7,3,65.0,100,False,100,5.0,70.0,In Stock,Low (1-10%)
Cooking Essentials,Popular Essentials Methi Seeds,25.0,0,5,25.0,100,False,100,0.0,25.0,In Stock,No Discount
Cooking Essentials,Saffola Yummy Masala Noodles,20.0,0,2,20.0,46,False,46,0.0,43.47826086956522,Low Stock,No Discount
Cooking Essentials,Cadbury Hot Chocolate,175.0,5,6,166.0,200,False,200,9.0,87.5,In Stock,Low (1-10%)
Cooking Essentials,Ching's Chicken Chilli Masala,10.0,0,6,10.0,20,False,20,0.0,50.0,In Stock,No Discount
Cooking Essentials,Dabur Keora water - Authentic flavour for Biryani's and Desserts,62.0,6,6,58.0,250,False,250,4.0,24.8,In Stock,Low (1-10%)
Cooking Essentials,Popular Essentials Black Cardamom/Elaichi,100.0,10,6,90.0,50,False,50,10.0,200.0,In Stock,Low (1-10%)
Cooking Essentials,Popular Essentials Idli Rice,60.0,10,4,54.0,1000,False,1,6.0,6.0,In Stock,Low (1-10%)
Cooking Essentials,Everest Chole Masala,33.0,3,1,32.0,50,False,50,1.0,66.0,Low Stock,Low (1-10%)
Cooking Essentials,Dabur Hommade Tamarind Paste,48.0,6,6,45.0,200,False,200,3.0,24.0,In Stock,Low (1-10%)
Cooking Essentials,"""Maggi Magic Cubes, Vegetarian Masala (Free 2 Cubes Inside)""",35.0,2,6,34.0,48,False,48,1.0,72.91666666666666,In Stock,Low (1-10%)
Cooking Essentials,Popular Essentials Cooking Soda,30.0,10,6,27.0,200,False,200,3.0,15.0,In Stock,Low (1-10%)
Cooking Essentials,RRO Primio Refined Groundnut Oil Pet Bottle,255.0,6,2,239.0,1000,False,1,16.0,25.5,Low Stock,Low (1-10%)
Cooking Essentials,Everest Pani Puri Masala,31.0,3,6,30.0,50,False,50,1.0,62.0,In Stock,Low (1-10%)
Cooking Essentials,Nissin Cup Noodles Tangy Tomato,50.0,10,2,45.0,70,False,70,5.0,71.42857142857143,Low Stock,Low (1-10%)
Cooking Essentials,Ching's Veg Manchurian Masala,10.0,0,2,10.0,20,False,20,0.0,50.0,Low Stock,No Discount
Cooking Essentials,Ceres Foods Fish Mustard Instant Liquid Masala,220.0,50,6,110.0,200,False,200,110.0,110.00000000000001,In Stock,High (21%+)
Cooking Essentials,Everest Garam Masala,158.0,10,6,142.0,200,False,200,16.0,79.0,In Stock,Low (1-10%)
Cooking Essentials,24 Mantra Organic Jowar Flour,70.0,7,6,65.0,500,False,500,5.0,14.000000000000002,In Stock,Low (1-10%)
Cooking Essentials,Maggi Coconut Milkpowder,100.0,0,6,100.0,100,False,100,0.0,100.0,In Stock,No Discount
Cooking Essentials,On1y Pepper Grinder,159.0,9,1,144.0,50,False,50,15.0,318.0,Low Stock,Low (1-10%)
Cooking Essentials,Popular Essentials Rice Flour,60.0,0,3,60.0,1000,False,1,0.0,6.0,In Stock,No Discount
Cooking Essentials,Sunfeast Yippee! Pasta Treat - Sour Cream Onion,28.0,10,1,25.0,65,False,65,3.0,43.07692307692308,Low Stock,Low (1-10%)
Cooking Essentials,24 Mantra Organic Brown Sona Masoori Rice,95.0,0,6,95.0,1000,False,1,0.0,9.5,In Stock,No Discount
Cooking Essentials,Happilo Premium Afghani Anjeer,365.0,29,2,256.0,200,False,200,109.0,182.5,Low Stock,High (21%+)
Cooking Essentials,Popular Essentials Chiroti Sooji,35.0,2,6,34.0,500,False,500,1.0,7.000000000000001,In Stock,Low (1-10%)
Cooking Essentials,RRO Til Dil Premium Til Oil Bottle,330.0,10,5,294.0,1000,False,1,36.0,33.0,In Stock,Low (1-10%)
Cooking Essentials,Popular Essentials Red Rajma,90.0,10,6,81.0,500,False,500,9.0,18.0,In Stock,Low (1-10%)
Cooking Essentials,Cornitos Peanut - Premium Salted,120.0,10,6,108.0,150,False,150,12.0,80.0,In Stock,Low (1-10%)
Cooking Essentials,Popular Essentials Black Pepper,100.0,10,5,90.0,100,False,100,10.0,100.0,In Stock,Low (1-10%)
Cooking Essentials,24 Mantra Organic Tur Dal - Split,130.0,7,6,120.0,500,False,500,10.0,26.0,In Stock,Low (1-10%)
Cooking Essentials,Sugarfree Gold Low Calorie Sweetner,65.0,6,3,61.0,110,False,100,4.0,59.09090909090909,In Stock,Low (1-10%)
Cooking Essentials,Ching's Secret Paneer Chilli Masala,10.0,0,2,10.0,20,False,20,0.0,50.0,Low Stock,No Discount
Cooking Essentials,Dabur Honey,220.0,7,3,204.0,500,False,500,16.0,44.0,In Stock,Low (1-10%)
Cooking Essentials,Everest Tea Masala,55.0,9,2,50.0,50,False,50,5.0,110.00000000000001,Low Stock,Low (1-10%)
Cooking Essentials,Ching's Paneer Chilli Masala,44.0,0,4,44.0,60,False,60,0.0,73.33333333333333,In Stock,No Discount
Cooking Essentials,Sunfeast YiPPee! Magic Masala Noodles,70.0,10,3,63.0,405,False,405,7.0,17.28395061728395,In Stock,Low (1-10%)
Cooking Essentials,Everest Meat Masala Powder,74.0,9,3,67.0,100,False,100,7.0,74.0,In Stock,Low (1-10%)
Cooking Essentials,Pillsbury Atta With Multigrains Wheat Grains,295.0,16,6,245.0,5000,False,5,50.0,5.8999999999999995,In Stock,Mid (11-20%)
Cooking Essentials,Mother's Recipe Tamarind Paste,50.0,2,6,49.0,200,False,200,1.0,25.0,In Stock,Low (1-10%)
Cooking Essentials,Quaker Oats Breakfast Cereals - With Flavour Mix Nutritious Rich Source Of Energy,49.0,8,6,45.0,200,False,200,4.0,24.5,In Stock,Low (1-10%)
Cooking Essentials,Popular Essentials Cloves (Lavang),75.0,17,6,62.0,50,False,50,13.0,150.0,In Stock,Mid (11-20%)
Cooking Essentials,Sunfeast Yippee! Power Up Atta Noodles,96.0,15,6,81.0,280,False,280,15.0,34.285714285714285,In Stock,Mid (11-20%)
Cooking Essentials,Suhana Paneer Tikka Masala Mix,40.0,5,6,38.0,50,False,50,2.0,80.0,In Stock,Low (1-10%)
Cooking Essentials,24 Mantra Turmeric Powder,35.0,2,6,34.0,100,False,100,1.0,35.0,In Stock,Low (1-10%)
Cooking Essentials,24 Mantra Super Grain Quinoa,190.0,0,4,190.0,500,False,500,0.0,38.0,In Stock,No Discount
Cooking Essentials,Everest Powder - Egg Curry Masala,40.0,2,6,39.0,50,False,50,1.0,80.0,In Stock,Low (1-10%)
Cooking Essentials,Popular Essentials Pe Shah Jeera,60.0,15,6,51.0,50,False,50,9.0,120.0,In Stock,Mid (11-20%)
Cooking Essentials,24 Mantra Organic Sattu Atta,95.0,0,6,95.0,500,False,500,0.0,19.0,In Stock,No Discount
Cooking Essentials,Smith & Jones Pasta Masala,46.0,0,6,46.0,54,False,54,0.0,85.18518518518519,In Stock,No Discount
Cooking Essentials,Weikfield Vanilla Custard Powder,142.0,9,3,128.0,500,False,500,14.0,28.4,In Stock,Low (1-10%)
Cooking Essentials,Sugarfree Natura Low Calorie Sweetner,300.0,10,3,270.0,42,False,42,30.0,714.2857142857143,In Stock,Low (1-10%)
Cooking Essentials,Pillsbury Vanilla Custard Powder,37.0,2,6,36.0,100,False,100,1.0,37.0,In Stock,Low (1-10%)
Cooking Essentials,24 Mantra Organic Rajma,145.0,0,6,145.0,500,False,500,0.0,28.999999999999996,In Stock,No Discount
Cooking Essentials,Popular Essentials Broken Wheat/Daliya,35.0,2,6,34.0,500,False,500,1.0,7.000000000000001,In Stock,Low (1-10%)
Cooking Essentials,Zorabian Chicken Smoked Ham,205.0,5,1,194.0,250,False,250,11.0,82.0,Low Stock,Low (1-10%)
Cooking Essentials,Smith & Jones Peri Peri Masala,99.0,0,6,99.0,75,False,75,0.0,132.0,In Stock,No Discount
Cooking Essentials,Saffola Veggie Twist Masala Oats,195.0,12,2,171.0,500,False,500,24.0,39.0,Low Stock,Mid (11-20%)
Cooking Essentials,Popular Essentials Urad Dal Split (Un-Polished),85.0,9,5,77.0,500,False,500,8.0,17.0,In Stock,Low (1-10%)
Cooking Essentials,Weikfield Baking Powder,22.0,0,6,22.0,50,False,50,0.0,44.0,In Stock,No Discount
Cooking Essentials,Popular Essentials Bajra Whole,65.0,13,6,56.0,1000,False,1,9.0,6.5,In Stock,Mid (11-20%)
Cooking Essentials,Weikfield Veg Jelly Crystals - Strawberry,45.0,2,6,44.0,90,False,90,1.0,50.0,In Stock,Low (1-10%)
Cooking Essentials,Weikfield Veg Jelly Crystals - Raspberry,45.0,2,6,44.0,90,False,90,1.0,50.0,In Stock,Low (1-10%)
Cooking Essentials,Popular Essentials Masoor Dal Split (Un-Polished),70.0,10,4,63.0,500,False,500,7.0,14.000000000000002,In Stock,Low (1-10%)
Cooking Essentials,Popular Essentials Ajwain Whole,50.0,12,2,44.0,100,False,100,6.0,50.0,Low Stock,Mid (11-20%)
Cooking Essentials,Popular Essentials Pista Salted (With Shell),470.0,21,5,371.0,250,False,250,99.0,188.0,In Stock,High (21%+)
Cooking Essentials,The Bake Shop Bread Crumbs,50.0,6,3,47.0,400,False,400,3.0,12.5,In Stock,Low (1-10%)
Cooking Essentials,Popular Essentials Horse Gram,40.0,10,4,36.0,500,False,500,4.0,8.0,In Stock,Low (1-10%)
Cooking Essentials,Hershey's Chocolate Syrup,95.0,0,4,95.0,200,False,200,0.0,47.5,In Stock,No Discount
Cooking Essentials,Godrej Yummiez Chilli Chicken Sausages,160.0,10,3,144.0,250,False,250,16.0,64.0,In Stock,Low (1-10%)
Cooking Essentials,Everest Kasuri Methi,25.0,0,6,25.0,25,False,25,0.0,100.0,In Stock,No Discount
Cooking Essentials,Satyam Makhana,208.0,0,6,208.0,100,False,100,0.0,208.0,In Stock,No Discount
Cooking Essentials,Everest Tandoori Chicken Masala,39.0,2,5,38.0,50,False,50,1.0,78.0,In Stock,Low (1-10%)
Cooking Essentials,Weikfield Falooda Mix - Kesar Pista,49.0,2,3,48.0,200,False,200,1.0,24.5,In Stock,Low (1-10%)
Cooking Essentials,Weikfield Cocoa Powder,70.0,7,6,65.0,50,False,50,5.0,140.0,In Stock,Low (1-10%)
Cooking Essentials,Pantai Coconut Cream,150.0,4,4,143.0,400,False,400,7.0,37.5,In Stock,Low (1-10%)
Cooking Essentials,Popular Essentials Coriander Seeds,15.0,0,5,15.0,50,False,50,0.0,30.0,In Stock,No Discount
Cooking Essentials,Ching's Singapore Curry Instant Noodles,60.0,0,4,60.0,240,False,240,0.0,25.0,In Stock,No Discount
Cooking Essentials,Eastern Fish Masala,48.0,2,5,47.0,100,False,100,1.0,48.0,In Stock,Low (1-10%)
Cooking Essentials,Pillsbury Atta/Godihittu - Chakki Fresh,275.0,0,6,275.0,5000,False,5,0.0,5.5,In Stock,No Discount
Cooking Essentials,"Oleev Smart Oil Fortified with VIT A, D, E & K (Pouch)",215.0,9,4,194.0,1000,False,1,21.0,21.5,In Stock,Low (1-10%)
Cooking Essentials,Everest Dry Ginger Powder,75.0,9,4,68.0,100,False,100,7.0,75.0,In Stock,Low (1-10%)
Cooking Essentials,Pillsbury Cooker Cake Mix - Choco,100.0,11,6,89.0,159,False,159,11.0,62.893081761006286,In Stock,Mid (11-20%)
Cooking Essentials,Hersheys Chocolate Almond Syrup,200.0,0,2,200.0,450,False,450,0.0,44.44444444444444,Low Stock,No Discount
Cooking Essentials,Satyam Nighties Spices  Chilli Pandi,56.0,7,5,52.0,100,False,100,4.0,56.00000000000001,In Stock,Low (1-10%)
Cooking Essentials,Popular Essentials Popular Essential Pista Salted (With Shell),190.0,10,6,171.0,100,False,100,19.0,190.0,In Stock,Low (1-10%)
Cooking Essentials,Godrej Yummiez Chicken Punjabi Tikka,295.0,9,6,266.0,360,False,360,29.0,81.94444444444444,In Stock,Low (1-10%)
Cooking Essentials,Popular Essentials Rozana Sona Masuri Raw Rice,350.0,10,5,312.0,5000,False,5,38.0,7.000000000000001,In Stock,Low (1-10%)
Cooking Essentials,24 Mantra Mustard Oil (Cold Pressed),350.0,10,6,312.0,1000,False,1,38.0,35.0,In Stock,Low (1-10%)
Cooking Essentials,24 Mantra Organic Black Pepper,170.0,7,6,157.0,100,False,100,13.0,170.0,In Stock,Low (1-10%)
Cooking Essentials,Popular Essentials Green Moong Whole,90.0,16,3,75.0,500,False,500,15.0,18.0,In Stock,Mid (11-20%)
Cooking Essentials,24 Mantra Organic Masoor Dal - Split,95.0,7,6,88.0,500,False,500,7.0,19.0,In Stock,Low (1-10%)
Cooking Essentials,Praakritik Organic Natural Rock Salt,60.0,6,3,56.0,500,False,500,4.0,12.0,In Stock,Low (1-10%)
Cooking Essentials,24 Mantra Sunflower Oil (Cold Pressed) Pet Bottle,390.0,11,5,347.0,1000,False,1,43.0,39.0,In Stock,Mid (11-20%)
Cooking Essentials,"Ching's Secret Instant Noodles, Hot Garlic",60.0,0,4,60.0,240,False,240,0.0,25.0,In Stock,No Discount
Cooking Essentials,Saffola Everyday Peppy Tomato Masala Oats,195.0,12,6,171.0,500,False,500,24.0,39.0,In Stock,Mid (11-20%)
Cooking Essentials,Dabur 100% Pure Honey - Worlds No.1,430.0,10,6,387.0,1000,False,1,43.0,43.0,In Stock,Low (1-10%)
Cooking Essentials,Popular Essentials Star Anise,70.0,10,5,63.0,25,False,25,7.0,280.0,In Stock,Low (1-10%)
Cooking Essentials,Ching's Secret Chicken 65 Masala - Chicken,10.0,0,5,10.0,20,False,20,0.0,50.0,In Stock,No Discount
Cooking Essentials,Cadbury Cocoa Powder,223.0,5,6,211.0,150,False,150,12.0,148.66666666666666,In Stock,Low (1-10%)
Cooking Essentials,Praakritik Natural Desi Gir Cow A2 Ghee,1450.0,10,6,1305.0,540,False,540,145.0,268.51851851851853,In Stock,Low (1-10%)
Cooking Essentials,Praakritik Organic Poha,120.0,6,5,112.0,500,False,500,8.0,24.0,In Stock,Low (1-10%)
Cooking Essentials,Praakritik Organic Natural Wild Forest Honey,160.0,6,4,150.0,200,False,200,10.0,80.0,In Stock,Low (1-10%)
Cooking Essentials,Popular Essentials Dry Dates (Kharak),140.0,15,6,118.0,250,False,250,22.0,56.00000000000001,In Stock,Mid (11-20%)
Cooking Essentials,Popular Essentials Kashmiri Red Rajma,95.0,6,4,89.0,500,False,500,6.0,19.0,In Stock,Low (1-10%)
Cooking Essentials,Dabur Hommade - Garlic Paste,50.0,6,6,47.0,200,False,200,3.0,25.0,In Stock,Low (1-10%)
Cooking Essentials,Dabur 100% Pure Honey,330.0,10,1,297.0,400,False,400,33.0,82.5,Low Stock,Low (1-10%)
Cooking Essentials,Ching's Schezwan Fried Rice(Miracle Masala),44.0,0,5,44.0,60,False,60,0.0,73.33333333333333,In Stock,No Discount
Cooking Essentials,"""Maggi Magic Cubes, Vegetarian Masala""",35.0,2,1,34.0,40,False,40,1.0,87.5,Low Stock,Low (1-10%)
Cooking Essentials,Everest Tandoori Chicken Masala,74.0,9,3,67.0,100,False,100,7.0,74.0,In Stock,Low (1-10%)
Cooking Essentials,Popular Essentials Red Poha,45.0,4,6,43.0,500,False,500,2.0,9.0,In Stock,Low (1-10%)
Cooking Essentials,Everest Kitchen King Masala,142.0,9,6,128.0,200,False,200,14.0,71.0,In Stock,Low (1-10%)
Cooking Essentials,Pillsbury Oven Cake Mix - Rich Chocolate,165.0,10,5,147.0,285,False,285,18.0,57.89473684210527,In Stock,Low (1-10%)
Cooking Essentials,Eastern Super Garam Masala,74.0,6,2,69.0,200,False,200,5.0,37.0,Low Stock,Low (1-10%)
Cooking Essentials,Maggi Magic Cubes Extra Chicken,40.0,2,6,39.0,48,False,48,1.0,83.33333333333334,In Stock,Low (1-10%)
Cooking Essentials,Satyam Nighties Spices  Chilli Kashmiri,102.0,6,6,95.0,100,False,100,7.0,102.0,In Stock,Low (1-10%)
Cooking Essentials,Eastern Cumin Powder,49.0,2,6,48.0,100,False,100,1.0,49.0,In Stock,Low (1-10%)
Cooking Essentials,Popular Essentials Urad Gola White(Un-Polished),90.0,10,6,81.0,500,False,500,9.0,18.0,In Stock,Low (1-10%)
Cooking Essentials,24 Mantra Organic Chana Dal,95.0,6,5,89.0,500,False,500,6.0,19.0,In Stock,Low (1-10%)
Cooking Essentials,Delight Nuts Cashew Roasted & Salted,425.0,20,6,340.0,200,False,200,85.0,212.5,In Stock,Mid (11-20%)
Cooking Essentials,Popular Essentials Mace/Javitri,90.0,10,3,81.0,20,False,20,9.0,450.0,In Stock,Low (1-10%)
Cooking Essentials,Dlicia Whip Topping Bottle,235.0,27,5,171.0,1000,False,1,64.0,23.5,In Stock,High (21%+)
Cooking Essentials,Mother's Recipe Paste Ginger & Garlic,76.0,10,4,68.0,300,False,300,8.0,25.333333333333336,In Stock,Low (1-10%)
Cooking Essentials,24 Mantra Groundnut Oil (Cold Pressed) Pet Bottle,410.0,10,6,369.0,1000,False,1,41.0,41.0,In Stock,Low (1-10%)
Cooking Essentials,Satyam Pulses Masur Dal,87.0,6,6,81.0,500,False,500,6.0,17.4,In Stock,Low (1-10%)
Cooking Essentials,Delight Nuts Pista Roasted & Salted,425.0,20,6,340.0,200,False,200,85.0,212.5,In Stock,Mid (11-20%)
Cooking Essentials,"Top Ramen Noodles, Atta",80.0,0,1,80.0,280,False,280,0.0,28.57142857142857,Low Stock,No Discount
Cooking Essentials,Hershey's Cocoa Powder,95.0,0,5,95.0,70,False,70,0.0,135.71428571428572,In Stock,No Discount
Cooking Essentials,Praakritik Organic Singhara Atta,240.0,6,4,225.0,500,False,500,15.0,48.0,In Stock,Low (1-10%)
Cooking Essentials,Gits Veg Biryani Ready to Eat,110.0,10,6,99.0,265,False,265,11.0,41.509433962264154,In Stock,Low (1-10%)
Cooking Essentials,Delight Nuts Cranberries Sliced,299.0,20,6,239.0,200,False,200,60.0,149.5,In Stock,Mid (11-20%)
Cooking Essentials,Borges Durum Wheat Pasta Superior Quality,250.0,40,6,149.0,500,False,500,101.0,50.0,In Stock,High (21%+)
Cooking Essentials,Ceres Foods Laal Maas Instant Liquid Masala,220.0,50,5,110.0,200,False,200,110.0,110.00000000000001,In Stock,High (21%+)
Cooking Essentials,Popular Essentials Sattu Atta,90.0,12,3,79.0,500,False,500,11.0,18.0,In Stock,Mid (11-20%)
Cooking Essentials,Popular Essentials Mustard Seeds Rai Yellow,25.0,0,5,25.0,100,False,100,0.0,25.0,In Stock,No Discount
Cooking Essentials,Praakritik Organic Extra Virgin Coconut Oil,150.0,10,5,134.0,100,False,100,16.0,150.0,In Stock,Low (1-10%)
Cooking Essentials,Praakritik Organic Garlic Powder,110.0,1,5,108.0,100,False,100,2.0,110.00000000000001,In Stock,Low (1-10%)
Cooking Essentials,Sugarfree Gold Low Calorie Sweetner,125.0,5,6,118.0,100,False,100,7.0,125.0,In Stock,Low (1-10%)
Cooking Essentials,Aashirvaad Breakfast Instant Mix - Rice Idli,75.0,30,6,52.0,200,False,200,23.0,37.5,In Stock,High (21%+)
Cooking Essentials,Kitchens Of India Mutter Paneer,130.0,4,6,124.0,285,False,285,6.0,45.614035087719294,In Stock,Low (1-10%)
Cooking Essentials,Ching's Secret Veg Manchurian Masala,44.0,0,6,44.0,60,False,60,0.0,73.33333333333333,In Stock,No Discount
Cooking Essentials,Popular Essentials Jowa Flour,50.0,2,5,49.0,500,False,500,1.0,10.0,In Stock,Low (1-10%)
Cooking Essentials,Everest Shahi Biryani Masala,245.0,0,6,245.0,200,False,200,0.0,122.50000000000001,In Stock,No Discount
Cooking Essentials,Popular Essentials Black Til,50.0,6,4,47.0,100,False,100,3.0,50.0,In Stock,Low (1-10%)
Cooking Essentials,Popular Essentials Pancharatna Dal,80.0,10,6,72.0,500,False,500,8.0,16.0,In Stock,Low (1-10%)
Cooking Essentials,Saffola 100% Pure Honey,475.0,8,2,437.0,1000,False,750,38.0,47.5,Low Stock,Low (1-10%)
Cooking Essentials,Popular Essentials Tamarind,150.0,14,6,128.0,500,False,500,22.0,30.0,In Stock,Mid (11-20%)
Cooking Essentials,Gits Rice Dosa Instant Breakfast Mix,60.0,5,5,57.0,200,False,200,3.0,30.0,In Stock,Low (1-10%)
Cooking Essentials,Popular Essentials Poppy Seeds (Gasagase),280.0,7,6,260.0,100,False,100,20.0,280.0,In Stock,Low (1-10%)
Cooking Essentials,Hershey's Hot Chocolate Powder,210.0,0,4,210.0,250,False,250,0.0,84.0,In Stock,No Discount
Cooking Essentials,Borges Farfalle Durum Wheat Pasta,250.0,0,5,250.0,500,False,500,0.0,50.0,In Stock,No Discount
Cooking Essentials,Satyam Chilli  Bedgi,82.0,10,5,73.0,100,False,100,9.0,82.0,In Stock,Low (1-10%)
Cooking Essentials,Aashirvaad Instant Mix - Rice Dosa,75.0,30,6,52.0,200,False,200,23.0,37.5,In Stock,High (21%+)
Cooking Essentials,Hershey's Cocoa - Natural Unsweetened,270.0,10,4,243.0,225,False,225,27.0,120.0,In Stock,Low (1-10%)
Cooking Essentials,Weikfield Veg Jelly Crystals - Mango,45.0,2,6,44.0,90,False,90,1.0,50.0,In Stock,Low (1-10%)
Cooking Essentials,Praakritik Orrganic Cold Pressed Sesame Oil,130.0,10,5,117.0,100,False,100,13.0,130.0,In Stock,Low (1-10%)
Cooking Essentials,Amulya Dairy Whitener,380.0,2,4,372.0,1000,False,1,8.0,38.0,In Stock,Low (1-10%)
Cooking Essentials,ITC Master Chef Hyderabadi Biryani,75.0,30,5,52.0,80,False,80,23.0,93.75,In Stock,High (21%+)
Cooking Essentials,Flying Bird Butter Scotch Essence,50.0,2,6,49.0,20,False,20,1.0,250.0,In Stock,Low (1-10%)
Cooking Essentials,Dabur Hommade - Ginger Paste,50.0,6,6,47.0,200,False,200,3.0,25.0,In Stock,Low (1-10%)
Cooking Essentials,Popular Essentials Green Peas (Un-Polished),120.0,10,5,108.0,500,False,500,12.0,24.0,In Stock,Low (1-10%)
Cooking Essentials,Quaker Oats Pouch,276.0,10,6,248.0,1500,False,1,28.0,18.4,In Stock,Low (1-10%)
Cooking Essentials,24 Mantra Organic Urad White Whole,145.0,15,4,122.0,500,False,500,23.0,28.999999999999996,In Stock,Mid (11-20%)
Cooking Essentials,Popular Essentials Guntur Chilli Stemless,40.0,2,2,39.0,100,False,100,1.0,40.0,Low Stock,Low (1-10%)
Cooking Essentials,Popular Essentials Moth Whole,90.0,10,6,81.0,500,False,500,9.0,18.0,In Stock,Low (1-10%)
Cooking Essentials,Keya Pizza Seasoning,109.0,17,6,90.0,45,False,45,19.0,242.2222222222222,In Stock,Mid (11-20%)
Cooking Essentials,Keya Piri Piri | Exotic Spices Mix,109.0,20,6,87.0,80,False,80,22.0,136.25,In Stock,Mid (11-20%)
Cooking Essentials,24 Mantra Organic Moong Dal,135.0,7,6,125.0,500,False,500,10.0,27.0,In Stock,Low (1-10%)
Cooking Essentials,Betty Crocker French Vanilla Cake Mix,310.0,10,6,276.0,520,False,520,34.0,59.61538461538461,In Stock,Low (1-10%)
Cooking Essentials,Delight Nuts Dried Cranberries,340.0,20,6,272.0,200,False,200,68.0,170.0,In Stock,Mid (11-20%)
Cooking Essentials,Everest Kesari Milk Masala,205.0,0,2,205.0,50,False,50,0.0,409.99999999999994,Low Stock,No Discount
Cooking Essentials,Tong Garden Salted Cocktail Nuts,295.0,9,5,266.0,160,False,160,29.0,184.375,In Stock,Low (1-10%)
Cooking Essentials,MTR Uttapam Mix,165.0,5,6,156.0,500,False,500,9.0,33.0,In Stock,Low (1-10%)
Cooking Essentials,Gits Khaman Dhokla Instant Snack Mix,65.0,6,6,61.0,180,False,180,4.0,36.11111111111111,In Stock,Low (1-10%)
Cooking Essentials,Happilo Premium 100% Natural Whole Cashews,335.0,29,6,235.0,200,False,200,100.0,167.5,In Stock,High (21%+)
Cooking Essentials,Everest Dry Mango Powder,80.0,0,5,80.0,100,False,100,0.0,80.0,In Stock,No Discount
Cooking Essentials,Dabur Hommade - Ginger Garlic Past Tub,110.0,5,6,104.0,400,False,400,6.0,27.500000000000004,In Stock,Low (1-10%)
Cooking Essentials,Everest Chicken Masala,147.0,10,6,132.0,200,False,200,15.0,73.5,In Stock,Low (1-10%)
Cooking Essentials,Gits Medu Vada Instant Snack Mix,90.0,4,6,86.0,200,False,200,4.0,45.0,In Stock,Low (1-10%)
Cooking Essentials,Weikfield Drinking Chocolate Powder,65.0,10,6,58.0,100,False,100,7.0,65.0,In Stock,Low (1-10%)
Cooking Essentials,Popular Essentials Regular White Lobia,70.0,10,6,63.0,500,False,500,7.0,14.000000000000002,In Stock,Low (1-10%)
Cooking Essentials,Puro Healthy Salt Crystal,135.0,7,6,125.0,1000,False,1,10.0,13.5,In Stock,Low (1-10%)
Cooking Essentials,Popular Essentials Premium Jeera Rice,140.0,0,5,140.0,1000,False,1,0.0,14.000000000000002,In Stock,No Discount
Cooking Essentials,Smith & Jones Shahi Paneer Masala Mix,44.0,0,6,44.0,60,False,60,0.0,73.33333333333333,In Stock,No Discount
Cooking Essentials,Betty Crocker Mug Treats - Chocolate Mix - Pack of 4,200.0,11,6,178.0,264,False,264,22.0,75.75757575757575,In Stock,Mid (11-20%)
Cooking Essentials,Smith & Jones Pasta Masala,60.0,10,5,54.0,108,False,108,6.0,55.55555555555556,In Stock,Low (1-10%)
Cooking Essentials,Catch Black Pepper Sprinkler,100.0,0,1,100.0,50,False,50,0.0,200.0,Low Stock,No Discount
Cooking Essentials,Weikfield Cooker Cake Mix - Chocolate,95.0,6,6,89.0,150,False,150,6.0,63.33333333333333,In Stock,Low (1-10%)
Cooking Essentials,ITC Master Chef Butter Chicken,75.0,30,6,52.0,80,False,80,23.0,93.75,In Stock,High (21%+)
Cooking Essentials,Masala Oats Masala & Coriander,195.0,9,5,176.0,500,False,500,19.0,39.0,In Stock,Low (1-10%)
Cooking Essentials,Smith & Jones Mutter Paneer Masala,42.0,0,6,42.0,60,False,60,0.0,70.0,In Stock,No Discount
Cooking Essentials,Kitchens of India Dal Bukhara Gravy Mix,110.0,30,6,77.0,285,False,285,33.0,38.59649122807017,In Stock,High (21%+)
Cooking Essentials,Popular Essentials Fried Gram (Bengal Gram),70.0,10,6,63.0,500,False,500,7.0,14.000000000000002,In Stock,Low (1-10%)
Cooking Essentials,Gits Jalebi with Maker Dessert Mix,75.0,16,6,63.0,100,False,100,12.0,75.0,In Stock,Mid (11-20%)
Cooking Essentials,Popular Essentials Soya Beans,80.0,6,6,75.0,500,False,500,5.0,16.0,In Stock,Low (1-10%)
Cooking Essentials,24 Mantra Organic Roasted Bengal Gram Dal,105.0,7,6,97.0,500,False,500,8.0,21.0,In Stock,Low (1-10%)
Cooking Essentials,Keya Italian Seasoning,109.0,10,6,98.0,35,False,35,11.0,311.42857142857144,In Stock,Low (1-10%)
Cooking Essentials,MTR Idli/Dosa/Chilly Chutney Powder,115.0,0,3,115.0,200,False,200,0.0,57.49999999999999,In Stock,No Discount
Cooking Essentials,Delight Nuts Trail Mix,399.0,25,6,299.0,200,False,200,100.0,199.5,In Stock,High (21%+)
Cooking Essentials,Praakritik Organic Chilka Moong Dal,120.0,10,6,108.0,500,False,500,12.0,24.0,In Stock,Low (1-10%)
Cooking Essentials,Smith & Jones Garlic & Herbs Masala Mix,99.0,0,6,99.0,75,False,75,0.0,132.0,In Stock,No Discount
Cooking Essentials,Eastern Tamarind,63.0,0,6,63.0,200,False,200,0.0,31.5,In Stock,No Discount
Cooking Essentials,Tong Garden Wasabi Coated Greenpeas Tin,200.0,11,6,178.0,180,False,180,22.0,111.11111111111111,In Stock,Mid (11-20%)
Cooking Essentials,Flying Bird Pineapple Artifical Food Essence,50.0,2,6,49.0,20,False,20,1.0,250.0,In Stock,Low (1-10%)
Cooking Essentials,Japanese Choice Udon Noodles,295.0,9,6,266.0,250,False,250,29.0,118.0,In Stock,Low (1-10%)
Cooking Essentials,Pantai Coconut Milk,150.0,0,4,150.0,400,False,400,0.0,37.5,In Stock,No Discount
Cooking Essentials,Praakritik Organic Masoor Dal,130.0,10,6,116.0,500,False,500,14.0,26.0,In Stock,Low (1-10%)
Cooking Essentials,Popular Essentials Classic Sona Masuri Rice,430.0,10,6,387.0,5000,False,5,43.0,8.6,In Stock,Low (1-10%)
Cooking Essentials,Popular Essentials Salted Murmure,70.0,18,6,57.0,400,False,400,13.0,17.5,In Stock,Mid (11-20%)
Cooking Essentials,Oleev Active Oil (Pouch),265.0,9,6,239.0,1000,False,1,26.0,26.5,In Stock,Low (1-10%)
Cooking Essentials,Delight Nuts Dried Blueberries,540.0,20,6,432.0,150,False,150,108.0,360.0,In Stock,Mid (11-20%)
Cooking Essentials,Popular Essentials Double Beans White,60.0,10,6,54.0,250,False,250,6.0,24.0,In Stock,Low (1-10%)
Cooking Essentials,Delight Nuts Almond Natural,349.0,20,6,279.0,200,False,200,70.0,174.5,In Stock,Mid (11-20%)
Cooking Essentials,Praakritik Organic Jaggery,160.0,6,6,150.0,900,False,900,10.0,17.77777777777778,In Stock,Low (1-10%)
Cooking Essentials,Praakritik Organic Raw Sugar,90.0,6,6,84.0,500,False,500,6.0,18.0,In Stock,Low (1-10%)
Cooking Essentials,MTR Masala - Sambar Powder,115.0,0,4,115.0,200,False,200,0.0,57.49999999999999,In Stock,No Discount
Cooking Essentials,RRO Til Dil Premium Til Oil Bottle,173.0,6,6,162.0,500,False,500,11.0,34.599999999999994,In Stock,Low (1-10%)
Cooking Essentials,ITC Master Chef Vegetable Biryani Cooking Paste,75.0,30,5,52.0,80,False,80,23.0,93.75,In Stock,High (21%+)
Cooking Essentials,Jivana Jaggery,100.0,0,2,100.0,950,False,950,0.0,10.526315789473683,Low Stock,No Discount
Cooking Essentials,Praakritik Organic Besan,170.0,6,6,159.0,500,False,500,11.0,34.0,In Stock,Low (1-10%)
Cooking Essentials,MTR Instant Gulab Jamun Mix,195.0,9,6,176.0,500,False,500,19.0,39.0,In Stock,Low (1-10%)
Cooking Essentials,Maggi Magic Cubes Extra Chicken,199.0,0,2,199.0,240,False,240,0.0,82.91666666666667,Low Stock,No Discount
Cooking Essentials,On1y Mixed Herbs,99.0,0,6,99.0,14,False,14,0.0,707.1428571428571,In Stock,No Discount
Cooking Essentials,Popular Essentials Urad Gola Black (Un-Polished),80.0,10,6,72.0,500,False,500,8.0,16.0,In Stock,Low (1-10%)
Cooking Essentials,Gits Dessert Mix China Grass Bombay Halwa,55.0,0,4,55.0,80,False,80,0.0,68.75,In Stock,No Discount
Cooking Essentials,Praakritik Organic Basmati Rice,170.0,0,5,170.0,500,False,500,0.0,34.0,In Stock,No Discount
Cooking Essentials,Ceres Foods Nalli Nihari Instant Liquid Masala,220.0,50,6,110.0,200,False,200,110.0,110.00000000000001,In Stock,High (21%+)
Cooking Essentials,Borges Canola Oil Pet Bottle,399.0,0,6,399.0,1000,False,1,0.0,39.900000000000006,In Stock,No Discount
Cooking Essentials,Suhana Biryani Masala,66.0,0,6,66.0,50,False,50,0.0,132.0,In Stock,No Discount
Cooking Essentials,On1y Black Salt Grinder,99.0,0,6,99.0,100,False,100,0.0,99.0,In Stock,No Discount
Cooking Essentials,Popular Essentials Nylon Til,40.0,2,6,39.0,100,False,100,1.0,40.0,In Stock,Low (1-10%)
Cooking Essentials,Pillsbury Rich Choco Oven Cake Mix - Egg Free,170.0,6,6,159.0,270,False,270,11.0,62.96296296296296,In Stock,Low (1-10%)
Cooking Essentials,Weikfield Tomato Salsa Instant Pasta,25.0,0,1,25.0,77,False,77,0.0,32.467532467532465,Low Stock,No Discount
Cooking Essentials,Praakritik Organic Jowar Atta,110.0,6,6,103.0,500,False,500,7.0,22.0,In Stock,Low (1-10%)
Cooking Essentials,Sugarfree Gold Low Calorie Sweetner,270.0,7,6,251.0,50,False,50,19.0,540.0,In Stock,Low (1-10%)
Cooking Essentials,Epicurea Thai Jasmine Rice,295.0,0,4,295.0,500,False,500,0.0,59.0,In Stock,No Discount
Cooking Essentials,Yummiez Chicken Garlic Fingers Pouch,250.0,0,5,250.0,400,False,400,0.0,62.5,In Stock,No Discount
Cooking Essentials,RRO Primio Refined Groundnut (Jar),490.0,11,6,436.0,2000,False,2,54.0,24.5,In Stock,Mid (11-20%)
Cooking Essentials,Praakritik Organic Tuvar Dal,140.0,0,6,140.0,500,False,500,0.0,28.000000000000004,In Stock,No Discount
Cooking Essentials,Sugarfree Gold Low Calorie Sweetner,185.0,5,3,175.0,300,False,300,10.0,61.66666666666667,In Stock,Low (1-10%)
Cooking Essentials,Cantina Beans Mexican Beans,250.0,14,6,213.0,410,False,410,37.0,60.97560975609756,In Stock,Mid (11-20%)
Cooking Essentials,Pillsbury Oven Cake Mix - Vanilla,175.0,10,6,156.0,225,False,225,19.0,77.77777777777779,In Stock,Low (1-10%)
Cooking Essentials,Hershey's Chocolate Milk Booster,200.0,0,6,200.0,450,False,450,0.0,44.44444444444444,In Stock,No Discount
Cooking Essentials,Popular Essentials Byadagi Chilli Stemless,80.0,0,6,80.0,100,False,100,0.0,80.0,In Stock,No Discount
Cooking Essentials,Suhana Spice Mix - Chicken Biryani,66.0,0,6,66.0,50,False,50,0.0,132.0,In Stock,No Discount
Cooking Essentials,Praakritik Organic Yellow Moon Dal,135.0,0,6,135.0,500,False,500,0.0,27.0,In Stock,No Discount
Cooking Essentials,24 Mantra Sona Masuri Brown Rice,475.0,10,6,423.0,5000,False,5,52.0,9.5,In Stock,Low (1-10%)
Cooking Essentials,24 Mantra Organic Pancharatna Dal - Split,130.0,7,6,120.0,500,False,500,10.0,26.0,In Stock,Low (1-10%)
Cooking Essentials,24 Mantra Organic Cumin Powder,70.0,0,6,70.0,100,False,100,0.0,70.0,In Stock,No Discount
Cooking Essentials,Popular Essentials Samba Broken Wheat,100.0,11,6,89.0,500,False,500,11.0,20.0,In Stock,Mid (11-20%)
Cooking Essentials,Betty Crocker Chocolate Fudge Cake Mix,295.0,0,6,295.0,475,False,475,0.0,62.10526315789474,In Stock,No Discount
Cooking Essentials,Borges Extra Light Olive Oil Bottle,2600.0,46,6,1399.0,2000,False,2,1201.0,130.0,In Stock,High (21%+)
Cooking Essentials,Flying Bird Premium Orange Artificial Food Essence,60.0,0,6,60.0,20,False,20,0.0,300.0,In Stock,No Discount
Cooking Essentials,Popular Essentials Red Cherry/Gundu Chilli,95.0,0,6,95.0,100,False,100,0.0,95.0,In Stock,No Discount
Cooking Essentials,Super Saver Kolam Rice Sortex Clean,700.0,10,3,630.0,5000,False,5,70.0,14.000000000000002,In Stock,Low (1-10%)
Cooking Essentials,Flying Bird Food Essence - Kewra,50.0,0,6,50.0,20,False,20,0.0,250.0,In Stock,No Discount
Cooking Essentials,MTR Vada Breakfast,200.0,0,1,200.0,500,False,500,0.0,40.0,Low Stock,No Discount
Cooking Essentials,On1y Pasta Seasoning,99.0,0,6,99.0,30,False,30,0.0,330.0,In Stock,No Discount
Cooking Essentials,Praakritik Organic Indrayani Rice,70.0,0,6,70.0,500,False,500,0.0,14.000000000000002,In Stock,No Discount
Cooking Essentials,On1y Pizza Seasoning,99.0,0,6,99.0,28,False,28,0.0,353.57142857142856,In Stock,No Discount
Cooking Essentials,Kitchens of India Mutter Paneer Mix,120.0,30,4,84.0,285,False,285,36.0,42.10526315789473,In Stock,High (21%+)
Cooking Essentials,Aashirvaad Svasti Cow Ghee Tetra Pack,295.0,0,6,295.0,500,False,500,0.0,59.0,In Stock,No Discount
Cooking Essentials,Weikfield Cooker Cake Mix - Vanilla,95.0,0,6,95.0,150,False,150,0.0,63.33333333333333,In Stock,No Discount
Cooking Essentials,Praakritik Organic Kapli Wheat Atta,165.0,10,6,147.0,1000,False,1,18.0,16.5,In Stock,Low (1-10%)
Cooking Essentials,Epicurea Sushi Rice,295.0,0,6,295.0,500,False,500,0.0,59.0,In Stock,No Discount
Cooking Essentials,Sugarfree Natural Green Stevia Leaves Zero Calorie,75.0,0,2,75.0,100,False,100,0.0,75.0,Low Stock,No Discount
Cooking Essentials,Smith & Jones Italian Spices Masala Mix,99.0,0,6,99.0,75,False,75,0.0,132.0,In Stock,No Discount
Cooking Essentials,Satyam Nighties Spices  Chilli Bore,89.0,10,6,80.0,100,False,100,9.0,89.0,In Stock,Low (1-10%)
Cooking Essentials,Weikfield Veg Jelly Crystals - Orange,45.0,2,6,44.0,90,False,90,1.0,50.0,In Stock,Low (1-10%)
Cooking Essentials,Praakritik Organic Jumbo Rolled Oats,190.0,11,6,169.0,500,False,500,21.0,38.0,In Stock,Mid (11-20%)
Cooking Essentials,On1y Sea Salt Grinder,89.0,0,6,89.0,100,False,100,0.0,89.0,In Stock,No Discount
Cooking Essentials,Delight Nuts Berries Mix,399.0,20,6,319.0,200,False,200,80.0,199.5,In Stock,Mid (11-20%)
Cooking Essentials,Praakritik Organic Ginger Powder,139.0,10,6,125.0,100,False,100,14.0,139.0,In Stock,Low (1-10%)
Cooking Essentials,Suhana Mutton Gravy Mix,45.0,0,4,45.0,80,False,80,0.0,56.25,In Stock,No Discount
Cooking Essentials,On1y Salad Seasoning Grinder,139.0,0,6,139.0,45,False,45,0.0,308.8888888888889,In Stock,No Discount
Cooking Essentials,Figaro Pure Olive Oil,325.0,8,1,299.0,200,False,200,26.0,162.5,Low Stock,Low (1-10%)
Cooking Essentials,Madhur Sugar,60.0,6,0,56.0,1000,True,1,4.0,6.0,Out of Stock,Low (1-10%)
Cooking Essentials,Amul Fresh Cream,63.0,0,0,63.0,250,True,250,0.0,25.2,Out of Stock,No Discount
Cooking Essentials,Madhur Pure And Hygienic Sugar,295.0,9,0,266.0,5000,True,5,29.0,5.8999999999999995,Out of Stock,Low (1-10%)
Cooking Essentials,Satyam Poha Jada,35.0,8,0,32.0,500,True,500,3.0,7.000000000000001,Out of Stock,Low (1-10%)
Cooking Essentials,Aashirvaad Superior MP Whole Wheat Atta,53.0,1,0,52.0,1000,True,1,1.0,5.3,Out of Stock,Low (1-10%)
Cooking Essentials,Fortune Soyabean Oil,210.0,13,0,181.0,1000,True,1,29.0,21.0,Out of Stock,Mid (11-20%)
Cooking Essentials,Maggi Masala Ae Magic,58.0,6,0,54.0,72,True,72,4.0,80.55555555555556,Out of Stock,Low (1-10%)
Cooking Essentials,Aashirvaad Iodised Salt,22.0,13,0,19.0,1000,True,1,3.0,2.1999999999999997,Out of Stock,Mid (11-20%)
Cooking Essentials,Maggi 2-Minute Instant Noodles - Masala,44.0,0,0,44.0,280,True,280,0.0,15.714285714285714,Out of Stock,No Discount
Cooking Essentials,Popular Essentials Phool Makhana (Jumbo Size),150.0,14,0,128.0,100,True,100,22.0,150.0,Out of Stock,Mid (11-20%)
Cooking Essentials,Aashirvaad Atta With Mutigrains,315.0,8,0,287.0,5000,True,5,28.0,6.3,Out of Stock,Low (1-10%)
Cooking Essentials,Tata Sampann Poha,44.0,6,0,41.0,500,True,500,3.0,8.799999999999999,Out of Stock,Low (1-10%)
Cooking Essentials,Fortune Besan Flour,120.0,0,0,120.0,1000,True,1,0.0,12.0,Out of Stock,No Discount
Cooking Essentials,Popular Essentials Toor Dal (Un-Polished),80.0,7,0,74.0,500,True,500,6.0,16.0,Out of Stock,Low (1-10%)
Cooking Essentials,Everest Tikhalal Hot & Red Chilly Powder,47.0,2,0,46.0,100,True,100,1.0,47.0,Out of Stock,Low (1-10%)
Cooking Essentials,Popular Essentials Chia Seeds,50.0,2,0,49.0,100,True,100,1.0,50.0,Out of Stock,Low (1-10%)
Cooking Essentials,Tata Sampann Unpolished Toor Dal/Arhar Dal,179.0,1,0,177.0,1000,True,200,2.0,17.9,Out of Stock,Low (1-10%)
Cooking Essentials,Everest Coriander Powder,32.0,3,0,31.0,100,True,100,1.0,32.0,Out of Stock,Low (1-10%)
Cooking Essentials,Satyam Thin Poha Patla,38.0,7,0,35.0,500,True,500,3.0,7.6,Out of Stock,Low (1-10%)
Cooking Essentials,Popular Essentials Sona Masouri Raw Rice,75.0,0,0,75.0,1000,True,1,0.0,7.5,Out of Stock,No Discount
Cooking Essentials,Tata Sampann High Protien Chana Dal - Split,64.0,0,0,64.0,500,True,500,0.0,12.8,Out of Stock,No Discount
Cooking Essentials,Satyam Singdana,119.0,6,0,111.0,500,True,500,8.0,23.799999999999997,Out of Stock,Low (1-10%)
Cooking Essentials,Tata Sampann Moong Chilka,88.0,6,0,82.0,500,True,500,6.0,17.599999999999998,Out of Stock,Low (1-10%)
Cooking Essentials,Tata Sampann High Protien Toor Dal - Split,91.0,2,0,89.0,500,True,500,2.0,18.2,Out of Stock,Low (1-10%)
Cooking Essentials,Ching's Chow Mein Hakka Noodles Masala,10.0,0,0,10.0,20,True,20,0.0,50.0,Out of Stock,No Discount
Cooking Essentials,Everest Chat Masala,65.0,9,0,59.0,100,True,100,6.0,65.0,Out of Stock,Low (1-10%)
Cooking Essentials,Popular Essentials Black Brown Chana (Un-Polished),55.0,9,0,50.0,500,True,500,5.0,11.0,Out of Stock,Low (1-10%)
Cooking Essentials,Dabur Ginger Garlic Paste,50.0,6,0,47.0,200,True,200,3.0,25.0,Out of Stock,Low (1-10%)
Cooking Essentials,Ching's Secret Veg Hakka Noodles,107.0,0,0,107.0,600,True,600,0.0,17.833333333333336,Out of Stock,No Discount
Cooking Essentials,Saffola Oats 100 % Natural,15.0,0,0,15.0,38,True,38,0.0,39.473684210526315,Out of Stock,No Discount
Cooking Essentials,Everest Kashmiri Lal Chilli Powder,310.0,10,0,279.0,500,True,500,31.0,62.0,Out of Stock,Low (1-10%)
Cooking Essentials,Popular Essentials Black Raisins Seedless,60.0,10,0,54.0,100,True,100,6.0,60.0,Out of Stock,Low (1-10%)
Cooking Essentials,Daawat Rozana Super Basmati Rice,79.0,0,0,79.0,1000,True,1,0.0,7.9,Out of Stock,No Discount
Cooking Essentials,Everest Cumin Powder (Jeera),30.0,3,0,29.0,50,True,50,1.0,60.0,Out of Stock,Low (1-10%)
Cooking Essentials,Everest Sambhar Masala,34.0,2,0,33.0,50,True,50,1.0,68.0,Out of Stock,Low (1-10%)
Cooking Essentials,Maggi Chilly Chow Cuppa Noodles,50.0,0,0,50.0,70,True,70,0.0,71.42857142857143,Out of Stock,No Discount
Cooking Essentials,Popular Essentials Mustard Seeds Rai Big,20.0,0,0,20.0,100,True,100,0.0,20.0,Out of Stock,No Discount
Cooking Essentials,Patanjali Cow's Ghee,565.0,0,0,565.0,1000,True,1,0.0,56.49999999999999,Out of Stock,No Discount
Cooking Essentials,Everest Amchur Powder,42.0,2,0,41.0,50,True,50,1.0,84.0,Out of Stock,Low (1-10%)
Cooking Essentials,Daawat Super Basmati Rice,185.0,8,0,169.0,1000,True,1,16.0,18.5,Out of Stock,Low (1-10%)
Cooking Essentials,Popular Essentials Sabudana,60.0,10,0,54.0,500,True,500,6.0,12.0,Out of Stock,Low (1-10%)
Cooking Essentials,Popular Essentials Brown Sugar,40.0,0,0,40.0,500,True,500,0.0,8.0,Out of Stock,No Discount
Cooking Essentials,Everest Coriander Powder,70.0,10,0,63.0,200,True,200,7.0,35.0,Out of Stock,Low (1-10%)
Cooking Essentials,Sunfeast Yippee! Magic Masala Noodles,48.0,6,0,45.0,240,True,240,3.0,20.0,Out of Stock,Low (1-10%)
Cooking Essentials,Tata Tea Gold,35.0,0,0,35.0,100,True,200,0.0,35.0,Out of Stock,No Discount
Cooking Essentials,Daawat Rozana Gold Basmati Rice,90.0,1,0,89.0,1000,True,1,1.0,9.0,Out of Stock,Low (1-10%)
Cooking Essentials,Top Ramen Masala,91.0,9,0,82.0,560,True,560,9.0,16.25,Out of Stock,Low (1-10%)
Cooking Essentials,Everest Turmeric Powder,67.0,10,0,60.0,200,True,200,7.0,33.5,Out of Stock,Low (1-10%)
Cooking Essentials,Popular Essentials Buckwheat Flour (Kuttu Atta),125.0,9,0,113.0,500,True,500,12.0,25.0,Out of Stock,Low (1-10%)
Cooking Essentials,Keya Italian Pizza Oregano,109.0,11,0,97.0,80,True,80,12.0,136.25,Out of Stock,Mid (11-20%)
Cooking Essentials,Chef's Basket Durum Wheat Penne Pasta,160.0,50,0,80.0,500,True,500,80.0,32.0,Out of Stock,High (21%+)
Cooking Essentials,Tata Sampann Kala Chana,125.0,0,0,125.0,1000,True,1,0.0,12.5,Out of Stock,No Discount
Cooking Essentials,India Gate Basmati Rice,210.0,0,0,210.0,1000,True,1,0.0,21.0,Out of Stock,No Discount
Cooking Essentials,24 Mantra Organic Whole Wheat Atta,64.0,7,0,59.0,1000,True,1,5.0,6.4,Out of Stock,Low (1-10%)
Cooking Essentials,Zorabian Chicken Kheema Parathas,190.0,0,0,190.0,300,True,300,0.0,63.33333333333333,Out of Stock,No Discount
Cooking Essentials,Sunfeast Pasta Treat Pack of Tomato Cheese,28.0,17,0,23.0,65,True,65,5.0,43.07692307692308,Out of Stock,Mid (11-20%)
Cooking Essentials,Sugarlite 50% Less Calories Sugar Pouch,99.0,40,0,59.0,500,True,500,40.0,19.8,Out of Stock,High (21%+)
Cooking Essentials,Popular Essentials Sabja/Basil Seeds,60.0,15,0,51.0,100,True,100,9.0,60.0,Out of Stock,Mid (11-20%)
Cooking Essentials,Patanjali Pure Honey,95.0,0,0,95.0,250,True,250,0.0,38.0,Out of Stock,No Discount
Cooking Essentials,Weikfield Falooda Mix - Mango,49.0,2,0,48.0,200,True,200,1.0,24.5,Out of Stock,Low (1-10%)
Cooking Essentials,Pro Nature Organic Sonamasoori Brown Rice,102.0,7,0,94.0,1000,True,1,8.0,10.2,Out of Stock,Low (1-10%)
Cooking Essentials,Maggi Special Masala Spicy Yummy Noodles,72.0,0,0,72.0,280,True,280,0.0,25.71428571428571,Out of Stock,No Discount
Cooking Essentials,Godrej Yummiez Chicken Breakfast Salami,150.0,4,0,143.0,250,True,250,7.0,60.0,Out of Stock,Low (1-10%)
Cooking Essentials,Everest Saffron Kesar,120.0,0,0,120.0,1,True,0,0.0,,Out of Stock,No Discount
Munchies,Maggi 2 Minute Masala Noodles,12.0,0,6,12.0,70,False,70,0.0,17.142857142857142,In Stock,No Discount
Munchies,iD Idli & Dosa Batter,80.0,15,6,68.0,1000,False,1,12.0,8.0,In Stock,Mid (11-20%)
Munchies,Tata Salt,24.0,0,6,24.0,1000,False,1,0.0,2.4,In Stock,No Discount
Munchies,Arden Eggs White,97.0,0,4,97.0,696,False,12,0.0,13.936781609195403,In Stock,No Discount
Munchies,Arden Eggs White,65.0,15,4,55.0,348,False,6,10.0,18.67816091954023,In Stock,Mid (11-20%)
Munchies,Fortune Sunlite Refined Sunflower (Pouch),230.0,4,6,219.0,1000,False,1,11.0,23.0,In Stock,Low (1-10%)
Munchies,Aashirvaad Superior MP Atta,250.0,2,6,245.0,5000,False,5,5.0,5.0,In Stock,Low (1-10%)
Munchies,Amul Pure Ghee (Pouch),255.0,2,6,249.0,500,False,500,6.0,51.0,In Stock,Low (1-10%)
Munchies,Arden Eggs Brown,85.0,7,4,79.0,348,False,6,6.0,24.42528735632184,In Stock,Low (1-10%)
Munchies,Tata Salt Lite,40.0,10,6,36.0,1000,False,1,4.0,4.0,In Stock,Low (1-10%)
Munchies,Saffola Gold Oil (Pouch),215.0,0,6,215.0,1000,False,1,0.0,21.5,In Stock,No Discount
Munchies,Fortune Sunlite Refined Sunflower (Jar),925.0,0,6,925.0,5000,False,5,0.0,18.5,In Stock,No Discount
Munchies,Fortune Rice Bran (Pouch),225.0,11,6,199.0,1000,False,1,26.0,22.5,In Stock,Mid (11-20%)
Munchies,Saffola Active Oil,210.0,0,6,210.0,1000,False,1,0.0,21.0,In Stock,No Discount
Munchies,Amul Pure Ghee (Pouch),505.0,1,2,499.0,1000,False,1,6.0,50.5,Low Stock,Low (1-10%)
Munchies,Aashirvaad Atta,460.0,13,6,399.0,10000,False,10,61.0,4.6,In Stock,Mid (11-20%)
Munchies,Popular Essentials Toor Dal (Un-Polished),160.0,6,4,149.0,1000,False,1,11.0,16.0,In Stock,Low (1-10%)
Munchies,Amul Ghee (Tin),520.0,2,6,509.0,1000,False,1,11.0,52.0,In Stock,Low (1-10%)
Munchies,Amul Fresh Cream,197.0,3,3,191.0,1000,False,1,6.0,19.7,In Stock,Low (1-10%)
Munchies,Popular Essentials Pure Jaggery,50.0,2,6,49.0,450,False,450,1.0,11.11111111111111,In Stock,Low (1-10%)
Munchies,Aashirvaad Multigrain Atta,64.0,3,2,62.0,1000,False,1,2.0,6.4,Low Stock,Low (1-10%)
Munchies,Fortune Soyabean Oil,1005.0,0,6,999.0,5000,False,5,6.0,20.1,In Stock,No Discount
Munchies,Popular Essentials Sunflower Seeds,25.0,0,6,25.0,50,False,50,0.0,50.0,In Stock,No Discount
Munchies,Tata Sampann kabuli chana,185.0,1,4,183.0,1000,False,500,2.0,18.5,In Stock,Low (1-10%)
Munchies,Dhara Groundnut Oil (Pouch),230.0,11,6,203.0,1000,False,1,27.0,23.0,In Stock,Mid (11-20%)
Munchies,Dhara Health Refined Sun Flower Oil Jar,1200.0,18,6,984.0,5000,False,5,216.0,24.0,In Stock,Mid (11-20%)
Munchies,24 Mantra Organic Jaggery Powder,80.0,15,6,68.0,500,False,500,12.0,16.0,In Stock,Mid (11-20%)
Munchies,Tata Sampann High Protien Kabuli Chana,94.0,0,1,94.0,500,False,500,0.0,18.8,Low Stock,No Discount
Munchies,Dhara Kachi Ghani Mustard Oil Jar,1250.0,8,6,1143.0,5000,False,5,107.0,25.0,In Stock,Low (1-10%)
Munchies,D'lecta Dairy Cream,54.0,5,6,51.0,200,False,200,3.0,27.0,In Stock,Low (1-10%)
Munchies,Ching's Secret Instant Hot Garlic Noodles,15.0,0,3,15.0,60,False,60,0.0,25.0,In Stock,No Discount
Munchies,Dabur Ginger Garlic Paste,25.0,8,3,23.0,100,False,100,2.0,25.0,In Stock,Low (1-10%)
Munchies,Ching's Secret Instant Schezwan Noodles,15.0,0,6,15.0,60,False,60,0.0,25.0,In Stock,No Discount
Munchies,Gowardhan Ghee/Tuppa Jar,315.0,1,6,309.0,500,False,500,6.0,63.0,In Stock,Low (1-10%)
Munchies,Tata Sampann Unpolished Moong Dal,92.0,4,4,88.0,500,False,500,4.0,18.4,In Stock,Low (1-10%)
Munchies,Aashirvaad Select Atta,64.0,0,6,64.0,1000,False,1,0.0,6.4,In Stock,No Discount
Munchies,Popular Essentials Misri Dana (Diamond Sugar),15.0,0,4,15.0,100,False,100,0.0,15.0,In Stock,No Discount
Munchies,Gowardhan Ghee Jar,598.0,3,6,579.0,1000,False,1,19.0,59.8,In Stock,Low (1-10%)
Munchies,Top Ramen  Noodles Curry Veg Pouch,20.0,0,1,20.0,70,False,70,0.0,28.57142857142857,Low Stock,No Discount
Munchies,Popular Essentials Refined Sugar,60.0,0,6,60.0,1000,False,1,0.0,6.0,In Stock,No Discount
Munchies,Fortune Kachi Ghani Mustard Oil Bottle,216.0,7,6,199.0,1000,False,1,17.0,21.6,In Stock,Low (1-10%)
Munchies,Saffola Veggie Twist Masala Oats,15.0,0,6,15.0,38,False,38,0.0,39.473684210526315,In Stock,No Discount
Munchies,Satyam Puffed Rice Kurmura (R),23.0,0,6,23.0,200,False,200,0.0,11.5,In Stock,No Discount
Munchies,Quaker Oats,79.0,0,2,79.0,400,False,400,0.0,19.75,Low Stock,No Discount
Munchies,Aashirvaad Select Sharbati Atta,315.0,10,6,283.0,5000,False,5,32.0,6.3,In Stock,Low (1-10%)
Munchies,Popular Essentials Refined Sugar,295.0,10,6,265.0,5000,False,5,30.0,5.8999999999999995,In Stock,Low (1-10%)
Munchies,Gowardhan Cow Ghee Pouch,579.0,10,6,521.0,1000,False,1,58.0,57.9,In Stock,Low (1-10%)
Munchies,Dhara Nourish Refined Sunflower Oil Pouch,210.0,5,6,199.0,1000,False,1,11.0,21.0,In Stock,Low (1-10%)
Munchies,Parachute Oil,40.0,7,3,37.0,100,False,100,3.0,40.0,In Stock,Low (1-10%)
Munchies,Popular Essentials Plain Puffed Rice (Murmura/Muri),18.0,0,6,18.0,100,False,100,0.0,18.0,In Stock,No Discount
Munchies,Amul Mithai Mate Condensed Sweetened Milk,56.0,3,4,54.0,200,False,200,2.0,28.000000000000004,In Stock,Low (1-10%)
Munchies,Saffola Gold (Jar),1240.0,0,6,1240.0,5000,False,5,0.0,24.8,In Stock,No Discount
Munchies,McCain New Mini Samosa with Cheese Pizza Style Filling,120.0,1,3,118.0,240,False,240,2.0,50.0,In Stock,Low (1-10%)
Munchies,Fortune Rice Bran Health Oil (Jar),1050.0,1,6,1039.0,5000,False,5,11.0,21.0,In Stock,Low (1-10%)
Munchies,Arden Desi Eggs,110.0,13,4,95.0,348,False,6,15.0,31.60919540229885,In Stock,Mid (11-20%)
Munchies,Fortune Rozana Basmati Rice,585.0,21,6,462.0,5000,False,5,123.0,11.700000000000001,In Stock,High (21%+)
Munchies,Fortune Biriyani Special Basmati Rice,175.0,0,5,175.0,1000,False,1,0.0,17.5,In Stock,No Discount
Munchies,Everest Garam Masala,78.0,7,5,72.0,100,False,100,6.0,78.0,In Stock,Low (1-10%)
Munchies,Popular Essentials Pumpkin Seeds,90.0,16,6,75.0,100,False,100,15.0,90.0,In Stock,Mid (11-20%)
Munchies,Fortune Soya Health Refined Soybean Oil,210.0,1,2,206.0,1000,False,1,4.0,21.0,Low Stock,Low (1-10%)
Munchies,Gowardhan Pure Ghee Pouch,295.0,4,6,281.0,500,False,500,14.0,59.0,In Stock,Low (1-10%)
Munchies,Popular Essentials Jeera/Cumin Seeds,40.0,5,3,38.0,100,False,100,2.0,40.0,In Stock,Low (1-10%)
Munchies,Weikfield Baking Soda,30.0,3,6,29.0,100,False,100,1.0,30.0,In Stock,Low (1-10%)
Munchies,Everest Pav Bhaji Masala,37.0,10,4,33.0,50,False,50,4.0,74.0,In Stock,Low (1-10%)
Munchies,Tata Sampann Unpolished Chana Dal,95.0,6,2,89.0,1000,False,500,6.0,9.5,Low Stock,Low (1-10%)
Munchies,Amul Mithai Mate EOE Tin,112.0,2,6,109.0,400,False,400,3.0,28.000000000000004,In Stock,Low (1-10%)
Munchies,Pillsbury Chakki Fresh Atta,450.0,16,6,375.0,10000,False,10,75.0,4.5,In Stock,Mid (11-20%)
Munchies,Everest Chicken Masala,39.0,2,1,38.0,50,False,50,1.0,78.0,Low Stock,Low (1-10%)
Munchies,Dhara Life Refined Ricebran Oil (Pouch),205.0,7,6,190.0,1000,False,1,15.0,20.5,In Stock,Low (1-10%)
Munchies,Borges Extra Virgin Olive Oil,400.0,25,1,299.0,250,False,250,101.0,160.0,Low Stock,High (21%+)
Munchies,Everest Shahi Biryani Masala,70.0,14,6,60.0,50,False,50,10.0,140.0,In Stock,Mid (11-20%)
Munchies,Popular Essentials Californian Almond,350.0,28,6,251.0,250,False,250,99.0,140.0,In Stock,High (21%+)
Munchies,Popular Essentials Ajwain Whole,25.0,0,4,25.0,50,False,50,0.0,50.0,In Stock,No Discount
Munchies,Everest Tikhalal Chilli Powder,235.0,9,6,212.0,500,False,500,23.0,47.0,In Stock,Low (1-10%)
Munchies,Popular Essentials Kabuli Chana Regular,85.0,9,6,77.0,500,False,500,8.0,17.0,In Stock,Low (1-10%)
Munchies,Pillsbury Chakki Fresh Atta,52.0,0,4,52.0,1000,False,1,0.0,5.2,In Stock,No Discount
Munchies,Popular Essentials Saunf/Fennel Seeds,45.0,2,6,44.0,100,False,100,1.0,45.0,In Stock,Low (1-10%)
Munchies,Popular Essentials Bansi Sooji,35.0,2,3,34.0,500,False,500,1.0,7.000000000000001,In Stock,Low (1-10%)
Munchies,Happilo Premium International Queen Kalmi Dates,245.0,29,6,172.0,200,False,200,73.0,122.50000000000001,In Stock,High (21%+)
Munchies,Tata Sampann Unpolished Urad Whole,101.0,6,4,94.0,500,False,500,7.0,20.200000000000003,In Stock,Low (1-10%)
Munchies,Popular Essentials Cashew Split,325.0,12,6,283.0,250,False,250,42.0,130.0,In Stock,Mid (11-20%)
Munchies,Popular Essentials Chana Dal (Un-Polished),60.0,10,6,54.0,500,False,500,6.0,12.0,In Stock,Low (1-10%)
Munchies,Tata Sampann Unpolished Rajma (Chitra),134.0,6,6,125.0,500,False,500,9.0,26.8,In Stock,Low (1-10%)
Munchies,Everest Garam Masala,42.0,2,2,41.0,50,False,50,1.0,84.0,Low Stock,Low (1-10%)
Munchies,Everest Kitchen King Masala,70.0,14,2,60.0,100,False,100,10.0,70.0,Low Stock,Mid (11-20%)
Munchies,24 Mantra Organic Cumin,70.0,7,2,65.0,100,False,100,5.0,70.0,Low Stock,Low (1-10%)
Munchies,Nestle Milkmaid,132.0,3,6,128.0,400,False,400,4.0,33.0,In Stock,Low (1-10%)
Munchies,Popular Essentials Sona Masouri Steam Rice,65.0,9,6,59.0,1000,False,1,6.0,6.5,In Stock,Low (1-10%)
Munchies,24 Mantra Organic Tur Dal,260.0,20,6,208.0,1000,False,1,52.0,26.0,In Stock,Mid (11-20%)
Munchies,Gits Gulab Jamun Instant Dessert Mix,99.0,10,6,89.0,200,False,200,10.0,49.5,In Stock,Low (1-10%)
Munchies,Popular Essentials Black Masoor Whole (Un-Polished),65.0,10,3,58.0,500,False,500,7.0,13.0,In Stock,Low (1-10%)
Munchies,24 Mantra Organic Peanuts,135.0,7,1,125.0,500,False,500,10.0,27.0,Low Stock,Low (1-10%)
Munchies,Everest Hingraj Powder,90.0,10,2,81.0,50,False,50,9.0,180.0,Low Stock,Low (1-10%)
Munchies,Everest Black Pepper Powder,135.0,14,6,115.0,100,False,100,20.0,135.0,In Stock,Mid (11-20%)
Munchies,Tata Sampann Masoor Dal Stand,150.0,10,4,134.0,1000,False,1,16.0,15.0,In Stock,Low (1-10%)
Munchies,24 Mantra Organic Besan,95.0,7,5,88.0,500,False,500,7.0,19.0,In Stock,Low (1-10%)
Munchies,Quaker Oats,199.0,7,6,184.0,1000,False,1,15.0,19.900000000000002,In Stock,Low (1-10%)
Munchies,Saffola Gold Refined Cooking Oil (Jar),485.0,7,6,449.0,2000,False,2,36.0,24.25,In Stock,Low (1-10%)
Munchies,Nestle Everyday Dairy Whitener,210.0,0,4,210.0,400,False,400,0.0,52.5,In Stock,No Discount
Munchies,24 Mantra Organic Red Poha,75.0,8,1,69.0,500,False,500,6.0,15.0,Low Stock,Low (1-10%)
Munchies,Everest Powder - Tea Masala,98.0,9,5,89.0,100,False,100,9.0,98.0,In Stock,Low (1-10%)
Munchies,Tata Sampann Urad Dal Split,94.0,4,6,90.0,500,False,500,4.0,18.8,In Stock,Low (1-10%)
Munchies,Popular Essentials Idli Sooji,30.0,6,6,28.0,500,False,500,2.0,6.0,In Stock,Low (1-10%)
Munchies,Popular Essentials Dessicated Coconut,95.0,9,6,86.0,200,False,200,9.0,47.5,In Stock,Low (1-10%)
Munchies,Sunfeast Yippee! Mood Masala Noodles,60.0,28,3,43.0,260,False,260,17.0,23.076923076923077,In Stock,High (21%+)
Munchies,Chef's Basket Durum Wheat Elbow Pasta,160.0,50,6,80.0,500,False,500,80.0,32.0,In Stock,High (21%+)
Munchies,MTR Breakfast Khatta Meetha Poha Mix,25.0,20,6,20.0,60,False,60,5.0,41.66666666666667,In Stock,Mid (11-20%)
Munchies,Satyam Khobra,113.0,10,5,101.0,200,False,200,12.0,56.49999999999999,In Stock,Low (1-10%)
Munchies,Betty Crocker Complete Pancake Mix Original,110.0,4,6,105.0,250,False,500,5.0,44.0,In Stock,Low (1-10%)
Munchies,Borges Durum Wheat Fusilli Pasta,250.0,0,3,250.0,500,False,500,0.0,50.0,In Stock,No Discount
Munchies,24 Mantra Organic Green Moong Dal - Split,135.0,0,2,135.0,500,False,500,0.0,27.0,Low Stock,No Discount
Munchies,Weikfield Vanilla Flavoured Custard Powder,37.0,0,6,37.0,100,False,100,0.0,37.0,In Stock,No Discount
Munchies,Tata Sampann Moong Dal Split,180.0,1,5,178.0,1000,False,200,2.0,18.0,In Stock,Low (1-10%)
Munchies,Tata Sampann Kala Chana,64.0,0,5,64.0,500,False,500,0.0,12.8,In Stock,No Discount
Munchies,Saffola Soya Chunks Mealmaker,50.0,0,2,50.0,200,False,200,0.0,25.0,Low Stock,No Discount
Munchies,24 Mantra Bura Sugar (Demerara),80.0,10,6,72.0,500,False,500,8.0,16.0,In Stock,Low (1-10%)
Munchies,Popular Essentials Green Cardamom (Elaichi),200.0,1,6,198.0,50,False,50,2.0,400.0,In Stock,Low (1-10%)
Munchies,Hershey's Syrup Delicious Strawberry,95.0,0,1,95.0,200,False,200,0.0,47.5,Low Stock,No Discount
Munchies,Popular Essentials Anjeer,190.0,11,4,169.0,100,False,100,21.0,190.0,In Stock,Mid (11-20%)
Munchies,Popular Essentials Mustard Seeds Rai Small,20.0,0,2,20.0,100,False,100,0.0,20.0,Low Stock,No Discount
Munchies,Weikfield Baking Powder,33.0,3,6,32.0,100,False,100,1.0,33.0,In Stock,Low (1-10%)
Munchies,Dabur Honey Squeezy,185.0,9,6,167.0,225,False,225,18.0,82.22222222222221,In Stock,Low (1-10%)
Munchies,Tata Sampann High Protein Kali Urad,91.0,14,6,78.0,500,False,500,13.0,18.2,In Stock,Mid (11-20%)
Munchies,Everest Kitchen King Masala,37.0,2,6,36.0,50,False,50,1.0,74.0,In Stock,Low (1-10%)
Munchies,Chef's Basket Durum Wheat Fusilli Pasta,160.0,50,6,80.0,500,False,500,80.0,32.0,In Stock,High (21%+)
Munchies,TilSona Til Oil,180.0,10,2,162.0,500,False,500,18.0,36.0,Low Stock,Low (1-10%)
Munchies,Top Ramen Chicken Noodles,60.0,10,1,54.0,280,False,280,6.0,21.428571428571427,Low Stock,Low (1-10%)
Munchies,Everest Chaat Masala,35.0,2,1,34.0,50,False,50,1.0,70.0,Low Stock,Low (1-10%)
Munchies,Keya Wonder Red Hot Chilli Flakes,89.0,10,2,80.0,40,False,40,9.0,222.5,Low Stock,Low (1-10%)
Munchies,Popular Essentials White Peas (Un-Polished),80.0,10,5,72.0,500,False,500,8.0,16.0,In Stock,Low (1-10%)
Munchies,Ching’s Secret Chowmein Hakka Noodles Masala,44.0,0,2,44.0,60,False,60,0.0,73.33333333333333,Low Stock,No Discount
Munchies,Dhara Filtered Groundnut Oil (Jar),1050.0,1,6,1035.0,5000,False,5,15.0,21.0,In Stock,Low (1-10%)
Munchies,Pillsbury Choco Chip Pancake Mix,99.0,5,6,94.0,165,False,165,5.0,60.0,In Stock,Low (1-10%)
Munchies,Hershey's Caramel Syrup,230.0,0,1,230.0,623,False,623,0.0,36.91813804173354,Low Stock,No Discount
Munchies,Pillsbury Multi Grain Atta,60.0,6,3,56.0,1000,False,1,4.0,6.0,In Stock,Low (1-10%)
Munchies,McCain New Mini Samosa with Cheese Corn Style Filling,120.0,1,2,118.0,240,False,240,2.0,50.0,Low Stock,Low (1-10%)
Munchies,Satyam Puffed Rice Kurmura (A),43.0,0,6,43.0,200,False,200,0.0,21.5,In Stock,No Discount
Munchies,MTR 3 Min Poha,25.0,0,6,25.0,60,False,60,0.0,41.66666666666667,In Stock,No Discount
Munchies,Ching's Manchurian Instant Noodles,15.0,0,5,15.0,60,False,60,0.0,25.0,In Stock,No Discount
Munchies,Everest Pav Bhaji Masala,70.0,0,2,70.0,100,False,100,0.0,70.0,Low Stock,No Discount
Munchies,Hershey's Chocolate Flavour Syrup,220.0,6,6,205.0,623,False,680,15.0,35.313001605136435,In Stock,Low (1-10%)
Munchies,Popular Essentials Dhania (Coriander Seeds),55.0,16,4,46.0,200,False,200,9.0,27.500000000000004,In Stock,Mid (11-20%)
Munchies,24 Mantra Red Chilly Whole,70.0,7,1,65.0,100,False,100,5.0,70.0,Low Stock,Low (1-10%)
Munchies,Dabur Honey - World's No.1,120.0,0,6,120.0,250,False,250,0.0,48.0,In Stock,No Discount
Munchies,24 Mantra Organic Puffed Rice,40.0,2,6,39.0,200,False,200,1.0,20.0,In Stock,Low (1-10%)
Munchies,24 Mantra Organic Wheat Daliya,48.0,2,2,47.0,500,False,500,1.0,9.6,Low Stock,Low (1-10%)
Munchies,24 Mantra Organic Ragi Flour,65.0,20,4,52.0,500,False,500,13.0,13.0,In Stock,Mid (11-20%)
Munchies,Popular Essentials Cinnamon Whole (Dalchini),35.0,5,6,33.0,25,False,25,2.0,140.0,In Stock,Low (1-10%)
Munchies,Sundrop Super Lite Advanced - Sunflower Oil,215.0,0,4,215.0,1000,False,1,0.0,21.5,In Stock,No Discount
Munchies,Pillsbury Atta/Godihittu - Chakki Fresh,102.0,7,4,94.0,2000,False,2,8.0,5.1,In Stock,Low (1-10%)
Munchies,Popular Essentials Green Moong Chilka/Chilka (Un-Polished),85.0,7,5,79.0,500,False,500,6.0,17.0,In Stock,Low (1-10%)
Munchies,Popular Essentials HMT Kolam Steam,75.0,0,3,75.0,1000,False,1,0.0,7.5,In Stock,No Discount
Munchies,Popular Essentials Black Urad Split,80.0,10,4,72.0,500,False,500,8.0,16.0,In Stock,Low (1-10%)
Munchies,Keya Oregano,109.0,10,5,98.0,9,False,9,11.0,,In Stock,Low (1-10%)
Munchies,Popular Essentials Pink Rajma,100.0,10,6,90.0,500,False,500,10.0,20.0,In Stock,Low (1-10%)
Munchies,Everest Chicken Masala,74.0,2,6,72.0,100,False,100,2.0,74.0,In Stock,Low (1-10%)
Munchies,Popular Essentials HMT Kolam Steam,370.0,10,6,333.0,5000,False,5,37.0,7.3999999999999995,In Stock,Low (1-10%)
Munchies,Everest Shahi Paneer Masala,42.0,4,5,40.0,50,False,50,2.0,84.0,In Stock,Low (1-10%)
Munchies,Godrej Yummiez Chicken Nuggets,325.0,9,1,293.0,500,False,500,32.0,65.0,Low Stock,Low (1-10%)
Munchies,Flying Bird Vanilla Essence,35.0,2,6,34.0,20,False,20,1.0,175.0,In Stock,Low (1-10%)
Munchies,Everest Sabji Masala,30.0,3,6,29.0,50,False,50,1.0,60.0,In Stock,Low (1-10%)
Munchies,Popular Essentials Californian Almond,695.0,32,6,470.0,500,False,500,225.0,139.0,In Stock,High (21%+)
Munchies,Cornitos Cornitos Taco Shells - 4 Inches,110.0,20,6,88.0,80,False,80,22.0,137.5,In Stock,Mid (11-20%)
Munchies,Everest Rajma Masala,33.0,3,5,32.0,50,False,50,1.0,66.0,In Stock,Low (1-10%)
Munchies,Popular Essentials White Til,40.0,5,1,38.0,100,False,100,2.0,40.0,Low Stock,Low (1-10%)
Munchies,Amul Dark Compound Chocolate Slab,125.0,2,6,122.0,500,False,500,3.0,25.0,In Stock,Low (1-10%)
Munchies,Mothers Recipe Papad Chana Masala,79.0,10,6,71.0,200,False,200,8.0,39.5,In Stock,Low (1-10%)
Munchies,Ching's Schezwan Masala Instant Noodles,60.0,0,1,60.0,240,False,240,0.0,25.0,Low Stock,No Discount
Munchies,Amul Milk Compound Chocolate Slab,110.0,2,6,107.0,500,False,500,3.0,22.0,In Stock,Low (1-10%)
Munchies,Eastern Chicken Masala,70.0,7,3,65.0,100,False,100,5.0,70.0,In Stock,Low (1-10%)
Munchies,Popular Essentials Methi Seeds,25.0,0,5,25.0,100,False,100,0.0,25.0,In Stock,No Discount
Munchies,Saffola Yummy Masala Noodles,20.0,0,2,20.0,46,False,46,0.0,43.47826086956522,Low Stock,No Discount
Munchies,Cadbury Hot Chocolate,175.0,5,6,166.0,200,False,200,9.0,87.5,In Stock,Low (1-10%)
Munchies,Ching's Chicken Chilli Masala,10.0,0,6,10.0,20,False,20,0.0,50.0,In Stock,No Discount
Munchies,Dabur Keora water - Authentic flavour for Biryani's and Desserts,62.0,6,6,58.0,250,False,250,4.0,24.8,In Stock,Low (1-10%)
Munchies,Popular Essentials Black Cardamom/Elaichi,100.0,10,6,90.0,50,False,50,10.0,200.0,In Stock,Low (1-10%)
Munchies,Popular Essentials Idli Rice,60.0,10,4,54.0,1000,False,1,6.0,6.0,In Stock,Low (1-10%)
Munchies,Everest Chole Masala,33.0,3,1,32.0,50,False,50,1.0,66.0,Low Stock,Low (1-10%)
Munchies,Dabur Hommade Tamarind Paste,48.0,6,6,45.0,200,False,200,3.0,24.0,In Stock,Low (1-10%)
Munchies,"""Maggi Magic Cubes, Vegetarian Masala (Free 2 Cubes Inside)""",35.0,2,6,34.0,48,False,48,1.0,72.91666666666666,In Stock,Low (1-10%)
Munchies,Popular Essentials Cooking Soda,30.0,10,6,27.0,200,False,200,3.0,15.0,In Stock,Low (1-10%)
Munchies,RRO Primio Refined Groundnut Oil Pet Bottle,255.0,6,2,239.0,1000,False,1,16.0,25.5,Low Stock,Low (1-10%)
Munchies,Everest Pani Puri Masala,31.0,3,6,30.0,50,False,50,1.0,62.0,In Stock,Low (1-10%)
Munchies,Nissin Cup Noodles Tangy Tomato,50.0,10,2,45.0,70,False,70,5.0,71.42857142857143,Low Stock,Low (1-10%)
Munchies,Ching's Veg Manchurian Masala,10.0,0,2,10.0,20,False,20,0.0,50.0,Low Stock,No Discount
Munchies,Ceres Foods Fish Mustard Instant Liquid Masala,220.0,50,6,110.0,200,False,200,110.0,110.00000000000001,In Stock,High (21%+)
Munchies,Everest Garam Masala,158.0,10,6,142.0,200,False,200,16.0,79.0,In Stock,Low (1-10%)
Munchies,24 Mantra Organic Jowar Flour,70.0,7,6,65.0,500,False,500,5.0,14.000000000000002,In Stock,Low (1-10%)
Munchies,Maggi Coconut Milkpowder,100.0,0,6,100.0,100,False,100,0.0,100.0,In Stock,No Discount
Munchies,On1y Pepper Grinder,159.0,9,1,144.0,50,False,50,15.0,318.0,Low Stock,Low (1-10%)
Munchies,Popular Essentials Rice Flour,60.0,0,3,60.0,1000,False,1,0.0,6.0,In Stock,No Discount
Munchies,Sunfeast Yippee! Pasta Treat - Sour Cream Onion,28.0,10,1,25.0,65,False,65,3.0,43.07692307692308,Low Stock,Low (1-10%)
Munchies,24 Mantra Organic Brown Sona Masoori Rice,95.0,0,6,95.0,1000,False,1,0.0,9.5,In Stock,No Discount
Munchies,Happilo Premium Afghani Anjeer,365.0,29,2,256.0,200,False,200,109.0,182.5,Low Stock,High (21%+)
Munchies,Popular Essentials Chiroti Sooji,35.0,2,6,34.0,500,False,500,1.0,7.000000000000001,In Stock,Low (1-10%)
Munchies,RRO Til Dil Premium Til Oil Bottle,330.0,10,5,294.0,1000,False,1,36.0,33.0,In Stock,Low (1-10%)
Munchies,Popular Essentials Red Rajma,90.0,10,6,81.0,500,False,500,9.0,18.0,In Stock,Low (1-10%)
Munchies,Cornitos Peanut - Premium Salted,120.0,10,6,108.0,150,False,150,12.0,80.0,In Stock,Low (1-10%)
Munchies,Popular Essentials Black Pepper,100.0,10,5,90.0,100,False,100,10.0,100.0,In Stock,Low (1-10%)
Munchies,24 Mantra Organic Tur Dal - Split,130.0,7,6,120.0,500,False,500,10.0,26.0,In Stock,Low (1-10%)
Munchies,Sugarfree Gold Low Calorie Sweetner,65.0,6,3,61.0,110,False,100,4.0,59.09090909090909,In Stock,Low (1-10%)
Munchies,Ching's Secret Paneer Chilli Masala,10.0,0,2,10.0,20,False,20,0.0,50.0,Low Stock,No Discount
Munchies,Dabur Honey,220.0,7,3,204.0,500,False,500,16.0,44.0,In Stock,Low (1-10%)
Munchies,Everest Tea Masala,55.0,9,2,50.0,50,False,50,5.0,110.00000000000001,Low Stock,Low (1-10%)
Munchies,Ching's Paneer Chilli Masala,44.0,0,4,44.0,60,False,60,0.0,73.33333333333333,In Stock,No Discount
Munchies,Sunfeast YiPPee! Magic Masala Noodles,70.0,10,3,63.0,405,False,405,7.0,17.28395061728395,In Stock,Low (1-10%)
Munchies,Everest Meat Masala Powder,74.0,9,3,67.0,100,False,100,7.0,74.0,In Stock,Low (1-10%)
Munchies,Pillsbury Atta With Multigrains Wheat Grains,295.0,16,6,245.0,5000,False,5,50.0,5.8999999999999995,In Stock,Mid (11-20%)
Munchies,Mother's Recipe Tamarind Paste,50.0,2,6,49.0,200,False,200,1.0,25.0,In Stock,Low (1-10%)
Munchies,Quaker Oats Breakfast Cereals - With Flavour Mix Nutritious Rich Source Of Energy,49.0,8,6,45.0,200,False,200,4.0,24.5,In Stock,Low (1-10%)
Munchies,Popular Essentials Cloves (Lavang),75.0,17,6,62.0,50,False,50,13.0,150.0,In Stock,Mid (11-20%)
Munchies,Sunfeast Yippee! Power Up Atta Noodles,96.0,15,6,81.0,280,False,280,15.0,34.285714285714285,In Stock,Mid (11-20%)
Munchies,Suhana Paneer Tikka Masala Mix,40.0,5,6,38.0,50,False,50,2.0,80.0,In Stock,Low (1-10%)
Munchies,24 Mantra Turmeric Powder,35.0,2,6,34.0,100,False,100,1.0,35.0,In Stock,Low (1-10%)
Munchies,24 Mantra Super Grain Quinoa,190.0,0,4,190.0,500,False,500,0.0,38.0,In Stock,No Discount
Munchies,Everest Powder - Egg Curry Masala,40.0,2,6,39.0,50,False,50,1.0,80.0,In Stock,Low (1-10%)
Munchies,Popular Essentials Pe Shah Jeera,60.0,15,6,51.0,50,False,50,9.0,120.0,In Stock,Mid (11-20%)
Munchies,24 Mantra Organic Sattu Atta,95.0,0,6,95.0,500,False,500,0.0,19.0,In Stock,No Discount
Munchies,Smith & Jones Pasta Masala,46.0,0,6,46.0,54,False,54,0.0,85.18518518518519,In Stock,No Discount
Munchies,Weikfield Vanilla Custard Powder,142.0,9,3,128.0,500,False,500,14.0,28.4,In Stock,Low (1-10%)
Munchies,Sugarfree Natura Low Calorie Sweetner,300.0,10,3,270.0,42,False,42,30.0,714.2857142857143,In Stock,Low (1-10%)
Munchies,Pillsbury Vanilla Custard Powder,37.0,2,6,36.0,100,False,100,1.0,37.0,In Stock,Low (1-10%)
Munchies,24 Mantra Organic Rajma,145.0,0,6,145.0,500,False,500,0.0,28.999999999999996,In Stock,No Discount
Munchies,Popular Essentials Broken Wheat/Daliya,35.0,2,6,34.0,500,False,500,1.0,7.000000000000001,In Stock,Low (1-10%)
Munchies,Zorabian Chicken Smoked Ham,205.0,5,1,194.0,250,False,250,11.0,82.0,Low Stock,Low (1-10%)
Munchies,Smith & Jones Peri Peri Masala,99.0,0,6,99.0,75,False,75,0.0,132.0,In Stock,No Discount
Munchies,Saffola Veggie Twist Masala Oats,195.0,12,2,171.0,500,False,500,24.0,39.0,Low Stock,Mid (11-20%)
Munchies,Popular Essentials Urad Dal Split (Un-Polished),85.0,9,5,77.0,500,False,500,8.0,17.0,In Stock,Low (1-10%)
Munchies,Weikfield Baking Powder,22.0,0,6,22.0,50,False,50,0.0,44.0,In Stock,No Discount
Munchies,Popular Essentials Bajra Whole,65.0,13,6,56.0,1000,False,1,9.0,6.5,In Stock,Mid (11-20%)
Munchies,Weikfield Veg Jelly Crystals - Strawberry,45.0,2,6,44.0,90,False,90,1.0,50.0,In Stock,Low (1-10%)
Munchies,Weikfield Veg Jelly Crystals - Raspberry,45.0,2,6,44.0,90,False,90,1.0,50.0,In Stock,Low (1-10%)
Munchies,Popular Essentials Masoor Dal Split (Un-Polished),70.0,10,4,63.0,500,False,500,7.0,14.000000000000002,In Stock,Low (1-10%)
Munchies,Popular Essentials Ajwain Whole,50.0,12,2,44.0,100,False,100,6.0,50.0,Low Stock,Mid (11-20%)
Munchies,Popular Essentials Pista Salted (With Shell),470.0,21,5,371.0,250,False,250,99.0,188.0,In Stock,High (21%+)
Munchies,The Bake Shop Bread Crumbs,50.0,6,3,47.0,400,False,400,3.0,12.5,In Stock,Low (1-10%)
Munchies,Popular Essentials Horse Gram,40.0,10,4,36.0,500,False,500,4.0,8.0,In Stock,Low (1-10%)
Munchies,Hershey's Chocolate Syrup,95.0,0,4,95.0,200,False,200,0.0,47.5,In Stock,No Discount
Munchies,Godrej Yummiez Chilli Chicken Sausages,160.0,10,3,144.0,250,False,250,16.0,64.0,In Stock,Low (1-10%)
Munchies,Everest Kasuri Methi,25.0,0,6,25.0,25,False,25,0.0,100.0,In Stock,No Discount
Munchies,Satyam Makhana,208.0,0,6,208.0,100,False,100,0.0,208.0,In Stock,No Discount
Munchies,Everest Tandoori Chicken Masala,39.0,2,5,38.0,50,False,50,1.0,78.0,In Stock,Low (1-10%)
Munchies,Weikfield Falooda Mix - Kesar Pista,49.0,2,3,48.0,200,False,200,1.0,24.5,In Stock,Low (1-10%)
Munchies,Weikfield Cocoa Powder,70.0,7,6,65.0,50,False,50,5.0,140.0,In Stock,Low (1-10%)
Munchies,Pantai Coconut Cream,150.0,4,4,143.0,400,False,400,7.0,37.5,In Stock,Low (1-10%)
Munchies,Popular Essentials Coriander Seeds,15.0,0,5,15.0,50,False,50,0.0,30.0,In Stock,No Discount
Munchies,Ching's Singapore Curry Instant Noodles,60.0,0,4,60.0,240,False,240,0.0,25.0,In Stock,No Discount
Munchies,Eastern Fish Masala,48.0,2,5,47.0,100,False,100,1.0,48.0,In Stock,Low (1-10%)
Munchies,Pillsbury Atta/Godihittu - Chakki Fresh,275.0,0,6,275.0,5000,False,5,0.0,5.5,In Stock,No Discount
Munchies,"Oleev Smart Oil Fortified with VIT A, D, E & K (Pouch)",215.0,9,4,194.0,1000,False,1,21.0,21.5,In Stock,Low (1-10%)
Munchies,Everest Dry Ginger Powder,75.0,9,4,68.0,100,False,100,7.0,75.0,In Stock,Low (1-10%)
Munchies,Pillsbury Cooker Cake Mix - Choco,100.0,11,6,89.0,159,False,159,11.0,62.893081761006286,In Stock,Mid (11-20%)
Munchies,Hersheys Chocolate Almond Syrup,200.0,0,2,200.0,450,False,450,0.0,44.44444444444444,Low Stock,No Discount
Munchies,Satyam Nighties Spices  Chilli Pandi,56.0,7,5,52.0,100,False,100,4.0,56.00000000000001,In Stock,Low (1-10%)
Munchies,Popular Essentials Popular Essential Pista Salted (With Shell),190.0,10,6,171.0,100,False,100,19.0,190.0,In Stock,Low (1-10%)
Munchies,Godrej Yummiez Chicken Punjabi Tikka,295.0,9,6,266.0,360,False,360,29.0,81.94444444444444,In Stock,Low (1-10%)
Munchies,Popular Essentials Rozana Sona Masuri Raw Rice,350.0,10,5,312.0,5000,False,5,38.0,7.000000000000001,In Stock,Low (1-10%)
Munchies,24 Mantra Mustard Oil (Cold Pressed),350.0,10,6,312.0,1000,False,1,38.0,35.0,In Stock,Low (1-10%)
Munchies,24 Mantra Organic Black Pepper,170.0,7,6,157.0,100,False,100,13.0,170.0,In Stock,Low (1-10%)
Munchies,Popular Essentials Green Moong Whole,90.0,16,3,75.0,500,False,500,15.0,18.0,In Stock,Mid (11-20%)
Munchies,24 Mantra Organic Masoor Dal - Split,95.0,7,6,88.0,500,False,500,7.0,19.0,In Stock,Low (1-10%)
Munchies,Praakritik Organic Natural Rock Salt,60.0,6,3,56.0,500,False,500,4.0,12.0,In Stock,Low (1-10%)
Munchies,24 Mantra Sunflower Oil (Cold Pressed) Pet Bottle,390.0,11,5,347.0,1000,False,1,43.0,39.0,In Stock,Mid (11-20%)
Munchies,"Ching's Secret Instant Noodles, Hot Garlic",60.0,0,4,60.0,240,False,240,0.0,25.0,In Stock,No Discount
Munchies,Saffola Everyday Peppy Tomato Masala Oats,195.0,12,6,171.0,500,False,500,24.0,39.0,In Stock,Mid (11-20%)
Munchies,Dabur 100% Pure Honey - Worlds No.1,430.0,10,6,387.0,1000,False,1,43.0,43.0,In Stock,Low (1-10%)
Munchies,Popular Essentials Star Anise,70.0,10,5,63.0,25,False,25,7.0,280.0,In Stock,Low (1-10%)
Munchies,Ching's Secret Chicken 65 Masala - Chicken,10.0,0,5,10.0,20,False,20,0.0,50.0,In Stock,No Discount
Munchies,Cadbury Cocoa Powder,223.0,5,6,211.0,150,False,150,12.0,148.66666666666666,In Stock,Low (1-10%)
Munchies,Praakritik Natural Desi Gir Cow A2 Ghee,1450.0,10,6,1305.0,540,False,540,145.0,268.51851851851853,In Stock,Low (1-10%)
Munchies,Praakritik Organic Poha,120.0,6,5,112.0,500,False,500,8.0,24.0,In Stock,Low (1-10%)
Munchies,Praakritik Organic Natural Wild Forest Honey,160.0,6,4,150.0,200,False,200,10.0,80.0,In Stock,Low (1-10%)
Munchies,Popular Essentials Dry Dates (Kharak),140.0,15,6,118.0,250,False,250,22.0,56.00000000000001,In Stock,Mid (11-20%)
Munchies,Popular Essentials Kashmiri Red Rajma,95.0,6,4,89.0,500,False,500,6.0,19.0,In Stock,Low (1-10%)
Munchies,Dabur Hommade - Garlic Paste,50.0,6,6,47.0,200,False,200,3.0,25.0,In Stock,Low (1-10%)
Munchies,Dabur 100% Pure Honey,330.0,10,1,297.0,400,False,400,33.0,82.5,Low Stock,Low (1-10%)
Munchies,Ching's Schezwan Fried Rice(Miracle Masala),44.0,0,5,44.0,60,False,60,0.0,73.33333333333333,In Stock,No Discount
Munchies,"""Maggi Magic Cubes, Vegetarian Masala""",35.0,2,1,34.0,40,False,40,1.0,87.5,Low Stock,Low (1-10%)
Munchies,Everest Tandoori Chicken Masala,74.0,9,3,67.0,100,False,100,7.0,74.0,In Stock,Low (1-10%)
Munchies,Popular Essentials Red Poha,45.0,4,6,43.0,500,False,500,2.0,9.0,In Stock,Low (1-10%)
Munchies,Everest Kitchen King Masala,142.0,9,6,128.0,200,False,200,14.0,71.0,In Stock,Low (1-10%)
Munchies,Pillsbury Oven Cake Mix - Rich Chocolate,165.0,10,5,147.0,285,False,285,18.0,57.89473684210527,In Stock,Low (1-10%)
Munchies,Eastern Super Garam Masala,74.0,6,2,69.0,200,False,200,5.0,37.0,Low Stock,Low (1-10%)
Munchies,Maggi Magic Cubes Extra Chicken,40.0,2,6,39.0,48,False,48,1.0,83.33333333333334,In Stock,Low (1-10%)
Munchies,Satyam Nighties Spices  Chilli Kashmiri,102.0,6,6,95.0,100,False,100,7.0,102.0,In Stock,Low (1-10%)
Munchies,Eastern Cumin Powder,49.0,2,6,48.0,100,False,100,1.0,49.0,In Stock,Low (1-10%)
Munchies,Popular Essentials Urad Gola White(Un-Polished),90.0,10,6,81.0,500,False,500,9.0,18.0,In Stock,Low (1-10%)
Munchies,24 Mantra Organic Chana Dal,95.0,6,5,89.0,500,False,500,6.0,19.0,In Stock,Low (1-10%)
Munchies,Delight Nuts Cashew Roasted & Salted,425.0,20,6,340.0,200,False,200,85.0,212.5,In Stock,Mid (11-20%)
Munchies,Popular Essentials Mace/Javitri,90.0,10,3,81.0,20,False,20,9.0,450.0,In Stock,Low (1-10%)
Munchies,Dlicia Whip Topping Bottle,235.0,27,5,171.0,1000,False,1,64.0,23.5,In Stock,High (21%+)
Munchies,Mother's Recipe Paste Ginger & Garlic,76.0,10,4,68.0,300,False,300,8.0,25.333333333333336,In Stock,Low (1-10%)
Munchies,24 Mantra Groundnut Oil (Cold Pressed) Pet Bottle,410.0,10,6,369.0,1000,False,1,41.0,41.0,In Stock,Low (1-10%)
Munchies,Satyam Pulses Masur Dal,87.0,6,6,81.0,500,False,500,6.0,17.4,In Stock,Low (1-10%)
Munchies,Delight Nuts Pista Roasted & Salted,425.0,20,6,340.0,200,False,200,85.0,212.5,In Stock,Mid (11-20%)
Munchies,"Top Ramen Noodles, Atta",80.0,0,1,80.0,280,False,280,0.0,28.57142857142857,Low Stock,No Discount
Munchies,Hershey's Cocoa Powder,95.0,0,5,95.0,70,False,70,0.0,135.71428571428572,In Stock,No Discount
Munchies,Praakritik Organic Singhara Atta,240.0,6,4,225.0,500,False,500,15.0,48.0,In Stock,Low (1-10%)
Munchies,Gits Veg Biryani Ready to Eat,110.0,10,6,99.0,265,False,265,11.0,41.509433962264154,In Stock,Low (1-10%)
Munchies,Delight Nuts Cranberries Sliced,299.0,20,6,239.0,200,False,200,60.0,149.5,In Stock,Mid (11-20%)
Munchies,Borges Durum Wheat Pasta Superior Quality,250.0,40,6,149.0,500,False,500,101.0,50.0,In Stock,High (21%+)
Munchies,Ceres Foods Laal Maas Instant Liquid Masala,220.0,50,5,110.0,200,False,200,110.0,110.00000000000001,In Stock,High (21%+)
Munchies,Popular Essentials Sattu Atta,90.0,12,3,79.0,500,False,500,11.0,18.0,In Stock,Mid (11-20%)
Munchies,Popular Essentials Mustard Seeds Rai Yellow,25.0,0,5,25.0,100,False,100,0.0,25.0,In Stock,No Discount
Munchies,Praakritik Organic Extra Virgin Coconut Oil,150.0,10,5,134.0,100,False,100,16.0,150.0,In Stock,Low (1-10%)
Munchies,Praakritik Organic Garlic Powder,110.0,1,5,108.0,100,False,100,2.0,110.00000000000001,In Stock,Low (1-10%)
Munchies,Sugarfree Gold Low Calorie Sweetner,125.0,5,6,118.0,100,False,100,7.0,125.0,In Stock,Low (1-10%)
Munchies,Aashirvaad Breakfast Instant Mix - Rice Idli,75.0,30,6,52.0,200,False,200,23.0,37.5,In Stock,High (21%+)
Munchies,Kitchens Of India Mutter Paneer,130.0,4,6,124.0,285,False,285,6.0,45.614035087719294,In Stock,Low (1-10%)
Munchies,Ching's Secret Veg Manchurian Masala,44.0,0,6,44.0,60,False,60,0.0,73.33333333333333,In Stock,No Discount
Munchies,Popular Essentials Jowa Flour,50.0,2,5,49.0,500,False,500,1.0,10.0,In Stock,Low (1-10%)
Munchies,Everest Shahi Biryani Masala,245.0,0,6,245.0,200,False,200,0.0,122.50000000000001,In Stock,No Discount
Munchies,Popular Essentials Black Til,50.0,6,4,47.0,100,False,100,3.0,50.0,In Stock,Low (1-10%)
Munchies,Popular Essentials Pancharatna Dal,80.0,10,6,72.0,500,False,500,8.0,16.0,In Stock,Low (1-10%)
Munchies,Saffola 100% Pure Honey,475.0,8,2,437.0,1000,False,750,38.0,47.5,Low Stock,Low (1-10%)
Munchies,Popular Essentials Tamarind,150.0,14,6,128.0,500,False,500,22.0,30.0,In Stock,Mid (11-20%)
Munchies,Gits Rice Dosa Instant Breakfast Mix,60.0,5,5,57.0,200,False,200,3.0,30.0,In Stock,Low (1-10%)
Munchies,Popular Essentials Poppy Seeds (Gasagase),280.0,7,6,260.0,100,False,100,20.0,280.0,In Stock,Low (1-10%)
Munchies,Hershey's Hot Chocolate Powder,210.0,0,4,210.0,250,False,250,0.0,84.0,In Stock,No Discount
Munchies,Borges Farfalle Durum Wheat Pasta,250.0,0,5,250.0,500,False,500,0.0,50.0,In Stock,No Discount
Munchies,Satyam Chilli  Bedgi,82.0,10,5,73.0,100,False,100,9.0,82.0,In Stock,Low (1-10%)
Munchies,Aashirvaad Instant Mix - Rice Dosa,75.0,30,6,52.0,200,False,200,23.0,37.5,In Stock,High (21%+)
Munchies,Hershey's Cocoa - Natural Unsweetened,270.0,10,4,243.0,225,False,225,27.0,120.0,In Stock,Low (1-10%)
Munchies,Weikfield Veg Jelly Crystals - Mango,45.0,2,6,44.0,90,False,90,1.0,50.0,In Stock,Low (1-10%)
Munchies,Praakritik Orrganic Cold Pressed Sesame Oil,130.0,10,5,117.0,100,False,100,13.0,130.0,In Stock,Low (1-10%)
Munchies,Amulya Dairy Whitener,380.0,2,4,372.0,1000,False,1,8.0,38.0,In Stock,Low (1-10%)
Munchies,ITC Master Chef Hyderabadi Biryani,75.0,30,5,52.0,80,False,80,23.0,93.75,In Stock,High (21%+)
Munchies,Flying Bird Butter Scotch Essence,50.0,2,6,49.0,20,False,20,1.0,250.0,In Stock,Low (1-10%)
Munchies,Dabur Hommade - Ginger Paste,50.0,6,6,47.0,200,False,200,3.0,25.0,In Stock,Low (1-10%)
Munchies,Popular Essentials Green Peas (Un-Polished),120.0,10,5,108.0,500,False,500,12.0,24.0,In Stock,Low (1-10%)
Munchies,Quaker Oats Pouch,276.0,10,6,248.0,1500,False,1,28.0,18.4,In Stock,Low (1-10%)
Munchies,24 Mantra Organic Urad White Whole,145.0,15,4,122.0,500,False,500,23.0,28.999999999999996,In Stock,Mid (11-20%)
Munchies,Popular Essentials Guntur Chilli Stemless,40.0,2,2,39.0,100,False,100,1.0,40.0,Low Stock,Low (1-10%)
Munchies,Popular Essentials Moth Whole,90.0,10,6,81.0,500,False,500,9.0,18.0,In Stock,Low (1-10%)
Munchies,Keya Pizza Seasoning,109.0,17,6,90.0,45,False,45,19.0,242.2222222222222,In Stock,Mid (11-20%)
Munchies,Keya Piri Piri | Exotic Spices Mix,109.0,20,6,87.0,80,False,80,22.0,136.25,In Stock,Mid (11-20%)
Munchies,24 Mantra Organic Moong Dal,135.0,7,6,125.0,500,False,500,10.0,27.0,In Stock,Low (1-10%)
Munchies,Betty Crocker French Vanilla Cake Mix,310.0,10,6,276.0,520,False,520,34.0,59.61538461538461,In Stock,Low (1-10%)
Munchies,Delight Nuts Dried Cranberries,340.0,20,6,272.0,200,False,200,68.0,170.0,In Stock,Mid (11-20%)
Munchies,Everest Kesari Milk Masala,205.0,0,2,205.0,50,False,50,0.0,409.99999999999994,Low Stock,No Discount
Munchies,Tong Garden Salted Cocktail Nuts,295.0,9,5,266.0,160,False,160,29.0,184.375,In Stock,Low (1-10%)
Munchies,MTR Uttapam Mix,165.0,5,6,156.0,500,False,500,9.0,33.0,In Stock,Low (1-10%)
Munchies,Gits Khaman Dhokla Instant Snack Mix,65.0,6,6,61.0,180,False,180,4.0,36.11111111111111,In Stock,Low (1-10%)
Munchies,Happilo Premium 100% Natural Whole Cashews,335.0,29,6,235.0,200,False,200,100.0,167.5,In Stock,High (21%+)
Munchies,Everest Dry Mango Powder,80.0,0,5,80.0,100,False,100,0.0,80.0,In Stock,No Discount
Munchies,Dabur Hommade - Ginger Garlic Past Tub,110.0,5,6,104.0,400,False,400,6.0,27.500000000000004,In Stock,Low (1-10%)
Munchies,Everest Chicken Masala,147.0,10,6,132.0,200,False,200,15.0,73.5,In Stock,Low (1-10%)
Munchies,Gits Medu Vada Instant Snack Mix,90.0,4,6,86.0,200,False,200,4.0,45.0,In Stock,Low (1-10%)
Munchies,Weikfield Drinking Chocolate Powder,65.0,10,6,58.0,100,False,100,7.0,65.0,In Stock,Low (1-10%)
Munchies,Popular Essentials Regular White Lobia,70.0,10,6,63.0,500,False,500,7.0,14.000000000000002,In Stock,Low (1-10%)
Munchies,Puro Healthy Salt Crystal,135.0,7,6,125.0,1000,False,1,10.0,13.5,In Stock,Low (1-10%)
Munchies,Popular Essentials Premium Jeera Rice,140.0,0,5,140.0,1000,False,1,0.0,14.000000000000002,In Stock,No Discount
Munchies,Smith & Jones Shahi Paneer Masala Mix,44.0,0,6,44.0,60,False,60,0.0,73.33333333333333,In Stock,No Discount
Munchies,Betty Crocker Mug Treats - Chocolate Mix - Pack of 4,200.0,11,6,178.0,264,False,264,22.0,75.75757575757575,In Stock,Mid (11-20%)
Munchies,Smith & Jones Pasta Masala,60.0,10,5,54.0,108,False,108,6.0,55.55555555555556,In Stock,Low (1-10%)
Munchies,Catch Black Pepper Sprinkler,100.0,0,1,100.0,50,False,50,0.0,200.0,Low Stock,No Discount
Munchies,Weikfield Cooker Cake Mix - Chocolate,95.0,6,6,89.0,150,False,150,6.0,63.33333333333333,In Stock,Low (1-10%)
Munchies,ITC Master Chef Butter Chicken,75.0,30,6,52.0,80,False,80,23.0,93.75,In Stock,High (21%+)
Munchies,Masala Oats Masala & Coriander,195.0,9,5,176.0,500,False,500,19.0,39.0,In Stock,Low (1-10%)
Munchies,Smith & Jones Mutter Paneer Masala,42.0,0,6,42.0,60,False,60,0.0,70.0,In Stock,No Discount
Munchies,Kitchens of India Dal Bukhara Gravy Mix,110.0,30,6,77.0,285,False,285,33.0,38.59649122807017,In Stock,High (21%+)
Munchies,Popular Essentials Fried Gram (Bengal Gram),70.0,10,6,63.0,500,False,500,7.0,14.000000000000002,In Stock,Low (1-10%)
Munchies,Gits Jalebi with Maker Dessert Mix,75.0,16,6,63.0,100,False,100,12.0,75.0,In Stock,Mid (11-20%)
Munchies,Popular Essentials Soya Beans,80.0,6,6,75.0,500,False,500,5.0,16.0,In Stock,Low (1-10%)
Munchies,24 Mantra Organic Roasted Bengal Gram Dal,105.0,7,6,97.0,500,False,500,8.0,21.0,In Stock,Low (1-10%)
Munchies,Keya Italian Seasoning,109.0,10,6,98.0,35,False,35,11.0,311.42857142857144,In Stock,Low (1-10%)
Munchies,MTR Idli/Dosa/Chilly Chutney Powder,115.0,0,3,115.0,200,False,200,0.0,57.49999999999999,In Stock,No Discount
Munchies,Delight Nuts Trail Mix,399.0,25,6,299.0,200,False,200,100.0,199.5,In Stock,High (21%+)
Munchies,Praakritik Organic Chilka Moong Dal,120.0,10,6,108.0,500,False,500,12.0,24.0,In Stock,Low (1-10%)
Munchies,Smith & Jones Garlic & Herbs Masala Mix,99.0,0,6,99.0,75,False,75,0.0,132.0,In Stock,No Discount
Munchies,Eastern Tamarind,63.0,0,6,63.0,200,False,200,0.0,31.5,In Stock,No Discount
Munchies,Tong Garden Wasabi Coated Greenpeas Tin,200.0,11,6,178.0,180,False,180,22.0,111.11111111111111,In Stock,Mid (11-20%)
Munchies,Flying Bird Pineapple Artifical Food Essence,50.0,2,6,49.0,20,False,20,1.0,250.0,In Stock,Low (1-10%)
Munchies,Japanese Choice Udon Noodles,295.0,9,6,266.0,250,False,250,29.0,118.0,In Stock,Low (1-10%)
Munchies,Pantai Coconut Milk,150.0,0,4,150.0,400,False,400,0.0,37.5,In Stock,No Discount
Munchies,Praakritik Organic Masoor Dal,130.0,10,6,116.0,500,False,500,14.0,26.0,In Stock,Low (1-10%)
Munchies,Popular Essentials Classic Sona Masuri Rice,430.0,10,6,387.0,5000,False,5,43.0,8.6,In Stock,Low (1-10%)
Munchies,Popular Essentials Salted Murmure,70.0,18,6,57.0,400,False,400,13.0,17.5,In Stock,Mid (11-20%)
Munchies,Oleev Active Oil (Pouch),265.0,9,6,239.0,1000,False,1,26.0,26.5,In Stock,Low (1-10%)
Munchies,Delight Nuts Dried Blueberries,540.0,20,6,432.0,150,False,150,108.0,360.0,In Stock,Mid (11-20%)
Munchies,Popular Essentials Double Beans White,60.0,10,6,54.0,250,False,250,6.0,24.0,In Stock,Low (1-10%)
Munchies,Delight Nuts Almond Natural,349.0,20,6,279.0,200,False,200,70.0,174.5,In Stock,Mid (11-20%)
Munchies,Praakritik Organic Jaggery,160.0,6,6,150.0,900,False,900,10.0,17.77777777777778,In Stock,Low (1-10%)
Munchies,Praakritik Organic Raw Sugar,90.0,6,6,84.0,500,False,500,6.0,18.0,In Stock,Low (1-10%)
Munchies,MTR Masala - Sambar Powder,115.0,0,4,115.0,200,False,200,0.0,57.49999999999999,In Stock,No Discount
Munchies,RRO Til Dil Premium Til Oil Bottle,173.0,6,6,162.0,500,False,500,11.0,34.599999999999994,In Stock,Low (1-10%)
Munchies,ITC Master Chef Vegetable Biryani Cooking Paste,75.0,30,5,52.0,80,False,80,23.0,93.75,In Stock,High (21%+)
Munchies,Jivana Jaggery,100.0,0,2,100.0,950,False,950,0.0,10.526315789473683,Low Stock,No Discount
Munchies,Praakritik Organic Besan,170.0,6,6,159.0,500,False,500,11.0,34.0,In Stock,Low (1-10%)
Munchies,MTR Instant Gulab Jamun Mix,195.0,9,6,176.0,500,False,500,19.0,39.0,In Stock,Low (1-10%)
Munchies,Maggi Magic Cubes Extra Chicken,199.0,0,2,199.0,240,False,240,0.0,82.91666666666667,Low Stock,No Discount
Munchies,On1y Mixed Herbs,99.0,0,6,99.0,14,False,14,0.0,707.1428571428571,In Stock,No Discount
Munchies,Popular Essentials Urad Gola Black (Un-Polished),80.0,10,6,72.0,500,False,500,8.0,16.0,In Stock,Low (1-10%)
Munchies,Gits Dessert Mix China Grass Bombay Halwa,55.0,0,4,55.0,80,False,80,0.0,68.75,In Stock,No Discount
Munchies,Praakritik Organic Basmati Rice,170.0,0,5,170.0,500,False,500,0.0,34.0,In Stock,No Discount
Munchies,Ceres Foods Nalli Nihari Instant Liquid Masala,220.0,50,6,110.0,200,False,200,110.0,110.00000000000001,In Stock,High (21%+)
Munchies,Borges Canola Oil Pet Bottle,399.0,0,6,399.0,1000,False,1,0.0,39.900000000000006,In Stock,No Discount
Munchies,Suhana Biryani Masala,66.0,0,6,66.0,50,False,50,0.0,132.0,In Stock,No Discount
Munchies,On1y Black Salt Grinder,99.0,0,6,99.0,100,False,100,0.0,99.0,In Stock,No Discount
Munchies,Popular Essentials Nylon Til,40.0,2,6,39.0,100,False,100,1.0,40.0,In Stock,Low (1-10%)
Munchies,Pillsbury Rich Choco Oven Cake Mix - Egg Free,170.0,6,6,159.0,270,False,270,11.0,62.96296296296296,In Stock,Low (1-10%)
Munchies,Weikfield Tomato Salsa Instant Pasta,25.0,0,1,25.0,77,False,77,0.0,32.467532467532465,Low Stock,No Discount
Munchies,Praakritik Organic Jowar Atta,110.0,6,6,103.0,500,False,500,7.0,22.0,In Stock,Low (1-10%)
Munchies,Sugarfree Gold Low Calorie Sweetner,270.0,7,6,251.0,50,False,50,19.0,540.0,In Stock,Low (1-10%)
Munchies,Epicurea Thai Jasmine Rice,295.0,0,4,295.0,500,False,500,0.0,59.0,In Stock,No Discount
Munchies,Yummiez Chicken Garlic Fingers Pouch,250.0,0,5,250.0,400,False,400,0.0,62.5,In Stock,No Discount
Munchies,RRO Primio Refined Groundnut (Jar),490.0,11,6,436.0,2000,False,2,54.0,24.5,In Stock,Mid (11-20%)
Munchies,Praakritik Organic Tuvar Dal,140.0,0,6,140.0,500,False,500,0.0,28.000000000000004,In Stock,No Discount
Munchies,Sugarfree Gold Low Calorie Sweetner,185.0,5,3,175.0,300,False,300,10.0,61.66666666666667,In Stock,Low (1-10%)
Munchies,Cantina Beans Mexican Beans,250.0,14,6,213.0,410,False,410,37.0,60.97560975609756,In Stock,Mid (11-20%)
Munchies,Pillsbury Oven Cake Mix - Vanilla,175.0,10,6,156.0,225,False,225,19.0,77.77777777777779,In Stock,Low (1-10%)
Munchies,Hershey's Chocolate Milk Booster,200.0,0,6,200.0,450,False,450,0.0,44.44444444444444,In Stock,No Discount
Munchies,Popular Essentials Byadagi Chilli Stemless,80.0,0,6,80.0,100,False,100,0.0,80.0,In Stock,No Discount
Munchies,Suhana Spice Mix - Chicken Biryani,66.0,0,6,66.0,50,False,50,0.0,132.0,In Stock,No Discount
Munchies,Praakritik Organic Yellow Moon Dal,135.0,0,6,135.0,500,False,500,0.0,27.0,In Stock,No Discount
Munchies,24 Mantra Sona Masuri Brown Rice,475.0,10,6,423.0,5000,False,5,52.0,9.5,In Stock,Low (1-10%)
Munchies,24 Mantra Organic Pancharatna Dal - Split,130.0,7,6,120.0,500,False,500,10.0,26.0,In Stock,Low (1-10%)
Munchies,24 Mantra Organic Cumin Powder,70.0,0,6,70.0,100,False,100,0.0,70.0,In Stock,No Discount
Munchies,Popular Essentials Samba Broken Wheat,100.0,11,6,89.0,500,False,500,11.0,20.0,In Stock,Mid (11-20%)
Munchies,Betty Crocker Chocolate Fudge Cake Mix,295.0,0,6,295.0,475,False,475,0.0,62.10526315789474,In Stock,No Discount
Munchies,Borges Extra Light Olive Oil Bottle,2600.0,46,6,1399.0,2000,False,2,1201.0,130.0,In Stock,High (21%+)
Munchies,Flying Bird Premium Orange Artificial Food Essence,60.0,0,6,60.0,20,False,20,0.0,300.0,In Stock,No Discount
Munchies,Popular Essentials Red Cherry/Gundu Chilli,95.0,0,6,95.0,100,False,100,0.0,95.0,In Stock,No Discount
Munchies,Super Saver Kolam Rice Sortex Clean,700.0,10,3,630.0,5000,False,5,70.0,14.000000000000002,In Stock,Low (1-10%)
Munchies,Flying Bird Food Essence - Kewra,50.0,0,6,50.0,20,False,20,0.0,250.0,In Stock,No Discount
Munchies,MTR Vada Breakfast,200.0,0,1,200.0,500,False,500,0.0,40.0,Low Stock,No Discount
Munchies,On1y Pasta Seasoning,99.0,0,6,99.0,30,False,30,0.0,330.0,In Stock,No Discount
Munchies,Praakritik Organic Indrayani Rice,70.0,0,6,70.0,500,False,500,0.0,14.000000000000002,In Stock,No Discount
Munchies,On1y Pizza Seasoning,99.0,0,6,99.0,28,False,28,0.0,353.57142857142856,In Stock,No Discount
Munchies,Kitchens of India Mutter Paneer Mix,120.0,30,4,84.0,285,False,285,36.0,42.10526315789473,In Stock,High (21%+)
Munchies,Aashirvaad Svasti Cow Ghee Tetra Pack,295.0,0,6,295.0,500,False,500,0.0,59.0,In Stock,No Discount
Munchies,Weikfield Cooker Cake Mix - Vanilla,95.0,0,6,95.0,150,False,150,0.0,63.33333333333333,In Stock,No Discount
Munchies,Praakritik Organic Kapli Wheat Atta,165.0,10,6,147.0,1000,False,1,18.0,16.5,In Stock,Low (1-10%)
Munchies,Epicurea Sushi Rice,295.0,0,6,295.0,500,False,500,0.0,59.0,In Stock,No Discount
Munchies,Sugarfree Natural Green Stevia Leaves Zero Calorie,75.0,0,2,75.0,100,False,100,0.0,75.0,Low Stock,No Discount
Munchies,Smith & Jones Italian Spices Masala Mix,99.0,0,6,99.0,75,False,75,0.0,132.0,In Stock,No Discount
Munchies,Satyam Nighties Spices  Chilli Bore,89.0,10,6,80.0,100,False,100,9.0,89.0,In Stock,Low (1-10%)
Munchies,Weikfield Veg Jelly Crystals - Orange,45.0,2,6,44.0,90,False,90,1.0,50.0,In Stock,Low (1-10%)
Munchies,Praakritik Organic Jumbo Rolled Oats,190.0,11,6,169.0,500,False,500,21.0,38.0,In Stock,Mid (11-20%)
Munchies,On1y Sea Salt Grinder,89.0,0,6,89.0,100,False,100,0.0,89.0,In Stock,No Discount
Munchies,Delight Nuts Berries Mix,399.0,20,6,319.0,200,False,200,80.0,199.5,In Stock,Mid (11-20%)
Munchies,Praakritik Organic Ginger Powder,139.0,10,6,125.0,100,False,100,14.0,139.0,In Stock,Low (1-10%)
Munchies,Suhana Mutton Gravy Mix,45.0,0,4,45.0,80,False,80,0.0,56.25,In Stock,No Discount
Munchies,On1y Salad Seasoning Grinder,139.0,0,6,139.0,45,False,45,0.0,308.8888888888889,In Stock,No Discount
Munchies,Figaro Pure Olive Oil,325.0,8,1,299.0,200,False,200,26.0,162.5,Low Stock,Low (1-10%)
Munchies,Madhur Sugar,60.0,6,0,56.0,1000,True,1,4.0,6.0,Out of Stock,Low (1-10%)
Munchies,Amul Fresh Cream,63.0,0,0,63.0,250,True,250,0.0,25.2,Out of Stock,No Discount
Munchies,Madhur Pure And Hygienic Sugar,295.0,9,0,266.0,5000,True,5,29.0,5.8999999999999995,Out of Stock,Low (1-10%)
Munchies,Satyam Poha Jada,35.0,8,0,32.0,500,True,500,3.0,7.000000000000001,Out of Stock,Low (1-10%)
Munchies,Aashirvaad Superior MP Whole Wheat Atta,53.0,1,0,52.0,1000,True,1,1.0,5.3,Out of Stock,Low (1-10%)
Munchies,Fortune Soyabean Oil,210.0,13,0,181.0,1000,True,1,29.0,21.0,Out of Stock,Mid (11-20%)
Munchies,Maggi Masala Ae Magic,58.0,6,0,54.0,72,True,72,4.0,80.55555555555556,Out of Stock,Low (1-10%)
Munchies,Aashirvaad Iodised Salt,22.0,13,0,19.0,1000,True,1,3.0,2.1999999999999997,Out of Stock,Mid (11-20%)
Munchies,Maggi 2-Minute Instant Noodles - Masala,44.0,0,0,44.0,280,True,280,0.0,15.714285714285714,Out of Stock,No Discount
Munchies,Popular Essentials Phool Makhana (Jumbo Size),150.0,14,0,128.0,100,True,100,22.0,150.0,Out of Stock,Mid (11-20%)
Munchies,Aashirvaad Atta With Mutigrains,315.0,8,0,287.0,5000,True,5,28.0,6.3,Out of Stock,Low (1-10%)
Munchies,Tata Sampann Poha,44.0,6,0,41.0,500,True,500,3.0,8.799999999999999,Out of Stock,Low (1-10%)
Munchies,Fortune Besan Flour,120.0,0,0,120.0,1000,True,1,0.0,12.0,Out of Stock,No Discount
Munchies,Popular Essentials Toor Dal (Un-Polished),80.0,7,0,74.0,500,True,500,6.0,16.0,Out of Stock,Low (1-10%)
Munchies,Everest Tikhalal Hot & Red Chilly Powder,47.0,2,0,46.0,100,True,100,1.0,47.0,Out of Stock,Low (1-10%)
Munchies,Popular Essentials Chia Seeds,50.0,2,0,49.0,100,True,100,1.0,50.0,Out of Stock,Low (1-10%)
Munchies,Tata Sampann Unpolished Toor Dal/Arhar Dal,179.0,1,0,177.0,1000,True,200,2.0,17.9,Out of Stock,Low (1-10%)
Munchies,Everest Coriander Powder,32.0,3,0,31.0,100,True,100,1.0,32.0,Out of Stock,Low (1-10%)
Munchies,Satyam Thin Poha Patla,38.0,7,0,35.0,500,True,500,3.0,7.6,Out of Stock,Low (1-10%)
Munchies,Popular Essentials Sona Masouri Raw Rice,75.0,0,0,75.0,1000,True,1,0.0,7.5,Out of Stock,No Discount
Munchies,Tata Sampann High Protien Chana Dal - Split,64.0,0,0,64.0,500,True,500,0.0,12.8,Out of Stock,No Discount
Munchies,Satyam Singdana,119.0,6,0,111.0,500,True,500,8.0,23.799999999999997,Out of Stock,Low (1-10%)
Munchies,Tata Sampann Moong Chilka,88.0,6,0,82.0,500,True,500,6.0,17.599999999999998,Out of Stock,Low (1-10%)
Munchies,Tata Sampann High Protien Toor Dal - Split,91.0,2,0,89.0,500,True,500,2.0,18.2,Out of Stock,Low (1-10%)
Munchies,Ching's Chow Mein Hakka Noodles Masala,10.0,0,0,10.0,20,True,20,0.0,50.0,Out of Stock,No Discount
Munchies,Everest Chat Masala,65.0,9,0,59.0,100,True,100,6.0,65.0,Out of Stock,Low (1-10%)
Munchies,Popular Essentials Black Brown Chana (Un-Polished),55.0,9,0,50.0,500,True,500,5.0,11.0,Out of Stock,Low (1-10%)
Munchies,Dabur Ginger Garlic Paste,50.0,6,0,47.0,200,True,200,3.0,25.0,Out of Stock,Low (1-10%)
Munchies,Ching's Secret Veg Hakka Noodles,107.0,0,0,107.0,600,True,600,0.0,17.833333333333336,Out of Stock,No Discount
Munchies,Saffola Oats 100 % Natural,15.0,0,0,15.0,38,True,38,0.0,39.473684210526315,Out of Stock,No Discount
Munchies,Everest Kashmiri Lal Chilli Powder,310.0,10,0,279.0,500,True,500,31.0,62.0,Out of Stock,Low (1-10%)
Munchies,Popular Essentials Black Raisins Seedless,60.0,10,0,54.0,100,True,100,6.0,60.0,Out of Stock,Low (1-10%)
Munchies,Daawat Rozana Super Basmati Rice,79.0,0,0,79.0,1000,True,1,0.0,7.9,Out of Stock,No Discount
Munchies,Everest Cumin Powder (Jeera),30.0,3,0,29.0,50,True,50,1.0,60.0,Out of Stock,Low (1-10%)
Munchies,Everest Sambhar Masala,34.0,2,0,33.0,50,True,50,1.0,68.0,Out of Stock,Low (1-10%)
Munchies,Maggi Chilly Chow Cuppa Noodles,50.0,0,0,50.0,70,True,70,0.0,71.42857142857143,Out of Stock,No Discount
Munchies,Popular Essentials Mustard Seeds Rai Big,20.0,0,0,20.0,100,True,100,0.0,20.0,Out of Stock,No Discount
Munchies,Patanjali Cow's Ghee,565.0,0,0,565.0,1000,True,1,0.0,56.49999999999999,Out of Stock,No Discount
Munchies,Everest Amchur Powder,42.0,2,0,41.0,50,True,50,1.0,84.0,Out of Stock,Low (1-10%)
Munchies,Daawat Super Basmati Rice,185.0,8,0,169.0,1000,True,1,16.0,18.5,Out of Stock,Low (1-10%)
Munchies,Popular Essentials Sabudana,60.0,10,0,54.0,500,True,500,6.0,12.0,Out of Stock,Low (1-10%)
Munchies,Popular Essentials Brown Sugar,40.0,0,0,40.0,500,True,500,0.0,8.0,Out of Stock,No Discount
Munchies,Everest Coriander Powder,70.0,10,0,63.0,200,True,200,7.0,35.0,Out of Stock,Low (1-10%)
Munchies,Sunfeast Yippee! Magic Masala Noodles,48.0,6,0,45.0,240,True,240,3.0,20.0,Out of Stock,Low (1-10%)
Munchies,Tata Tea Gold,35.0,0,0,35.0,100,True,200,0.0,35.0,Out of Stock,No Discount
Munchies,Daawat Rozana Gold Basmati Rice,90.0,1,0,89.0,1000,True,1,1.0,9.0,Out of Stock,Low (1-10%)
Munchies,Top Ramen Masala,91.0,9,0,82.0,560,True,560,9.0,16.25,Out of Stock,Low (1-10%)
Munchies,Everest Turmeric Powder,67.0,10,0,60.0,200,True,200,7.0,33.5,Out of Stock,Low (1-10%)
Munchies,Popular Essentials Buckwheat Flour (Kuttu Atta),125.0,9,0,113.0,500,True,500,12.0,25.0,Out of Stock,Low (1-10%)
Munchies,Keya Italian Pizza Oregano,109.0,11,0,97.0,80,True,80,12.0,136.25,Out of Stock,Mid (11-20%)
Munchies,Chef's Basket Durum Wheat Penne Pasta,160.0,50,0,80.0,500,True,500,80.0,32.0,Out of Stock,High (21%+)
Munchies,Tata Sampann Kala Chana,125.0,0,0,125.0,1000,True,1,0.0,12.5,Out of Stock,No Discount
Munchies,India Gate Basmati Rice,210.0,0,0,210.0,1000,True,1,0.0,21.0,Out of Stock,No Discount
Munchies,24 Mantra Organic Whole Wheat Atta,64.0,7,0,59.0,1000,True,1,5.0,6.4,Out of Stock,Low (1-10%)
Munchies,Zorabian Chicken Kheema Parathas,190.0,0,0,190.0,300,True,300,0.0,63.33333333333333,Out of Stock,No Discount
Munchies,Sunfeast Pasta Treat Pack of Tomato Cheese,28.0,17,0,23.0,65,True,65,5.0,43.07692307692308,Out of Stock,Mid (11-20%)
Munchies,Sugarlite 50% Less Calories Sugar Pouch,99.0,40,0,59.0,500,True,500,40.0,19.8,Out of Stock,High (21%+)
Munchies,Popular Essentials Sabja/Basil Seeds,60.0,15,0,51.0,100,True,100,9.0,60.0,Out of Stock,Mid (11-20%)
Munchies,Patanjali Pure Honey,95.0,0,0,95.0,250,True,250,0.0,38.0,Out of Stock,No Discount
Munchies,Weikfield Falooda Mix - Mango,49.0,2,0,48.0,200,True,200,1.0,24.5,Out of Stock,Low (1-10%)
Munchies,Pro Nature Organic Sonamasoori Brown Rice,102.0,7,0,94.0,1000,True,1,8.0,10.2,Out of Stock,Low (1-10%)
Munchies,Maggi Special Masala Spicy Yummy Noodles,72.0,0,0,72.0,280,True,280,0.0,25.71428571428571,Out of Stock,No Discount
Munchies,Godrej Yummiez Chicken Breakfast Salami,150.0,4,0,143.0,250,True,250,7.0,60.0,Out of Stock,Low (1-10%)
Munchies,Everest Saffron Kesar,120.0,0,0,120.0,1,True,0,0.0,,Out of Stock,No Discount
"Dairy, Bread & Batter",Mother Dairy Toned Milk Pouch,25.0,0,4,25.0,500,False,500,0.0,5.0,In Stock,No Discount
"Dairy, Bread & Batter",Mother Dairy Classic Curd,30.0,3,6,29.0,400,False,400,1.0,7.5,In Stock,Low (1-10%)
"Dairy, Bread & Batter",Mother Dairy Ultra Full Cream Milk,31.0,0,4,31.0,500,False,500,0.0,6.2,In Stock,No Discount
"Dairy, Bread & Batter",Amul Butter - Pasteurised,50.0,2,6,49.0,100,False,100,1.0,50.0,In Stock,Low (1-10%)
"Dairy, Bread & Batter",Britannia Sandwich White Bread,33.0,0,4,33.0,350,False,350,0.0,9.428571428571429,In Stock,No Discount
"Dairy, Bread & Batter",iD Curd Pouch,35.0,2,6,34.0,400,False,400,1.0,8.75,In Stock,Low (1-10%)
"Dairy, Bread & Batter",iD Idli & Dosa Batter,80.0,15,6,68.0,1000,False,1,12.0,8.0,In Stock,Mid (11-20%)
"Dairy, Bread & Batter",Britannia 100% Whole Wheat Bread,45.0,0,4,45.0,450,False,450,0.0,10.0,In Stock,No Discount
"Dairy, Bread & Batter",Britannia Healthy Slice Sandwich Bread,40.0,0,4,40.0,450,False,450,0.0,8.88888888888889,In Stock,No Discount
"Dairy, Bread & Batter",Gowardhan Classic Block Fresh Paneer,89.0,8,6,81.0,200,False,200,8.0,44.5,In Stock,Low (1-10%)
"Dairy, Bread & Batter",Amul Processed Cheese Cubes,106.0,4,6,101.0,200,False,200,5.0,53.0,In Stock,Low (1-10%)
"Dairy, Bread & Batter",Britannia Pav,22.0,0,4,22.0,250,False,250,0.0,8.799999999999999,In Stock,No Discount
"Dairy, Bread & Batter",Amul Butter - Pasteurised,245.0,2,6,240.0,500,False,500,5.0,49.0,In Stock,Low (1-10%)
"Dairy, Bread & Batter",Arden Eggs White,97.0,0,4,97.0,696,False,12,0.0,13.936781609195403,In Stock,No Discount
"Dairy, Bread & Batter",Arden Eggs White,65.0,15,4,55.0,348,False,6,10.0,18.67816091954023,In Stock,Mid (11-20%)
"Dairy, Bread & Batter",Nestle A+ Nourish Dahi,35.0,2,6,34.0,200,False,200,1.0,17.5,In Stock,Low (1-10%)
"Dairy, Bread & Batter",Britannia Burger Bun with Sesame Seed,15.0,0,4,15.0,100,False,100,0.0,15.0,In Stock,No Discount
"Dairy, Bread & Batter",Amul Frozen Malai Paneer,75.0,2,6,73.0,200,False,200,2.0,37.5,In Stock,Low (1-10%)
"Dairy, Bread & Batter",iD Natural Paneer,105.0,5,6,99.0,200,False,200,6.0,52.5,In Stock,Low (1-10%)
"Dairy, Bread & Batter",Britannia Fruit Bun,17.0,0,3,17.0,100,False,100,0.0,17.0,In Stock,No Discount
"Dairy, Bread & Batter",Amul Cheese - Processed Slices,122.0,1,6,120.0,200,False,200,2.0,61.0,In Stock,Low (1-10%)
"Dairy, Bread & Batter",iD Curd Cup,60.0,0,6,60.0,400,False,400,0.0,15.0,In Stock,No Discount
"Dairy, Bread & Batter",The Bake Shop Premium White Sandwich Bread,30.0,0,1,30.0,400,False,400,0.0,7.5,Low Stock,No Discount
"Dairy, Bread & Batter",Britannia Multigrain Bread,55.0,0,4,55.0,400,False,400,0.0,13.750000000000002,In Stock,No Discount
"Dairy, Bread & Batter",Amul Processed Cheese Block,106.0,0,6,106.0,200,False,200,0.0,53.0,In Stock,No Discount
"Dairy, Bread & Batter",Nestle A+ Nourish Dahi,70.0,2,6,68.0,400,False,400,2.0,17.5,In Stock,Low (1-10%)
"Dairy, Bread & Batter",Arden Eggs Brown,85.0,7,4,79.0,348,False,6,6.0,24.42528735632184,In Stock,Low (1-10%)
"Dairy, Bread & Batter",Epigamia Misti Doi,30.0,0,6,30.0,85,False,85,0.0,35.294117647058826,In Stock,No Discount
"Dairy, Bread & Batter",Amul Cheese - Block,245.0,2,6,240.0,500,False,500,5.0,49.0,In Stock,Low (1-10%)
"Dairy, Bread & Batter",Amul Butter - Pasteurised (School Pack),59.0,3,6,57.0,100,False,100,2.0,59.0,In Stock,Low (1-10%)
"Dairy, Bread & Batter",Britannia Brown Bread,42.0,0,4,42.0,400,False,400,0.0,10.5,In Stock,No Discount
"Dairy, Bread & Batter",Amul Fresh Cream,197.0,3,3,191.0,1000,False,1,6.0,19.7,In Stock,Low (1-10%)
"Dairy, Bread & Batter",Epigamia Natural Greek Yogurt,45.0,0,6,45.0,90,False,90,0.0,50.0,In Stock,No Discount
"Dairy, Bread & Batter",The Bake Shop Pizza Base,30.0,0,1,30.0,150,False,150,0.0,20.0,Low Stock,No Discount
"Dairy, Bread & Batter",Amul Delicious Fat Spread - Cholesterol Free,18.0,5,6,17.0,100,False,100,1.0,18.0,In Stock,Low (1-10%)
"Dairy, Bread & Batter",D'lecta Dairy Cream,54.0,5,6,51.0,200,False,200,3.0,27.0,In Stock,Low (1-10%)
"Dairy, Bread & Batter",Nestle A+ Actiplus Probiotic Dahi Plain Curd,78.0,3,5,75.0,400,False,400,3.0,19.5,In Stock,Low (1-10%)
"Dairy, Bread & Batter",Bio Nutrients Pure Diet Tofu Gold,60.0,5,5,57.0,200,False,200,3.0,30.0,In Stock,Low (1-10%)
"Dairy, Bread & Batter",Amul Delicious Fat Spread - Cholesterol Free,88.0,2,2,86.0,500,False,500,2.0,17.599999999999998,Low Stock,Low (1-10%)
"Dairy, Bread & Batter",Amul Mithai Mate Condensed Sweetened Milk,56.0,3,4,54.0,200,False,200,2.0,28.000000000000004,In Stock,Low (1-10%)
"Dairy, Bread & Batter",Arden Desi Eggs,110.0,13,4,95.0,348,False,6,15.0,31.60919540229885,In Stock,Mid (11-20%)
"Dairy, Bread & Batter",Amul Cheese - Pepper,85.0,3,6,82.0,200,False,200,3.0,42.5,In Stock,Low (1-10%)
"Dairy, Bread & Batter",Amul Cheese Spread Creamy,85.0,5,6,80.0,180,False,180,5.0,47.22222222222222,In Stock,Low (1-10%)
"Dairy, Bread & Batter",The Bake Shop Foot Long,40.0,0,1,40.0,200,False,200,0.0,20.0,Low Stock,No Discount
"Dairy, Bread & Batter",Amul Cheese Slices,360.0,0,1,359.0,750,False,750,1.0,48.0,Low Stock,No Discount
"Dairy, Bread & Batter",Suguna Sharp Egg,72.0,13,3,62.0,348,False,6,10.0,20.689655172413794,In Stock,Mid (11-20%)
"Dairy, Bread & Batter",Amul Cheese Sauce Mexican Salsa,75.0,4,1,72.0,200,False,200,3.0,37.5,Low Stock,Low (1-10%)
"Dairy, Bread & Batter",Nestle Everyday Dairy Whitener,210.0,0,4,210.0,400,False,400,0.0,52.5,In Stock,No Discount
"Dairy, Bread & Batter",Amul Pizza Cheese Processed,109.0,4,6,104.0,200,False,200,5.0,54.50000000000001,In Stock,Low (1-10%)
"Dairy, Bread & Batter",Betty Crocker Complete Pancake Mix Original,110.0,4,6,105.0,250,False,500,5.0,44.0,In Stock,Low (1-10%)
"Dairy, Bread & Batter",Amul Lite Spread,40.0,2,5,39.0,100,False,100,1.0,40.0,In Stock,Low (1-10%)
"Dairy, Bread & Batter",Go Cheese Slice - Plain,140.0,5,6,133.0,200,False,200,7.0,70.0,In Stock,Low (1-10%)
"Dairy, Bread & Batter",Pillsbury Choco Chip Pancake Mix,99.0,5,6,94.0,165,False,165,5.0,60.0,In Stock,Low (1-10%)
"Dairy, Bread & Batter",RRO Sour Cream,275.0,50,4,137.0,200,False,200,138.0,137.5,In Stock,High (21%+)
"Dairy, Bread & Batter",D'lecta Natural Feta Cheese Block,100.0,5,4,95.0,100,False,100,5.0,100.0,In Stock,Low (1-10%)
"Dairy, Bread & Batter",Suguna Active - DHA,72.0,13,4,62.0,348,False,6,10.0,20.689655172413794,In Stock,Mid (11-20%)
"Dairy, Bread & Batter",Go Cheese Processed Angles Plain,100.0,5,6,95.0,160,False,160,5.0,62.5,In Stock,Low (1-10%)
"Dairy, Bread & Batter",Epigamia Greek Yogurt - Natural,200.0,0,1,200.0,400,False,400,0.0,50.0,Low Stock,No Discount
"Dairy, Bread & Batter",Amul Unsalted Cooking Butter,245.0,2,6,238.0,500,False,500,7.0,49.0,In Stock,Low (1-10%)
"Dairy, Bread & Batter",The Whole Truth Dark Chocolate Peanut Butter - Creamy,235.0,25,6,174.0,325,False,325,61.0,72.3076923076923,In Stock,High (21%+)
"Dairy, Bread & Batter",The Laughing Cow Cheese Slices,155.0,0,2,155.0,200,False,200,0.0,77.5,Low Stock,No Discount
"Dairy, Bread & Batter",Epigamia Almond Milk Unsweetened Dairy Free,300.0,33,4,199.0,1000,False,1,101.0,30.0,In Stock,High (21%+)
"Dairy, Bread & Batter",Go Cheese  Spread Plain,99.0,5,6,94.0,200,False,200,5.0,49.5,In Stock,Low (1-10%)
"Dairy, Bread & Batter",So Good Almond Milk - Natural Unsweetened,70.0,0,4,70.0,200,False,200,0.0,35.0,In Stock,No Discount
"Dairy, Bread & Batter",Amul Cheese Sauce Jalapeno,75.0,0,5,75.0,200,False,200,0.0,37.5,In Stock,No Discount
"Dairy, Bread & Batter",D'lecta Cream Cheese,169.0,4,4,161.0,150,False,150,8.0,112.66666666666667,In Stock,Low (1-10%)
"Dairy, Bread & Batter",Dlecta Natural Cheddar Slices,199.0,5,6,189.0,200,False,200,10.0,99.5,In Stock,Low (1-10%)
"Dairy, Bread & Batter",Suguna Heart- Omega3,72.0,13,4,62.0,348,False,6,10.0,20.689655172413794,In Stock,Mid (11-20%)
"Dairy, Bread & Batter",Go Cheese Spread - Garlic,99.0,5,6,94.0,200,False,200,5.0,49.5,In Stock,Low (1-10%)
"Dairy, Bread & Batter",Go Pizza Cheese,140.0,5,6,133.0,200,False,200,7.0,70.0,In Stock,Low (1-10%)
"Dairy, Bread & Batter",RRO Cheddar Block Cheese,295.0,50,6,147.0,200,False,200,148.0,147.5,In Stock,High (21%+)
"Dairy, Bread & Batter",The Whole Truth Peanut Butter With Dates - Creamy No Sugar,215.0,9,6,194.0,325,False,325,21.0,66.15384615384615,In Stock,Low (1-10%)
"Dairy, Bread & Batter",Suguna Fit Egg,120.0,43,4,68.0,348,False,6,52.0,34.48275862068966,In Stock,High (21%+)
"Dairy, Bread & Batter",Pantai Coconut Cream,150.0,4,4,143.0,400,False,400,7.0,37.5,In Stock,Low (1-10%)
"Dairy, Bread & Batter",RRO Fresh Ricotta,275.0,50,6,137.0,200,False,200,138.0,137.5,In Stock,High (21%+)
"Dairy, Bread & Batter",Dlecta Cheese Cubes 2,145.0,5,6,137.0,200,False,200,8.0,72.5,In Stock,Low (1-10%)
"Dairy, Bread & Batter",RRO Mozzarella Pizza Cheese,275.0,50,6,137.0,200,False,200,138.0,137.5,In Stock,High (21%+)
"Dairy, Bread & Batter",The Laughing Cow Cheese Cubes,150.0,0,4,150.0,200,False,200,0.0,75.0,In Stock,No Discount
"Dairy, Bread & Batter",Yogabar 100% Pure Peanut Butter Creamy & Yummy Unsweetened,229.0,10,6,206.0,400,False,400,23.0,57.25,In Stock,Low (1-10%)
"Dairy, Bread & Batter",RRO Burrata Cheese,250.0,50,4,125.0,200,False,200,125.0,125.0,In Stock,High (21%+)
"Dairy, Bread & Batter",The Whole Truth Dark Chocolate Peanut Butter - Crunchy,235.0,20,5,188.0,325,False,325,47.0,72.3076923076923,In Stock,Mid (11-20%)
"Dairy, Bread & Batter",Go Cheese Processed Squares,125.0,5,6,118.0,200,False,200,7.0,62.5,In Stock,Low (1-10%)
"Dairy, Bread & Batter",Funfoods Peanut Butter Crunchy,169.0,7,1,156.0,400,False,400,13.0,42.25,Low Stock,Low (1-10%)
"Dairy, Bread & Batter",Amul Safed Makkhan,235.0,1,6,232.0,500,False,500,3.0,47.0,In Stock,Low (1-10%)
"Dairy, Bread & Batter",Go Cheese Spread - Four Pepper (Soft & Creamy),99.0,5,6,94.0,200,False,200,5.0,49.5,In Stock,Low (1-10%)
"Dairy, Bread & Batter",Dlicia Whip Topping Bottle,235.0,27,5,171.0,1000,False,1,64.0,23.5,In Stock,High (21%+)
"Dairy, Bread & Batter",Amulya Dairy Whitener,380.0,2,4,372.0,1000,False,1,8.0,38.0,In Stock,Low (1-10%)
"Dairy, Bread & Batter",Laughing Cow Cheese 8 Portion 120Gm Imported,110.0,0,6,110.0,120,False,120,0.0,91.66666666666666,In Stock,No Discount
"Dairy, Bread & Batter",The Whole Truth Peanut Butter - Sweetened & Crunchy,215.0,20,6,172.0,325,False,325,43.0,66.15384615384615,In Stock,Mid (11-20%)
"Dairy, Bread & Batter",Go Processed Cheese Block,125.0,4,6,119.0,200,False,200,6.0,62.5,In Stock,Low (1-10%)
"Dairy, Bread & Batter",Go Cheese Processed Block,249.0,4,6,237.0,400,False,400,12.0,62.25000000000001,In Stock,Low (1-10%)
"Dairy, Bread & Batter",RRO Goat Milk Fetta Cheee,345.0,31,6,237.0,100,False,100,108.0,345.0,In Stock,High (21%+)
"Dairy, Bread & Batter",RRO Mascarpone Cheese,355.0,50,6,177.0,200,False,200,178.0,177.5,In Stock,High (21%+)
"Dairy, Bread & Batter",D'lecta Cheddar Cheese,199.0,5,6,189.0,200,False,200,10.0,99.5,In Stock,Low (1-10%)
"Dairy, Bread & Batter",Funfoods Peanut Butter Creamy,169.0,0,1,169.0,400,False,400,0.0,42.25,Low Stock,No Discount
"Dairy, Bread & Batter",Pantai Coconut Milk,150.0,0,4,150.0,400,False,400,0.0,37.5,In Stock,No Discount
"Dairy, Bread & Batter",Dlecta Cheese Block,145.0,0,6,145.0,200,False,200,0.0,72.5,In Stock,No Discount
"Dairy, Bread & Batter",President Butter - Salted,54.0,0,6,54.0,100,False,100,0.0,54.0,In Stock,No Discount
"Dairy, Bread & Batter",The Laughing Cow Plain Processed Cheese Block,150.0,0,6,150.0,200,False,200,0.0,75.0,In Stock,No Discount
"Dairy, Bread & Batter",Yoga Bar Peanut Butter Dark Chocolate Jar,249.0,0,4,249.0,400,False,400,0.0,62.25000000000001,In Stock,No Discount
"Dairy, Bread & Batter",The Laughing Cow Cheese Spread Plain,110.0,0,6,110.0,180,False,180,0.0,61.111111111111114,In Stock,No Discount
"Dairy, Bread & Batter",Amul Malai Paneer Fresh,76.0,3,0,73.0,200,True,200,3.0,38.0,Out of Stock,Low (1-10%)
"Dairy, Bread & Batter",Amul Taaza Toned Homogenised Milk,66.0,3,0,64.0,1000,True,1,2.0,6.6000000000000005,Out of Stock,Low (1-10%)
"Dairy, Bread & Batter",Amul Fresh Cream,63.0,0,0,63.0,250,True,250,0.0,25.2,Out of Stock,No Discount
"Dairy, Bread & Batter",Amul Lactose Free Milk,25.0,4,0,24.0,250,True,250,1.0,10.0,Out of Stock,Low (1-10%)
"Dairy, Bread & Batter",The Bake Shop Whole Wheat Bread,40.0,0,0,40.0,400,True,400,0.0,10.0,Out of Stock,No Discount
"Dairy, Bread & Batter",Amul Slim Trim Skimmed Milk,75.0,0,0,75.0,1000,True,1,0.0,7.5,Out of Stock,No Discount
"Dairy, Bread & Batter",Amul Cheese Slices,71.0,1,0,70.0,100,True,100,1.0,71.0,Out of Stock,Low (1-10%)
"Dairy, Bread & Batter",Amul Pizza Cheese - Mozzarella,100.0,1,0,99.0,200,True,200,1.0,50.0,Out of Stock,Low (1-10%)
"Dairy, Bread & Batter",The Bake Shop Pizza Base Whole Wheat,30.0,0,0,30.0,150,True,150,0.0,20.0,Out of Stock,No Discount
"Dairy, Bread & Batter",Nestle A+ Slim Dahi - Low Fat,78.0,3,0,75.0,400,True,400,3.0,19.5,Out of Stock,Low (1-10%)
"Dairy, Bread & Batter",Britannia Cheese Garlic Bread,35.0,0,0,35.0,300,True,300,0.0,11.666666666666666,Out of Stock,No Discount
"Dairy, Bread & Batter",The Bake Shop Whole Wheat Ladi Pav,40.0,0,0,40.0,200,True,200,0.0,20.0,Out of Stock,No Discount
"Dairy, Bread & Batter",Amul Cheese Spread Yummy Plain,85.0,0,0,85.0,200,True,200,0.0,42.5,Out of Stock,No Discount
"Dairy, Bread & Batter",Britannia Atta Kulcha,30.0,0,0,30.0,250,True,250,0.0,12.0,Out of Stock,No Discount
"Dairy, Bread & Batter",Suguna Nourish Egg,62.0,0,0,62.0,696,True,12,0.0,8.908045977011495,Out of Stock,No Discount
"Dairy, Bread & Batter",The Bake Shop Multi Grain Bread,65.0,0,0,65.0,400,True,400,0.0,16.25,Out of Stock,No Discount
"Dairy, Bread & Batter",Nestle A+ Slim Milk,89.0,0,0,89.0,1000,True,1,0.0,8.9,Out of Stock,No Discount
"Dairy, Bread & Batter",Go Cheese Pizza Blend Mozzarella + Cheddar,125.0,5,0,118.0,200,True,200,7.0,62.5,Out of Stock,Low (1-10%)
"Dairy, Bread & Batter",The Whole Truth Peanut Butter - Unsweetened & Crunchy,185.0,20,0,148.0,325,True,325,37.0,56.92307692307692,Out of Stock,Mid (11-20%)
"Dairy, Bread & Batter",Amul Cheese Spread Spicy Garlic,85.0,3,0,82.0,200,True,200,3.0,42.5,Out of Stock,Low (1-10%)
"Dairy, Bread & Batter",The Bake Shop Burger Buns,20.0,0,0,20.0,100,True,100,0.0,20.0,Out of Stock,No Discount
"Dairy, Bread & Batter",D'lecta Shredded Mozzarella Cheese,100.0,5,0,95.0,140,True,140,5.0,71.42857142857143,Out of Stock,Low (1-10%)
"Dairy, Bread & Batter",Britannia Burger Bun with Sesame Seed,30.0,0,0,30.0,200,True,200,0.0,15.0,Out of Stock,No Discount
"Dairy, Bread & Batter",Suguna Vitamin D Egg,75.0,17,0,62.0,348,True,6,13.0,21.551724137931032,Out of Stock,Mid (11-20%)
"Dairy, Bread & Batter",Pillsbury Pancake Mix - Funfetti,99.0,11,0,88.0,162,True,162,11.0,61.111111111111114,Out of Stock,Mid (11-20%)
"Dairy, Bread & Batter",Prabhat Malai Paneer Pouch,80.0,0,0,80.0,200,True,200,0.0,40.0,Out of Stock,No Discount
"Dairy, Bread & Batter",Suguna Nourish Egg,72.0,16,0,60.0,348,True,6,12.0,20.689655172413794,Out of Stock,Mid (11-20%)
"Dairy, Bread & Batter",RRO Mozzarella Block Cheese,295.0,50,0,147.0,200,True,200,148.0,147.5,Out of Stock,High (21%+)
Beverages,Mother Dairy Toned Milk Pouch,25.0,0,4,25.0,500,False,500,0.0,5.0,In Stock,No Discount
Beverages,Mother Dairy Classic Curd,30.0,3,6,29.0,400,False,400,1.0,7.5,In Stock,Low (1-10%)
Beverages,Mother Dairy Ultra Full Cream Milk,31.0,0,4,31.0,500,False,500,0.0,6.2,In Stock,No Discount
Beverages,Amul Butter - Pasteurised,50.0,2,6,49.0,100,False,100,1.0,50.0,In Stock,Low (1-10%)
Beverages,Britannia Sandwich White Bread,33.0,0,4,33.0,350,False,350,0.0,9.428571428571429,In Stock,No Discount
Beverages,iD Curd Pouch,35.0,2,6,34.0,400,False,400,1.0,8.75,In Stock,Low (1-10%)
Beverages,iD Idli & Dosa Batter,80.0,15,6,68.0,1000,False,1,12.0,8.0,In Stock,Mid (11-20%)
Beverages,Britannia 100% Whole Wheat Bread,45.0,0,4,45.0,450,False,450,0.0,10.0,In Stock,No Discount
Beverages,Britannia Healthy Slice Sandwich Bread,40.0,0,4,40.0,450,False,450,0.0,8.88888888888889,In Stock,No Discount
Beverages,Gowardhan Classic Block Fresh Paneer,89.0,8,6,81.0,200,False,200,8.0,44.5,In Stock,Low (1-10%)
Beverages,Amul Processed Cheese Cubes,106.0,4,6,101.0,200,False,200,5.0,53.0,In Stock,Low (1-10%)
Beverages,Britannia Pav,22.0,0,4,22.0,250,False,250,0.0,8.799999999999999,In Stock,No Discount
Beverages,Amul Butter - Pasteurised,245.0,2,6,240.0,500,False,500,5.0,49.0,In Stock,Low (1-10%)
Beverages,Arden Eggs White,97.0,0,4,97.0,696,False,12,0.0,13.936781609195403,In Stock,No Discount
Beverages,Arden Eggs White,65.0,15,4,55.0,348,False,6,10.0,18.67816091954023,In Stock,Mid (11-20%)
Beverages,Nestle A+ Nourish Dahi,35.0,2,6,34.0,200,False,200,1.0,17.5,In Stock,Low (1-10%)
Beverages,Britannia Burger Bun with Sesame Seed,15.0,0,4,15.0,100,False,100,0.0,15.0,In Stock,No Discount
Beverages,Amul Frozen Malai Paneer,75.0,2,6,73.0,200,False,200,2.0,37.5,In Stock,Low (1-10%)
Beverages,iD Natural Paneer,105.0,5,6,99.0,200,False,200,6.0,52.5,In Stock,Low (1-10%)
Beverages,Britannia Fruit Bun,17.0,0,3,17.0,100,False,100,0.0,17.0,In Stock,No Discount
Beverages,Amul Cheese - Processed Slices,122.0,1,6,120.0,200,False,200,2.0,61.0,In Stock,Low (1-10%)
Beverages,iD Curd Cup,60.0,0,6,60.0,400,False,400,0.0,15.0,In Stock,No Discount
Beverages,The Bake Shop Premium White Sandwich Bread,30.0,0,1,30.0,400,False,400,0.0,7.5,Low Stock,No Discount
Beverages,Britannia Multigrain Bread,55.0,0,4,55.0,400,False,400,0.0,13.750000000000002,In Stock,No Discount
Beverages,Amul Processed Cheese Block,106.0,0,6,106.0,200,False,200,0.0,53.0,In Stock,No Discount
Beverages,Nestle A+ Nourish Dahi,70.0,2,6,68.0,400,False,400,2.0,17.5,In Stock,Low (1-10%)
Beverages,Arden Eggs Brown,85.0,7,4,79.0,348,False,6,6.0,24.42528735632184,In Stock,Low (1-10%)
Beverages,Epigamia Misti Doi,30.0,0,6,30.0,85,False,85,0.0,35.294117647058826,In Stock,No Discount
Beverages,Amul Cheese - Block,245.0,2,6,240.0,500,False,500,5.0,49.0,In Stock,Low (1-10%)
Beverages,Amul Butter - Pasteurised (School Pack),59.0,3,6,57.0,100,False,100,2.0,59.0,In Stock,Low (1-10%)
Beverages,Britannia Brown Bread,42.0,0,4,42.0,400,False,400,0.0,10.5,In Stock,No Discount
Beverages,Amul Fresh Cream,197.0,3,3,191.0,1000,False,1,6.0,19.7,In Stock,Low (1-10%)
Beverages,Epigamia Natural Greek Yogurt,45.0,0,6,45.0,90,False,90,0.0,50.0,In Stock,No Discount
Beverages,The Bake Shop Pizza Base,30.0,0,1,30.0,150,False,150,0.0,20.0,Low Stock,No Discount
Beverages,Amul Delicious Fat Spread - Cholesterol Free,18.0,5,6,17.0,100,False,100,1.0,18.0,In Stock,Low (1-10%)
Beverages,D'lecta Dairy Cream,54.0,5,6,51.0,200,False,200,3.0,27.0,In Stock,Low (1-10%)
Beverages,Nestle A+ Actiplus Probiotic Dahi Plain Curd,78.0,3,5,75.0,400,False,400,3.0,19.5,In Stock,Low (1-10%)
Beverages,Bio Nutrients Pure Diet Tofu Gold,60.0,5,5,57.0,200,False,200,3.0,30.0,In Stock,Low (1-10%)
Beverages,Amul Delicious Fat Spread - Cholesterol Free,88.0,2,2,86.0,500,False,500,2.0,17.599999999999998,Low Stock,Low (1-10%)
Beverages,Amul Mithai Mate Condensed Sweetened Milk,56.0,3,4,54.0,200,False,200,2.0,28.000000000000004,In Stock,Low (1-10%)
Beverages,Arden Desi Eggs,110.0,13,4,95.0,348,False,6,15.0,31.60919540229885,In Stock,Mid (11-20%)
Beverages,Amul Cheese - Pepper,85.0,3,6,82.0,200,False,200,3.0,42.5,In Stock,Low (1-10%)
Beverages,Amul Cheese Spread Creamy,85.0,5,6,80.0,180,False,180,5.0,47.22222222222222,In Stock,Low (1-10%)
Beverages,The Bake Shop Foot Long,40.0,0,1,40.0,200,False,200,0.0,20.0,Low Stock,No Discount
Beverages,Amul Cheese Slices,360.0,0,1,359.0,750,False,750,1.0,48.0,Low Stock,No Discount
Beverages,Suguna Sharp Egg,72.0,13,3,62.0,348,False,6,10.0,20.689655172413794,In Stock,Mid (11-20%)
Beverages,Amul Cheese Sauce Mexican Salsa,75.0,4,1,72.0,200,False,200,3.0,37.5,Low Stock,Low (1-10%)
Beverages,Nestle Everyday Dairy Whitener,210.0,0,4,210.0,400,False,400,0.0,52.5,In Stock,No Discount
Beverages,Amul Pizza Cheese Processed,109.0,4,6,104.0,200,False,200,5.0,54.50000000000001,In Stock,Low (1-10%)
Beverages,Betty Crocker Complete Pancake Mix Original,110.0,4,6,105.0,250,False,500,5.0,44.0,In Stock,Low (1-10%)
Beverages,Amul Lite Spread,40.0,2,5,39.0,100,False,100,1.0,40.0,In Stock,Low (1-10%)
Beverages,Go Cheese Slice - Plain,140.0,5,6,133.0,200,False,200,7.0,70.0,In Stock,Low (1-10%)
Beverages,Pillsbury Choco Chip Pancake Mix,99.0,5,6,94.0,165,False,165,5.0,60.0,In Stock,Low (1-10%)
Beverages,RRO Sour Cream,275.0,50,4,137.0,200,False,200,138.0,137.5,In Stock,High (21%+)
Beverages,D'lecta Natural Feta Cheese Block,100.0,5,4,95.0,100,False,100,5.0,100.0,In Stock,Low (1-10%)
Beverages,Suguna Active - DHA,72.0,13,4,62.0,348,False,6,10.0,20.689655172413794,In Stock,Mid (11-20%)
Beverages,Go Cheese Processed Angles Plain,100.0,5,6,95.0,160,False,160,5.0,62.5,In Stock,Low (1-10%)
Beverages,Epigamia Greek Yogurt - Natural,200.0,0,1,200.0,400,False,400,0.0,50.0,Low Stock,No Discount
Beverages,Amul Unsalted Cooking Butter,245.0,2,6,238.0,500,False,500,7.0,49.0,In Stock,Low (1-10%)
Beverages,The Whole Truth Dark Chocolate Peanut Butter - Creamy,235.0,25,6,174.0,325,False,325,61.0,72.3076923076923,In Stock,High (21%+)
Beverages,The Laughing Cow Cheese Slices,155.0,0,2,155.0,200,False,200,0.0,77.5,Low Stock,No Discount
Beverages,Epigamia Almond Milk Unsweetened Dairy Free,300.0,33,4,199.0,1000,False,1,101.0,30.0,In Stock,High (21%+)
Beverages,Go Cheese  Spread Plain,99.0,5,6,94.0,200,False,200,5.0,49.5,In Stock,Low (1-10%)
Beverages,So Good Almond Milk - Natural Unsweetened,70.0,0,4,70.0,200,False,200,0.0,35.0,In Stock,No Discount
Beverages,Amul Cheese Sauce Jalapeno,75.0,0,5,75.0,200,False,200,0.0,37.5,In Stock,No Discount
Beverages,D'lecta Cream Cheese,169.0,4,4,161.0,150,False,150,8.0,112.66666666666667,In Stock,Low (1-10%)
Beverages,Dlecta Natural Cheddar Slices,199.0,5,6,189.0,200,False,200,10.0,99.5,In Stock,Low (1-10%)
Beverages,Suguna Heart- Omega3,72.0,13,4,62.0,348,False,6,10.0,20.689655172413794,In Stock,Mid (11-20%)
Beverages,Go Cheese Spread - Garlic,99.0,5,6,94.0,200,False,200,5.0,49.5,In Stock,Low (1-10%)
Beverages,Go Pizza Cheese,140.0,5,6,133.0,200,False,200,7.0,70.0,In Stock,Low (1-10%)
Beverages,RRO Cheddar Block Cheese,295.0,50,6,147.0,200,False,200,148.0,147.5,In Stock,High (21%+)
Beverages,The Whole Truth Peanut Butter With Dates - Creamy No Sugar,215.0,9,6,194.0,325,False,325,21.0,66.15384615384615,In Stock,Low (1-10%)
Beverages,Suguna Fit Egg,120.0,43,4,68.0,348,False,6,52.0,34.48275862068966,In Stock,High (21%+)
Beverages,Pantai Coconut Cream,150.0,4,4,143.0,400,False,400,7.0,37.5,In Stock,Low (1-10%)
Beverages,RRO Fresh Ricotta,275.0,50,6,137.0,200,False,200,138.0,137.5,In Stock,High (21%+)
Beverages,Dlecta Cheese Cubes 2,145.0,5,6,137.0,200,False,200,8.0,72.5,In Stock,Low (1-10%)
Beverages,RRO Mozzarella Pizza Cheese,275.0,50,6,137.0,200,False,200,138.0,137.5,In Stock,High (21%+)
Beverages,The Laughing Cow Cheese Cubes,150.0,0,4,150.0,200,False,200,0.0,75.0,In Stock,No Discount
Beverages,Yogabar 100% Pure Peanut Butter Creamy & Yummy Unsweetened,229.0,10,6,206.0,400,False,400,23.0,57.25,In Stock,Low (1-10%)
Beverages,RRO Burrata Cheese,250.0,50,4,125.0,200,False,200,125.0,125.0,In Stock,High (21%+)
Beverages,The Whole Truth Dark Chocolate Peanut Butter - Crunchy,235.0,20,5,188.0,325,False,325,47.0,72.3076923076923,In Stock,Mid (11-20%)
Beverages,Go Cheese Processed Squares,125.0,5,6,118.0,200,False,200,7.0,62.5,In Stock,Low (1-10%)
Beverages,Funfoods Peanut Butter Crunchy,169.0,7,1,156.0,400,False,400,13.0,42.25,Low Stock,Low (1-10%)
Beverages,Amul Safed Makkhan,235.0,1,6,232.0,500,False,500,3.0,47.0,In Stock,Low (1-10%)
Beverages,Go Cheese Spread - Four Pepper (Soft & Creamy),99.0,5,6,94.0,200,False,200,5.0,49.5,In Stock,Low (1-10%)
Beverages,Dlicia Whip Topping Bottle,235.0,27,5,171.0,1000,False,1,64.0,23.5,In Stock,High (21%+)
Beverages,Amulya Dairy Whitener,380.0,2,4,372.0,1000,False,1,8.0,38.0,In Stock,Low (1-10%)
Beverages,Laughing Cow Cheese 8 Portion 120Gm Imported,110.0,0,6,110.0,120,False,120,0.0,91.66666666666666,In Stock,No Discount
Beverages,The Whole Truth Peanut Butter - Sweetened & Crunchy,215.0,20,6,172.0,325,False,325,43.0,66.15384615384615,In Stock,Mid (11-20%)
Beverages,Go Processed Cheese Block,125.0,4,6,119.0,200,False,200,6.0,62.5,In Stock,Low (1-10%)
Beverages,Go Cheese Processed Block,249.0,4,6,237.0,400,False,400,12.0,62.25000000000001,In Stock,Low (1-10%)
Beverages,RRO Goat Milk Fetta Cheee,345.0,31,6,237.0,100,False,100,108.0,345.0,In Stock,High (21%+)
Beverages,RRO Mascarpone Cheese,355.0,50,6,177.0,200,False,200,178.0,177.5,In Stock,High (21%+)
Beverages,D'lecta Cheddar Cheese,199.0,5,6,189.0,200,False,200,10.0,99.5,In Stock,Low (1-10%)
Beverages,Funfoods Peanut Butter Creamy,169.0,0,1,169.0,400,False,400,0.0,42.25,Low Stock,No Discount
Beverages,Pantai Coconut Milk,150.0,0,4,150.0,400,False,400,0.0,37.5,In Stock,No Discount
Beverages,Dlecta Cheese Block,145.0,0,6,145.0,200,False,200,0.0,72.5,In Stock,No Discount
Beverages,President Butter - Salted,54.0,0,6,54.0,100,False,100,0.0,54.0,In Stock,No Discount
Beverages,The Laughing Cow Plain Processed Cheese Block,150.0,0,6,150.0,200,False,200,0.0,75.0,In Stock,No Discount
Beverages,Yoga Bar Peanut Butter Dark Chocolate Jar,249.0,0,4,249.0,400,False,400,0.0,62.25000000000001,In Stock,No Discount
Beverages,The Laughing Cow Cheese Spread Plain,110.0,0,6,110.0,180,False,180,0.0,61.111111111111114,In Stock,No Discount
Beverages,Amul Malai Paneer Fresh,76.0,3,0,73.0,200,True,200,3.0,38.0,Out of Stock,Low (1-10%)
Beverages,Amul Taaza Toned Homogenised Milk,66.0,3,0,64.0,1000,True,1,2.0,6.6000000000000005,Out of Stock,Low (1-10%)
Beverages,Amul Fresh Cream,63.0,0,0,63.0,250,True,250,0.0,25.2,Out of Stock,No Discount
Beverages,Amul Lactose Free Milk,25.0,4,0,24.0,250,True,250,1.0,10.0,Out of Stock,Low (1-10%)
Beverages,The Bake Shop Whole Wheat Bread,40.0,0,0,40.0,400,True,400,0.0,10.0,Out of Stock,No Discount
Beverages,Amul Slim Trim Skimmed Milk,75.0,0,0,75.0,1000,True,1,0.0,7.5,Out of Stock,No Discount
Beverages,Amul Cheese Slices,71.0,1,0,70.0,100,True,100,1.0,71.0,Out of Stock,Low (1-10%)
Beverages,Amul Pizza Cheese - Mozzarella,100.0,1,0,99.0,200,True,200,1.0,50.0,Out of Stock,Low (1-10%)
Beverages,The Bake Shop Pizza Base Whole Wheat,30.0,0,0,30.0,150,True,150,0.0,20.0,Out of Stock,No Discount
Beverages,Nestle A+ Slim Dahi - Low Fat,78.0,3,0,75.0,400,True,400,3.0,19.5,Out of Stock,Low (1-10%)
Beverages,Britannia Cheese Garlic Bread,35.0,0,0,35.0,300,True,300,0.0,11.666666666666666,Out of Stock,No Discount
Beverages,The Bake Shop Whole Wheat Ladi Pav,40.0,0,0,40.0,200,True,200,0.0,20.0,Out of Stock,No Discount
Beverages,Amul Cheese Spread Yummy Plain,85.0,0,0,85.0,200,True,200,0.0,42.5,Out of Stock,No Discount
Beverages,Britannia Atta Kulcha,30.0,0,0,30.0,250,True,250,0.0,12.0,Out of Stock,No Discount
Beverages,Suguna Nourish Egg,62.0,0,0,62.0,696,True,12,0.0,8.908045977011495,Out of Stock,No Discount
Beverages,The Bake Shop Multi Grain Bread,65.0,0,0,65.0,400,True,400,0.0,16.25,Out of Stock,No Discount
Beverages,Nestle A+ Slim Milk,89.0,0,0,89.0,1000,True,1,0.0,8.9,Out of Stock,No Discount
Beverages,Go Cheese Pizza Blend Mozzarella + Cheddar,125.0,5,0,118.0,200,True,200,7.0,62.5,Out of Stock,Low (1-10%)
Beverages,The Whole Truth Peanut Butter - Unsweetened & Crunchy,185.0,20,0,148.0,325,True,325,37.0,56.92307692307692,Out of Stock,Mid (11-20%)
Beverages,Amul Cheese Spread Spicy Garlic,85.0,3,0,82.0,200,True,200,3.0,42.5,Out of Stock,Low (1-10%)
Beverages,The Bake Shop Burger Buns,20.0,0,0,20.0,100,True,100,0.0,20.0,Out of Stock,No Discount
Beverages,D'lecta Shredded Mozzarella Cheese,100.0,5,0,95.0,140,True,140,5.0,71.42857142857143,Out of Stock,Low (1-10%)
Beverages,Britannia Burger Bun with Sesame Seed,30.0,0,0,30.0,200,True,200,0.0,15.0,Out of Stock,No Discount
Beverages,Suguna Vitamin D Egg,75.0,17,0,62.0,348,True,6,13.0,21.551724137931032,Out of Stock,Mid (11-20%)
Beverages,Pillsbury Pancake Mix - Funfetti,99.0,11,0,88.0,162,True,162,11.0,61.111111111111114,Out of Stock,Mid (11-20%)
Beverages,Prabhat Malai Paneer Pouch,80.0,0,0,80.0,200,True,200,0.0,40.0,Out of Stock,No Discount
Beverages,Suguna Nourish Egg,72.0,16,0,60.0,348,True,6,12.0,20.689655172413794,Out of Stock,Mid (11-20%)
Beverages,RRO Mozzarella Block Cheese,295.0,50,0,147.0,200,True,200,148.0,147.5,Out of Stock,High (21%+)
Packaged Food,Maggi 2 Minute Masala Noodles,12.0,0,6,12.0,70,False,70,0.0,17.142857142857142,In Stock,No Discount
Packaged Food,iD Idli & Dosa Batter,80.0,15,6,68.0,1000,False,1,12.0,8.0,In Stock,Mid (11-20%)
Packaged Food,iD Malabar Parota,80.0,10,4,72.0,400,False,400,8.0,20.0,In Stock,Low (1-10%)
Packaged Food,iD Wheat Lachha Paratha,80.0,12,6,70.0,400,False,400,10.0,20.0,In Stock,Mid (11-20%)
Packaged Food,McCain Aloo Tikki,110.0,4,6,105.0,400,False,400,5.0,27.500000000000004,In Stock,Low (1-10%)
Packaged Food,McCain Smiles Cripsy Happy Potatoes,120.0,5,6,114.0,415,False,415,6.0,28.915662650602407,In Stock,Low (1-10%)
Packaged Food,McCain Veggie Burger Patty,115.0,3,6,111.0,360,False,360,4.0,31.944444444444443,In Stock,Low (1-10%)
Packaged Food,McCain Veggie Fingers,117.0,5,6,111.0,400,False,400,6.0,29.25,In Stock,Low (1-10%)
Packaged Food,Amul Delicious Fat Spread - Cholesterol Free,18.0,5,6,17.0,100,False,100,1.0,18.0,In Stock,Low (1-10%)
Packaged Food,Whiskas Wet  Meal (Adult - Cat Food)  Chicken in Gravy,35.0,2,2,34.0,85,False,85,1.0,41.17647058823529,Low Stock,Low (1-10%)
Packaged Food,McCain Chilli Garlic Potato Bites Crunchy Potato Nuggets,125.0,5,1,118.0,420,False,420,7.0,29.761904761904763,Low Stock,Low (1-10%)
Packaged Food,Ching's Secret Instant Hot Garlic Noodles,15.0,0,3,15.0,60,False,60,0.0,25.0,In Stock,No Discount
Packaged Food,Veeba Eggless Mayonnaise,79.0,11,5,70.0,250,False,250,9.0,31.6,In Stock,Mid (11-20%)
Packaged Food,Ching's Secret Instant Schezwan Noodles,15.0,0,6,15.0,60,False,60,0.0,25.0,In Stock,No Discount
Packaged Food,Veeba Pasta And Pizza Sauce,75.0,13,5,65.0,280,False,280,10.0,26.785714285714285,In Stock,Mid (11-20%)
Packaged Food,Top Ramen  Noodles Curry Veg Pouch,20.0,0,1,20.0,70,False,70,0.0,28.57142857142857,Low Stock,No Discount
Packaged Food,Saffola Veggie Twist Masala Oats,15.0,0,6,15.0,38,False,38,0.0,39.473684210526315,In Stock,No Discount
Packaged Food,Unibic Almond & Oats Protein Bar,40.0,17,4,33.0,30,False,30,7.0,133.33333333333331,In Stock,Mid (11-20%)
Packaged Food,Quaker Oats,79.0,0,2,79.0,400,False,400,0.0,19.75,Low Stock,No Discount
Packaged Food,Amul Delicious Fat Spread - Cholesterol Free,88.0,2,2,86.0,500,False,500,2.0,17.599999999999998,Low Stock,Low (1-10%)
Packaged Food,McCain French Fries,120.0,5,1,114.0,420,False,420,6.0,28.57142857142857,Low Stock,Low (1-10%)
Packaged Food,Ching's Secret Manchow Instant Soup,10.0,0,1,10.0,15,False,15,0.0,66.66666666666666,Low Stock,No Discount
Packaged Food,McCain Potato Cheese Shotz,130.0,4,6,124.0,250,False,250,6.0,52.0,In Stock,Low (1-10%)
Packaged Food,McCain Masala - Fries,120.0,5,3,114.0,375,False,375,6.0,32.0,In Stock,Low (1-10%)
Packaged Food,Ching's Secret Schezwan Fried Rice Masala,15.0,0,6,15.0,20,False,20,0.0,75.0,In Stock,No Discount
Packaged Food,McCain New Mini Samosa with Cheese Pizza Style Filling,120.0,1,3,118.0,240,False,240,2.0,50.0,In Stock,Low (1-10%)
Packaged Food,McCain Chilli Cheesy Nuggets,130.0,4,1,124.0,250,False,250,6.0,52.0,Low Stock,Low (1-10%)
Packaged Food,"Whiskas Adult (+1 Year) Dry Cat Food, Ocean Fish Flavour",430.0,10,6,387.0,1200,False,1,43.0,35.833333333333336,In Stock,Low (1-10%)
Packaged Food,Chings Instant Soup - Hot & Sour,10.0,0,1,10.0,15,False,15,0.0,66.66666666666666,Low Stock,No Discount
Packaged Food,Amul Spray Infant Milk Food,197.0,2,6,193.0,500,False,500,4.0,39.4,In Stock,Low (1-10%)
Packaged Food,McCain Smiles - Pudina Chatka,120.0,5,3,114.0,375,False,375,6.0,32.0,In Stock,Low (1-10%)
Packaged Food,McCain French Fries Crisp & Delicious,175.0,4,3,167.0,750,False,750,8.0,23.333333333333332,In Stock,Low (1-10%)
Packaged Food,Ferrero Nutella Hazelnut Spread,220.0,5,2,207.0,180,False,180,13.0,122.22222222222223,Low Stock,Low (1-10%)
Packaged Food,Lijjat Garlic Papad,60.0,5,5,57.0,200,False,200,3.0,30.0,In Stock,Low (1-10%)
Packaged Food,Switz Samosa Dough Sheets,90.0,4,6,86.0,50,False,50,4.0,180.0,In Stock,Low (1-10%)
Packaged Food,Amul Cheese Spread Creamy,85.0,5,6,80.0,180,False,180,5.0,47.22222222222222,In Stock,Low (1-10%)
Packaged Food,Maggi Imli Sauce Pichkoo,22.0,0,6,22.0,90,False,90,0.0,24.444444444444443,In Stock,No Discount
Packaged Food,Whiskas Kitten (2-12 months) Dry Cat Food Food Ocean Fish,385.0,9,5,347.0,1100,False,1100,38.0,35.0,In Stock,Low (1-10%)
Packaged Food,Chings Instant Soup - Sweet Corn Veg,10.0,0,2,10.0,15,False,15,0.0,66.66666666666666,Low Stock,No Discount
Packaged Food,Whiskas Wet  Meal (Kitten - Cat Food)  Chicken in Gravy,35.0,5,2,33.0,85,False,85,2.0,41.17647058823529,Low Stock,Low (1-10%)
Packaged Food,McCain Crazy Fries Masala MixHot 'n' Tangy,120.0,5,6,114.0,400,False,400,6.0,30.0,In Stock,Low (1-10%)
Packaged Food,The Whole Truth Double Cocoa Protein Bar No Sugar,100.0,10,6,90.0,52,False,52,10.0,192.30769230769232,In Stock,Low (1-10%)
Packaged Food,Amul Happy Treats French Fries,68.0,4,1,65.0,425,False,425,3.0,16.0,Low Stock,Low (1-10%)
Packaged Food,Ferrero Nutella Hazeulnut Spread,380.0,6,5,357.0,350,False,350,23.0,108.57142857142857,In Stock,Low (1-10%)
Packaged Food,Veeba Chipolte Southwest Dressing,161.0,7,4,149.0,300,False,300,12.0,53.666666666666664,In Stock,Low (1-10%)
Packaged Food,Ching's Secret Manchow Noodles Instant Soup,15.0,0,6,15.0,20,False,20,0.0,75.0,In Stock,No Discount
Packaged Food,Yoga Bar Breakfast Protein Bar - Blueberry Pie,50.0,12,1,44.0,50,False,50,6.0,100.0,Low Stock,Mid (11-20%)
Packaged Food,Quaker Oats,199.0,7,6,184.0,1000,False,1,15.0,19.900000000000002,In Stock,Low (1-10%)
Packaged Food,The Whole Truth Mini Protein Bar - Coconut Cocoa No Added Sugar,55.0,25,6,41.0,27,False,27,14.0,203.70370370370372,In Stock,High (21%+)
Packaged Food,Switz Spring Roll Dough Sheets,90.0,4,6,86.0,1160,False,20,4.0,7.758620689655173,In Stock,Low (1-10%)
Packaged Food,Unibic Fruit & Nut Real Cranberries & Almonds Protein Bar,40.0,17,6,33.0,30,False,30,7.0,133.33333333333331,In Stock,Mid (11-20%)
Packaged Food,Ching's Secret Tomato Instant Soup,10.0,0,1,10.0,16,False,15,0.0,62.5,Low Stock,No Discount
Packaged Food,Chef's Basket Durum Wheat Elbow Pasta,160.0,50,6,80.0,500,False,500,80.0,32.0,In Stock,High (21%+)
Packaged Food,Sunfeast Yippee! Mood Masala Noodles,60.0,28,3,43.0,260,False,260,17.0,23.076923076923077,In Stock,High (21%+)
Packaged Food,MTR Breakfast Khatta Meetha Poha Mix,25.0,20,6,20.0,60,False,60,5.0,41.66666666666667,In Stock,Mid (11-20%)
Packaged Food,Kellogg's Crunchy Fruit & Nut Breakfast Cereals Muesli,445.0,9,6,401.0,750,False,750,44.0,59.333333333333336,In Stock,Low (1-10%)
Packaged Food,Ching's Secret Chilli Vinegar,50.0,0,4,50.0,170,False,170,0.0,29.411764705882355,In Stock,No Discount
Packaged Food,Ching's Red Chilli Sauce,55.0,0,6,55.0,200,False,200,0.0,27.500000000000004,In Stock,No Discount
Packaged Food,Amul Lite Spread,40.0,2,5,39.0,100,False,100,1.0,40.0,In Stock,Low (1-10%)
Packaged Food,Borges Durum Wheat Fusilli Pasta,250.0,0,3,250.0,500,False,500,0.0,50.0,In Stock,No Discount
Packaged Food,The Whole Truth Cranberry Mini Protein Bar No Sugar,55.0,20,6,44.0,27,False,27,11.0,203.70370370370372,In Stock,Mid (11-20%)
Packaged Food,The Whole Truth Mini Protein Bar - Coffee Cocoa No Added Sugar,55.0,20,6,44.0,27,False,27,11.0,203.70370370370372,In Stock,Mid (11-20%)
Packaged Food,Maggi Hot & Sweet Tomato Chilli Sauce,115.0,0,1,115.0,500,False,500,0.0,23.0,Low Stock,No Discount
Packaged Food,Sunfeast YiPPee! Noodles - Magic Masala,96.0,5,4,91.0,540,False,540,5.0,17.77777777777778,In Stock,Low (1-10%)
Packaged Food,Chef's Basket Durum Wheat Fusilli Pasta,160.0,50,6,80.0,500,False,500,80.0,32.0,In Stock,High (21%+)
Packaged Food,Top Ramen Chicken Noodles,60.0,10,1,54.0,280,False,280,6.0,21.428571428571427,Low Stock,Low (1-10%)
Packaged Food,Veeba Cheese and Chilli Sandwich Spread,89.0,11,6,79.0,275,False,275,10.0,32.36363636363636,In Stock,Mid (11-20%)
Packaged Food,Ching’s Secret Chowmein Hakka Noodles Masala,44.0,0,2,44.0,60,False,60,0.0,73.33333333333333,Low Stock,No Discount
Packaged Food,Safal Frozen - Mixed Vegetables,110.0,4,2,105.0,1000,False,1,5.0,11.0,Low Stock,Low (1-10%)
Packaged Food,MTR 3 Min Poha,25.0,0,6,25.0,60,False,60,0.0,41.66666666666667,In Stock,No Discount
Packaged Food,Ching's Manchurian Instant Noodles,15.0,0,5,15.0,60,False,60,0.0,25.0,In Stock,No Discount
Packaged Food,The Whole Truth Peanut Cocoa Mini Protein Bar No Sugar,55.0,25,6,41.0,27,False,27,14.0,203.70370370370372,In Stock,High (21%+)
Packaged Food,Gits Pav Bhaji Ready to Eat,110.0,22,6,85.0,300,False,300,25.0,36.666666666666664,In Stock,High (21%+)
Packaged Food,McCain New Mini Samosa with Cheese Corn Style Filling,120.0,1,2,118.0,240,False,240,2.0,50.0,Low Stock,Low (1-10%)
Packaged Food,Lijjat Udad Mini Papad,60.0,6,6,56.0,200,False,200,4.0,30.0,In Stock,Low (1-10%)
Packaged Food,McCain Herb & Garlic Crazy Fries Masala Mix,120.0,5,5,114.0,400,False,400,6.0,30.0,In Stock,Low (1-10%)
Packaged Food,Yoga Bar Multigrain Energy Bar Nuts And Seeds,40.0,12,4,35.0,38,False,38,5.0,105.26315789473684,In Stock,Mid (11-20%)
Packaged Food,"Ching's Secret Sauce, Green Chilli",55.0,0,5,55.0,190,False,190,0.0,28.947368421052634,In Stock,No Discount
Packaged Food,Veeba Pizza Topping,75.0,6,4,70.0,280,False,280,5.0,26.785714285714285,In Stock,Low (1-10%)
Packaged Food,Switz Paratha Puff,110.0,4,6,105.0,400,False,400,5.0,27.500000000000004,In Stock,Low (1-10%)
Packaged Food,"New Kellogg's Muesli with 21% Fruit, Nut & Seeds",325.0,6,6,305.0,500,False,500,20.0,65.0,In Stock,Low (1-10%)
Packaged Food,The Whole Truth Double Cocoa Mini Protein Bar No Sugar,55.0,20,5,44.0,27,False,27,11.0,203.70370370370372,In Stock,Mid (11-20%)
Packaged Food,Sunfeast Yippee Tricolor Pasta Seasoning,28.0,17,1,23.0,65,False,65,5.0,43.07692307692308,Low Stock,Mid (11-20%)
Packaged Food,Wingreens Cheesy Chipotle Sauce,99.0,49,1,50.0,130,False,130,49.0,76.15384615384615,Low Stock,High (21%+)
Packaged Food,Maggi Rich Tomato Ketchup,105.0,4,2,100.0,500,False,500,5.0,21.0,Low Stock,Low (1-10%)
Packaged Food,The Whole Truth Dark Chocolate Peanut Butter - Creamy,235.0,25,6,174.0,325,False,325,61.0,72.3076923076923,In Stock,High (21%+)
Packaged Food,Godrej Yummiez Chicken Nuggets,325.0,9,1,293.0,500,False,500,32.0,65.0,Low Stock,Low (1-10%)
Packaged Food,Go Cheese  Spread Plain,99.0,5,6,94.0,200,False,200,5.0,49.5,In Stock,Low (1-10%)
Packaged Food,Kellogg's Real Almond & Honey Corn Flakes,175.0,9,6,158.0,300,False,300,17.0,58.333333333333336,In Stock,Low (1-10%)
Packaged Food,The Whole Truth Vegan Almond Choco Fudge Energy Bar No Sugar,60.0,20,6,48.0,40,False,40,12.0,150.0,In Stock,Mid (11-20%)
Packaged Food,Prasuma Vegetable Momos,270.0,0,5,270.0,24,False,24,0.0,1125.0,In Stock,No Discount
Packaged Food,MTR Upma,50.0,10,6,45.0,160,False,160,5.0,31.25,In Stock,Low (1-10%)
Packaged Food,Ching's Schezwan Masala Instant Noodles,60.0,0,1,60.0,240,False,240,0.0,25.0,Low Stock,No Discount
Packaged Food,The Whole Truth Cranberry Protein Bar No Sugar,100.0,26,6,74.0,52,False,52,26.0,192.30769230769232,In Stock,High (21%+)
Packaged Food,Saffola Yummy Masala Noodles,20.0,0,2,20.0,46,False,46,0.0,43.47826086956522,Low Stock,No Discount
Packaged Food,Veeba English Mustard,74.0,6,2,69.0,300,False,300,5.0,24.666666666666668,Low Stock,Low (1-10%)
Packaged Food,Dabur Hommade Tamarind Paste,48.0,6,6,45.0,200,False,200,3.0,24.0,In Stock,Low (1-10%)
Packaged Food,Yoga Bar Breakfast Muesli - Almond Caramel (No Added Sugar),325.0,4,6,309.0,400,False,400,16.0,81.25,In Stock,Low (1-10%)
Packaged Food,The Whole Truth Mini Protein Bar - Peanut Butter No Added Sugar,55.0,25,6,41.0,27,False,27,14.0,203.70370370370372,In Stock,High (21%+)
Packaged Food,ITC Master Chef Crispy Chicken Fries,170.0,4,3,162.0,280,False,280,8.0,60.71428571428571,In Stock,Low (1-10%)
Packaged Food,Kelloggs Corn Flakes,99.0,13,6,86.0,250,False,250,13.0,39.6,In Stock,Mid (11-20%)
Packaged Food,Nissin Cup Noodles Tangy Tomato,50.0,10,2,45.0,70,False,70,5.0,71.42857142857143,Low Stock,Low (1-10%)
Packaged Food,Smith & Jones White Pasta Sauce Mix,40.0,0,3,40.0,46,False,46,0.0,86.95652173913044,In Stock,No Discount
Packaged Food,Sunfeast Yippee! Pasta Treat - Sour Cream Onion,28.0,10,1,25.0,65,False,65,3.0,43.07692307692308,Low Stock,Low (1-10%)
Packaged Food,Mothers Recipe Tamrind Date Chutney,55.0,9,2,50.0,200,False,200,5.0,27.500000000000004,Low Stock,Low (1-10%)
Packaged Food,Veeba Mint Mayonnaise,169.0,8,4,155.0,300,False,300,14.0,56.333333333333336,In Stock,Low (1-10%)
Packaged Food,Mccain Emotibites - Crispy Happy Potato Snack,130.0,0,6,129.0,415,False,415,1.0,31.32530120481928,In Stock,No Discount
Packaged Food,The Whole Truth Energy Bar Choco Cranberry Fudge,60.0,26,6,44.0,40,False,40,16.0,150.0,In Stock,High (21%+)
Packaged Food,Godrej Yummiez Chicken Lucknowi Seekh Kebab,260.0,10,4,234.0,400,False,400,26.0,65.0,In Stock,Low (1-10%)
Packaged Food,Prasuma Vegetable Momos,150.0,0,5,150.0,580,False,10,0.0,25.862068965517242,In Stock,No Discount
Packaged Food,Mother's Recipe Mixed Pickle,85.0,9,2,77.0,300,False,300,8.0,28.333333333333332,Low Stock,Low (1-10%)
Packaged Food,The Whole Truth Peanut Cocoa Protein Bar No Sugar,100.0,26,6,74.0,52,False,52,26.0,192.30769230769232,In Stock,High (21%+)
Packaged Food,Yoga Bar Breakfast Muesli - Chocolate & Cranberry,325.0,4,6,309.0,400,False,400,16.0,81.25,In Stock,Low (1-10%)
Packaged Food,Sunfeast YiPPee! Magic Masala Noodles,70.0,10,3,63.0,405,False,405,7.0,17.28395061728395,In Stock,Low (1-10%)
Packaged Food,Veeba Sweet Onion Sauce,141.0,14,4,121.0,350,False,350,20.0,40.285714285714285,In Stock,Mid (11-20%)
Packaged Food,Quaker Oats Breakfast Cereals - With Flavour Mix Nutritious Rich Source Of Energy,49.0,8,6,45.0,200,False,200,4.0,24.5,In Stock,Low (1-10%)
Packaged Food,Mother's Recipe Tamarind Paste,50.0,2,6,49.0,200,False,200,1.0,25.0,In Stock,Low (1-10%)
Packaged Food,Yogabar No Added Sugar Protein Bar Brownie,125.0,15,4,106.0,60,False,60,19.0,208.33333333333334,In Stock,Mid (11-20%)
Packaged Food,Bambino Popular Vermicelli,40.0,2,3,39.0,400,False,400,1.0,10.0,In Stock,Low (1-10%)
Packaged Food,Ching's Secret Mix Veg Instant Soup,10.0,0,3,10.0,15,False,15,0.0,66.66666666666666,In Stock,No Discount
Packaged Food,Mother's Recipe Pickle - Red Stuffed Chilli,145.0,11,3,129.0,400,False,400,16.0,36.25,In Stock,Mid (11-20%)
Packaged Food,Kellogg's No Added Sugar Muesli,335.0,11,6,298.0,500,False,500,37.0,67.0,In Stock,Mid (11-20%)
Packaged Food,Veeba Salsa Dip,119.0,6,6,111.0,360,False,360,8.0,33.05555555555556,In Stock,Low (1-10%)
Packaged Food,Veeba Thousand Island Dressing,149.0,8,6,137.0,300,False,300,12.0,49.666666666666664,In Stock,Low (1-10%)
Packaged Food,Baggry's Crunchy Muesli Almond Raisins & Honey,130.0,0,5,130.0,200,False,200,0.0,65.0,In Stock,No Discount
Packaged Food,Knorr Chinese Hot And Sour Veg Soup,55.0,3,1,53.0,43,False,43,2.0,127.90697674418605,Low Stock,Low (1-10%)
Packaged Food,Go Cheese Spread - Garlic,99.0,5,6,94.0,200,False,200,5.0,49.5,In Stock,Low (1-10%)
Packaged Food,The Whole Truth Peanut Butter With Dates - Creamy No Sugar,215.0,9,6,194.0,325,False,325,21.0,66.15384615384615,In Stock,Low (1-10%)
Packaged Food,Zorabian Chicken Smoked Ham,205.0,5,1,194.0,250,False,250,11.0,82.0,Low Stock,Low (1-10%)
Packaged Food,Kissan Pineapple Jam,165.0,9,1,149.0,500,False,500,16.0,33.0,Low Stock,Low (1-10%)
Packaged Food,Smith & Jones Masala Noodles,89.0,0,5,89.0,480,False,480,0.0,18.541666666666668,In Stock,No Discount
Packaged Food,Nestle Nestle Nan Pro Follow-Up Formula,650.0,0,6,650.0,400,False,400,0.0,162.5,In Stock,No Discount
Packaged Food,Sunfeast Yippee! Power Up Atta Noodles,96.0,15,6,81.0,280,False,280,15.0,34.285714285714285,In Stock,Mid (11-20%)
Packaged Food,McCain Super Wedges,120.0,7,6,111.0,400,False,400,9.0,30.0,In Stock,Low (1-10%)
Packaged Food,"Kellogg's Crunchy Granola Honey, Almonds, Strawberries & Pumpkin Seeds",330.0,10,1,294.0,450,False,450,36.0,73.33333333333333,Low Stock,Low (1-10%)
Packaged Food,Kellogg's Chocos,130.0,10,6,117.0,250,False,250,13.0,52.0,In Stock,Low (1-10%)
Packaged Food,Ching's Secret Just Soak - Whole Wheat Veg Hakka Noodle,32.0,0,3,32.0,150,False,150,0.0,21.333333333333336,In Stock,No Discount
Packaged Food,The Whole Truth Vegan Fig Apricot & Orange Energy Bar No Sugar,60.0,20,6,48.0,40,False,40,12.0,150.0,In Stock,Mid (11-20%)
Packaged Food,Saffola Veggie Twist Masala Oats,195.0,12,2,171.0,500,False,500,24.0,39.0,Low Stock,Mid (11-20%)
Packaged Food,ITC Master Chef Classic Aloo Tikki,80.0,10,3,72.0,320,False,320,8.0,25.0,In Stock,Low (1-10%)
Packaged Food,Smith & Jones Pink Pasta Sauce Mix,40.0,0,4,40.0,46,False,46,0.0,86.95652173913044,In Stock,No Discount
Packaged Food,Wingreens Farms Chipotle Dip,200.0,25,1,150.0,180,False,180,50.0,111.11111111111111,Low Stock,High (21%+)
Packaged Food,Kellogg's Real Almond & Honey Corn Flakes,550.0,5,3,520.0,1000,False,1,30.0,55.00000000000001,In Stock,Low (1-10%)
Packaged Food,Kellogg's Crunchy Granola Chocolate & Almonds,330.0,10,3,294.0,450,False,450,36.0,73.33333333333333,In Stock,Low (1-10%)
Packaged Food,Cornitos Cornitos Taco Shells - 6 Inches,160.0,20,4,128.0,180,False,180,32.0,88.88888888888889,In Stock,Mid (11-20%)
Packaged Food,Ching's Secret Singapore Curry Instant Noodles,15.0,0,3,15.0,60,False,60,0.0,25.0,In Stock,No Discount
Packaged Food,Mother's Recipe Pickle - Mango,125.0,9,6,113.0,400,False,500,12.0,31.25,In Stock,Low (1-10%)
Packaged Food,Godrej Yummiez Chilli Chicken Sausages,160.0,10,3,144.0,250,False,250,16.0,64.0,In Stock,Low (1-10%)
Packaged Food,Pedigree Dentastix  Dog Treat Oral Care for Adult Medium Breed,175.0,20,6,140.0,180,False,180,35.0,97.22222222222221,In Stock,Mid (11-20%)
Packaged Food,Maggi Hot & Sweet - Tomato Chilli Sauce,170.0,10,1,153.0,1000,False,1,17.0,17.0,Low Stock,Low (1-10%)
Packaged Food,Ching's Secret Asian Hot Instant Soup,15.0,0,3,15.0,15,False,15,0.0,100.0,In Stock,No Discount
Packaged Food,Kellogg’s Chocos Protein And Fibre Of 1 Roti,499.0,11,6,444.0,1200,False,1,55.0,41.583333333333336,In Stock,Mid (11-20%)
Packaged Food,Mother's Recipe Pickle - Mango,149.0,26,4,109.0,500,False,500,40.0,29.799999999999997,In Stock,High (21%+)
Packaged Food,Chings Secret Manchurian Instant Noodle,60.0,0,6,60.0,240,False,240,0.0,25.0,In Stock,No Discount
Packaged Food,Kellogg's Original Corn Flakes,310.0,6,6,290.0,875,False,875,20.0,35.42857142857142,In Stock,Low (1-10%)
Packaged Food,Ching's Singapore Curry Instant Noodles,60.0,0,4,60.0,240,False,240,0.0,25.0,In Stock,No Discount
Packaged Food,Kellogg's Almonds And Cranberries Granola,330.0,6,6,310.0,460,False,460,20.0,71.73913043478261,In Stock,Low (1-10%)
Packaged Food,Nestle Ceregrow Multigrain Cereal with Milk and Fruits - 3 to 6 years,292.0,0,6,292.0,300,False,300,0.0,97.33333333333334,In Stock,No Discount
Packaged Food,MTR 3 Minute Breakfast - Magic Masala Upma,25.0,0,6,25.0,60,False,60,0.0,41.66666666666667,In Stock,No Discount
Packaged Food,Smith & Jones Masala Noodles,68.0,10,5,61.0,360,False,360,7.0,18.88888888888889,In Stock,Low (1-10%)
Packaged Food,"Knorr Classic Tomato Soup With 100% Real Vegetabls, No Added Preservatives",55.0,0,6,55.0,53,False,53,0.0,103.77358490566037,In Stock,No Discount
Packaged Food,Godrej Yummiez Chicken Punjabi Tikka,295.0,9,6,266.0,360,False,360,29.0,81.94444444444444,In Stock,Low (1-10%)
Packaged Food,Kellogg's Corn Flakes,425.0,9,1,383.0,1000,False,1,42.0,42.5,Low Stock,Low (1-10%)
Packaged Food,Kelloggs Chocos,170.0,5,4,160.0,385,False,385,10.0,44.15584415584416,In Stock,Low (1-10%)
Packaged Food,Pedigree Puppy Dry Dog Food Food Chicken & Milk,290.0,20,6,232.0,1200,False,1200,58.0,24.166666666666668,In Stock,Mid (11-20%)
Packaged Food,Ching's Secret Lemon Coriander Instant Soup,15.0,0,5,15.0,15,False,15,0.0,100.0,In Stock,No Discount
Packaged Food,Nestle Cerelac Baby Cereal With Milk Wheat-Rice Mixed Fruit,261.0,0,6,261.0,300,False,300,0.0,87.0,In Stock,No Discount
Packaged Food,Kelloggs Chocos - Moons & Stars,660.0,40,4,396.0,1200,False,1,264.0,55.00000000000001,In Stock,High (21%+)
Packaged Food,ITC Master Chef Chicken Galouti Kebab,170.0,4,2,162.0,210,False,210,8.0,80.95238095238095,Low Stock,Low (1-10%)
Packaged Food,Yogabar 100% Pure Peanut Butter Creamy & Yummy Unsweetened,229.0,10,6,206.0,400,False,400,23.0,57.25,In Stock,Low (1-10%)
Packaged Food,Kitchens Of India Palak Paneer,130.0,30,6,91.0,285,False,285,39.0,45.614035087719294,In Stock,High (21%+)
Packaged Food,Kelloggs Chocos Fills Double Chocolat,99.0,11,6,88.0,175,False,175,11.0,56.57142857142857,In Stock,Mid (11-20%)
Packaged Food,Soulfull Ragi Bites Choco Fills,169.0,5,4,160.0,250,False,250,9.0,67.60000000000001,In Stock,Low (1-10%)
Packaged Food,Figaro Sliced Black Olive,179.0,0,6,179.0,450,False,450,0.0,39.77777777777778,In Stock,No Discount
Packaged Food,Veeba Barbeque Sauce,149.0,8,6,137.0,330,False,330,12.0,45.151515151515156,In Stock,Low (1-10%)
Packaged Food,The Whole Truth Vegan Mocha Almond Fudge Energy Bar No Sugar,60.0,20,6,48.0,40,False,40,12.0,150.0,In Stock,Mid (11-20%)
Packaged Food,"The Whole Truth - Nuts, Fruits & Seeds Muesli",325.0,20,6,260.0,350,False,350,65.0,92.85714285714286,In Stock,Mid (11-20%)
Packaged Food,Pantai Green Curry Paste,150.0,14,5,128.0,114,False,114,22.0,131.57894736842107,In Stock,Mid (11-20%)
Packaged Food,Kelloggs Special K,210.0,8,5,192.0,435,False,435,18.0,48.275862068965516,In Stock,Low (1-10%)
Packaged Food,Moi Soi Sichuan Chilli Oil- For Stir Fry Marinade Spread & Dip,280.0,50,5,140.0,175,False,175,140.0,160.0,In Stock,High (21%+)
Packaged Food,Mother's Recipe Madras Appalam,50.0,10,6,45.0,100,False,100,5.0,50.0,In Stock,Low (1-10%)
Packaged Food,Top Ramen Masala Oat Masala,80.0,10,6,72.0,280,False,280,8.0,28.57142857142857,In Stock,Low (1-10%)
Packaged Food,Saffola Everyday Peppy Tomato Masala Oats,195.0,12,6,171.0,500,False,500,24.0,39.0,In Stock,Mid (11-20%)
Packaged Food,"Ching's Secret Instant Noodles, Hot Garlic",60.0,0,4,60.0,240,False,240,0.0,25.0,In Stock,No Discount
Packaged Food,Kitchens Of India Chicken Chettinad,200.0,30,1,140.0,285,False,285,60.0,70.17543859649122,Low Stock,High (21%+)
Packaged Food,Nestle Cerelac Wheat - Stage 1,190.0,0,6,190.0,300,False,300,0.0,63.33333333333333,In Stock,No Discount
Packaged Food,Sumeru Aloo Paratha,119.0,5,6,113.0,400,False,400,6.0,29.75,In Stock,Low (1-10%)
Packaged Food,ITC Master Chef Veggie Pizza Pocket,170.0,4,4,162.0,340,False,340,8.0,50.0,In Stock,Low (1-10%)
Packaged Food,Wingreens Farms Tangy Cheese Pita Chips & Mexican Salsa Dip,60.0,15,1,51.0,70,False,70,9.0,85.71428571428571,Low Stock,Mid (11-20%)
Packaged Food,Ching's Secret Manchow Soup,55.0,0,3,55.0,55,False,55,0.0,100.0,In Stock,No Discount
Packaged Food,Veeba Carrot & Cucumber Sandwich Spread,85.0,10,6,76.0,250,False,250,9.0,34.0,In Stock,Low (1-10%)
Packaged Food,Kellogg's Real Almond & Honey Corn Flakes,370.0,12,3,324.0,650,False,650,46.0,56.92307692307692,In Stock,Mid (11-20%)
Packaged Food,Kitchens Of India Mughlai Paneer,160.0,30,4,112.0,285,False,285,48.0,56.14035087719298,In Stock,High (21%+)
Packaged Food,Ching's Secret Just Soak - Veg Hakka Noodles,30.0,0,5,30.0,150,False,150,0.0,20.0,In Stock,No Discount
Packaged Food,Ching's Secret Chowmein Hakka Noodles Masala,60.0,10,2,54.0,100,False,100,6.0,60.0,Low Stock,Low (1-10%)
Packaged Food,The Whole Truth Dark Chocolate Peanut Butter - Crunchy,235.0,20,5,188.0,325,False,325,47.0,72.3076923076923,In Stock,Mid (11-20%)
Packaged Food,Mother's Recipe Bhel Puri Chutney,55.0,9,4,50.0,200,False,200,5.0,27.500000000000004,In Stock,Low (1-10%)
Packaged Food,Kelloggs Chocos Moon & Stars,330.0,10,6,294.0,680,False,680,36.0,48.529411764705884,In Stock,Low (1-10%)
Packaged Food,Mother's Recipe Lime Pickle,120.0,5,1,114.0,400,False,400,6.0,30.0,Low Stock,Low (1-10%)
Packaged Food,Kitchens of India Dal Makhani,110.0,30,2,77.0,285,False,285,33.0,38.59649122807017,Low Stock,High (21%+)
Packaged Food,Pantai Light Soy Sauce,275.0,14,5,234.0,200,False,200,41.0,137.5,In Stock,Mid (11-20%)
Packaged Food,Ching's Secret Sweet Corn Soup,55.0,0,6,55.0,55,False,55,0.0,100.0,In Stock,No Discount
Packaged Food,"Top Ramen Noodles, Atta",80.0,0,1,80.0,280,False,280,0.0,28.57142857142857,Low Stock,No Discount
Packaged Food,Cantina Tortilla Dip Sauce Sour Creamy Tex Mex,225.0,15,5,191.0,190,False,190,34.0,118.42105263157893,In Stock,Mid (11-20%)
Packaged Food,Dabur Hommade - Rajasthan Ki Garlic Chutne,65.0,6,6,61.0,200,False,200,4.0,32.5,In Stock,Low (1-10%)
Packaged Food,MTR Seviyan Vermicelli,42.0,0,2,42.0,400,False,400,0.0,10.5,Low Stock,No Discount
Packaged Food,Pantai Oyster Sauce,275.0,14,4,234.0,200,False,200,41.0,137.5,In Stock,Mid (11-20%)
Packaged Food,Go Cheese Spread - Four Pepper (Soft & Creamy),99.0,5,6,94.0,200,False,200,5.0,49.5,In Stock,Low (1-10%)
Packaged Food,MTR Ready To Eat Paneer Butter Masala,135.0,9,2,122.0,300,False,300,13.0,45.0,Low Stock,Low (1-10%)
Packaged Food,Nestle Lactogen Stage 2 Follow-up Formula Powder,340.0,0,2,340.0,400,False,400,0.0,85.0,Low Stock,No Discount
Packaged Food,Kellogg's Crunchy Bites Chocos,190.0,10,6,171.0,375,False,375,19.0,50.66666666666667,In Stock,Low (1-10%)
Packaged Food,Veeba Hot Sweet Tomato Chilli Sauce,104.0,20,3,83.0,500,False,500,21.0,20.8,In Stock,Mid (11-20%)
Packaged Food,Borges Durum Wheat Pasta Superior Quality,250.0,40,6,149.0,500,False,500,101.0,50.0,In Stock,High (21%+)
Packaged Food,Funfoods Peanut Butter Crunchy,169.0,7,1,156.0,400,False,400,13.0,42.25,Low Stock,Low (1-10%)
Packaged Food,Pantai Red Curry Paste,60.0,0,4,60.0,50,False,50,0.0,120.0,In Stock,No Discount
Packaged Food,ITC Master Chef Chicken Seekh Kabab,325.0,0,6,325.0,500,False,500,0.0,65.0,In Stock,No Discount
Packaged Food,Del Monte Pizza & Pasta Sauce Spout Pack,99.0,0,3,99.0,400,False,400,0.0,24.75,In Stock,No Discount
Packaged Food,Pantai Sriracha Red Chilli Sauce,225.0,15,6,191.0,200,False,200,34.0,112.5,In Stock,Mid (11-20%)
Packaged Food,Hershey's Cocoa Spread,295.0,0,3,295.0,350,False,350,0.0,84.28571428571429,In Stock,No Discount
Packaged Food,Maggi Ghee Tadka Upma Express Pouch,25.0,0,6,25.0,65,False,65,0.0,38.46153846153847,In Stock,No Discount
Packaged Food,Ching's Secret Manchurian Noodles,91.0,0,5,91.0,360,False,360,0.0,25.27777777777778,In Stock,No Discount
Packaged Food,Kellogg's All Bran Wheat Flakes,220.0,6,5,205.0,425,False,425,15.0,51.76470588235295,In Stock,Low (1-10%)
Packaged Food,Yummiez Chicken Breakfast Sausages,150.0,0,3,150.0,250,False,250,0.0,60.0,In Stock,No Discount
Packaged Food,Pantai Red Curry Paste,150.0,14,3,128.0,114,False,114,22.0,131.57894736842107,In Stock,Mid (11-20%)
Packaged Food,Bagrrys Muesli Crunchy Fruit & Nut With Cranberries,330.0,10,6,297.0,400,False,400,33.0,82.5,In Stock,Low (1-10%)
Packaged Food,Quaker Oats Pouch,276.0,10,6,248.0,1500,False,1,28.0,18.4,In Stock,Low (1-10%)
Packaged Food,Prasuma Momos -  Cheesy Spicy Veg,295.0,0,6,295.0,24,False,24,0.0,,In Stock,No Discount
Packaged Food,Veeba Sriracha Chilli Garlic Sauce,149.0,8,5,137.0,320,False,320,12.0,46.5625,In Stock,Low (1-10%)
Packaged Food,Ching's Secret Just Soak - Veg Hakka Noodles,115.0,0,6,115.0,600,False,600,0.0,19.166666666666668,In Stock,No Discount
Packaged Food,Moi Soi Kung Pao Sauce - For Stir Fry Marinade Spread & Dip,280.0,50,5,140.0,175,False,175,140.0,160.0,In Stock,High (21%+)
Packaged Food,Figaro Plain Green Olive,179.0,0,6,179.0,450,False,450,0.0,39.77777777777778,In Stock,No Discount
Packaged Food,Mother's Recipe Gujrati Gorkeri Pickle,140.0,10,3,126.0,500,False,500,14.0,28.000000000000004,In Stock,Low (1-10%)
Packaged Food,Kellogg's Muesli 20% Nuts Delight,320.0,0,6,320.0,500,False,500,0.0,64.0,In Stock,No Discount
Packaged Food,Borges Farfalle Durum Wheat Pasta,250.0,0,5,250.0,500,False,500,0.0,50.0,In Stock,No Discount
Packaged Food,Kellogg's Chocos,299.0,10,4,269.0,700,False,700,30.0,42.714285714285715,In Stock,Low (1-10%)
Packaged Food,Nestle Nan Pro 4 Follow Up Formula Powder For Older Infants,620.0,0,1,620.0,400,False,400,0.0,155.0,Low Stock,No Discount
Packaged Food,Veeba Truly Tomato Ketchup,99.0,20,6,79.0,500,False,500,20.0,19.8,In Stock,Mid (11-20%)
Packaged Food,Ching's Secret Green Chilli Sauce,85.0,4,1,81.0,680,False,680,4.0,12.5,Low Stock,Low (1-10%)
Packaged Food,MTR Roasted Vermicelli,55.0,0,1,55.0,400,False,400,0.0,13.750000000000002,Low Stock,No Discount
Packaged Food,Mother's Recipe Punjabi Teekha Mang Pickle,120.0,10,4,108.0,400,False,400,12.0,30.0,In Stock,Low (1-10%)
Packaged Food,Ching's Secret Hot Garlic Instant Noodles,114.0,0,6,114.0,480,False,480,0.0,23.75,In Stock,No Discount
Packaged Food,Kellogg's Real Honey Corn Flakes,290.0,7,5,267.0,630,False,630,23.0,46.03174603174603,In Stock,Low (1-10%)
Packaged Food,ITC Master Chef Lebanese Falafel Kebab,130.0,4,4,124.0,230,False,230,6.0,56.52173913043478,In Stock,Low (1-10%)
Packaged Food,Kelloggs Chocos Fills Double Chocolaty,185.0,10,5,165.0,250,False,250,20.0,74.0,In Stock,Low (1-10%)
Packaged Food,Organic India Apple Cider Vinegar,595.0,9,2,536.0,500,False,500,59.0,119.0,Low Stock,Low (1-10%)
Packaged Food,Masala Oats Masala & Coriander,195.0,9,5,176.0,500,False,500,19.0,39.0,In Stock,Low (1-10%)
Packaged Food,Ching's Secret  Noodles - Pad Thai Lemongras,200.0,0,5,200.0,130,False,130,0.0,153.84615384615387,In Stock,No Discount
Packaged Food,Bagrrys Fruit and Nut Muesli with Cranberries,499.0,0,5,499.0,750,False,750,0.0,66.53333333333333,In Stock,No Discount
Packaged Food,Kitchens Of India Yellow Dal Tadka,110.0,30,6,77.0,285,False,285,33.0,38.59649122807017,In Stock,High (21%+)
Packaged Food,Soulfull Vanilla Fills - Ragi Bites,169.0,5,6,160.0,250,False,250,9.0,67.60000000000001,In Stock,Low (1-10%)
Packaged Food,Pantai Teriyaki Sauce with Garlic,325.0,15,6,276.0,200,False,200,49.0,162.5,In Stock,Mid (11-20%)
Packaged Food,Whiskas Adult Pocket Tuna Cat Food,410.0,0,1,410.0,1200,False,1,0.0,34.166666666666664,Low Stock,No Discount
Packaged Food,Kitchens Of India Chicken Darbari,200.0,30,4,140.0,285,False,285,60.0,70.17543859649122,In Stock,High (21%+)
Packaged Food,Soulfull Millet Muesli Fruit & Nut Almonds & Real Fruits,299.0,10,6,269.0,400,False,400,30.0,74.75,In Stock,Low (1-10%)
Packaged Food,Smith & Jones Red Pasta Sauce Mix,40.0,0,6,40.0,46,False,46,0.0,86.95652173913044,In Stock,No Discount
Packaged Food,Kellogg's Muesli Nuts Delight,425.0,9,3,383.0,750,False,750,42.0,56.666666666666664,In Stock,Low (1-10%)
Packaged Food,Kitchens of India Dal Bukhara Gravy Mix,110.0,30,6,77.0,285,False,285,33.0,38.59649122807017,In Stock,High (21%+)
Packaged Food,The Whole Truth Peanut Butter - Sweetened & Crunchy,215.0,20,6,172.0,325,False,325,43.0,66.15384615384615,In Stock,Mid (11-20%)
Packaged Food,Remia Mayonnaise,230.0,0,6,230.0,241,False,241,0.0,95.4356846473029,In Stock,No Discount
Packaged Food,Ching's Secret Green Chilli Sauce,105.0,0,6,105.0,425,False,425,0.0,24.705882352941178,In Stock,No Discount
Packaged Food,Bagrrys Fruit N Fibre Muesli - Strawberry,595.0,0,1,595.0,1000,False,1,0.0,59.5,Low Stock,No Discount
Packaged Food,Ching's Secret Tomato Oats Instant Soup,15.0,0,3,15.0,20,False,20,0.0,75.0,In Stock,No Discount
Packaged Food,Kellogg's Special K Original Corn Flakes,140.0,5,1,133.0,290,False,290,7.0,48.275862068965516,Low Stock,Low (1-10%)
Packaged Food,Moi Soi  Black Bean Sauce - Dip Spread Stir Fry & Marinade,280.0,50,5,140.0,175,False,175,140.0,160.0,In Stock,High (21%+)
Packaged Food,Tong Garden Wasabi Green Peas,175.0,4,6,167.0,150,False,150,8.0,116.66666666666667,In Stock,Low (1-10%)
Packaged Food,Ching's Secret Red Chilli Sauce,105.0,0,4,105.0,440,False,440,0.0,23.863636363636363,In Stock,No Discount
Packaged Food,Ching's Instant Hot and Sour Soup,55.0,0,5,55.0,55,False,55,0.0,100.0,In Stock,No Discount
Packaged Food,Ching's Secret Noodles - Pad Thai Original,200.0,0,6,200.0,130,False,130,0.0,153.84615384615387,In Stock,No Discount
Packaged Food,Aashirvaad Instant Meals - Khatta Meetha Pohaa With Millets,55.0,30,5,38.0,80,False,80,17.0,68.75,In Stock,High (21%+)
Packaged Food,Del Monte Black Sliced Olives,250.0,0,1,250.0,450,False,450,0.0,55.55555555555556,Low Stock,No Discount
Packaged Food,Kitchens Of India Murgh Methi,220.0,30,5,154.0,285,False,285,66.0,77.19298245614034,In Stock,High (21%+)
Packaged Food,Nestle Cerelac 5 Grains & Fruits Cereal,288.0,0,6,288.0,300,False,300,0.0,96.0,In Stock,No Discount
Packaged Food,The Whole Truth - 5 Grain Muesli No Added Sugar,325.0,20,6,260.0,350,False,350,65.0,92.85714285714286,In Stock,Mid (11-20%)
Packaged Food,Ching's Secret  Pad Thai Noodles Green Curry,200.0,0,6,200.0,130,False,130,0.0,153.84615384615387,In Stock,No Discount
Packaged Food,Aashirvaad Suji Halwa With Jaggery,75.0,0,6,75.0,70,False,70,0.0,107.14285714285714,In Stock,No Discount
Packaged Food,Mother's Recipe Mango Pickle,120.0,0,1,120.0,400,False,400,0.0,30.0,Low Stock,No Discount
Packaged Food,Ching's Secret Pad Thai Noodles - Extra Hot Thai Chilli,200.0,0,6,200.0,130,False,130,0.0,153.84615384615387,In Stock,No Discount
Packaged Food,Kellogg's Special K Original Corn Flakes,399.0,11,6,355.0,900,False,900,44.0,44.333333333333336,In Stock,Mid (11-20%)
Packaged Food,Knorr Sweet Corn Chicken Soup,55.0,0,2,55.0,42,False,42,0.0,130.95238095238096,Low Stock,No Discount
Packaged Food,Ching's Secret Tomato Soup,55.0,0,6,55.0,55,False,55,0.0,100.0,In Stock,No Discount
Packaged Food,Funfoods Peanut Butter Creamy,169.0,0,1,169.0,400,False,400,0.0,42.25,Low Stock,No Discount
Packaged Food,Japanese Choice Udon Noodles,295.0,9,6,266.0,250,False,250,29.0,118.0,In Stock,Low (1-10%)
Packaged Food,Kelloggs Muesli - With 22% Fruit Magic,320.0,10,5,288.0,500,False,500,32.0,64.0,In Stock,Low (1-10%)
Packaged Food,Dabur Hommade - Kalonji Tamatar Ki Chutney,65.0,6,6,61.0,200,False,200,4.0,32.5,In Stock,Low (1-10%)
Packaged Food,Kitchens Of India Dal Makhani,110.0,30,1,77.0,285,False,285,33.0,38.59649122807017,Low Stock,High (21%+)
Packaged Food,Aashirvaad Suji Halwa With Jaggery,55.0,30,6,38.0,80,False,80,17.0,68.75,In Stock,High (21%+)
Packaged Food,Del Monte Green Chili Sauce,55.0,0,3,55.0,190,False,190,0.0,28.947368421052634,In Stock,No Discount
Packaged Food,Pedigree Dog Food Adult Chicken & Veg,660.0,10,1,594.0,3000,False,3,66.0,22.0,Low Stock,Low (1-10%)
Packaged Food,Kellogg's Original Corn Flakes,185.0,5,6,175.0,475,False,475,10.0,38.94736842105263,In Stock,Low (1-10%)
Packaged Food,Pedigree Puppy Dry Dog Food Food Chicken & Milk,690.0,6,2,648.0,3000,False,3,42.0,23.0,Low Stock,Low (1-10%)
Packaged Food,Kitchens Of India Rajma Masala,110.0,30,5,77.0,285,False,285,33.0,38.59649122807017,In Stock,High (21%+)
Packaged Food,Kitchen Of India Ready-To-Eat Pindi Channa,110.0,30,2,77.0,285,False,285,33.0,38.59649122807017,Low Stock,High (21%+)
Packaged Food,Figaro Pitted Black Olive,179.0,0,6,179.0,450,False,450,0.0,39.77777777777778,In Stock,No Discount
Packaged Food,Cantina Tabasco Red Sauce,140.0,15,6,119.0,60,False,60,21.0,233.33333333333334,In Stock,Mid (11-20%)
Packaged Food,Mother's Recipe Pickle - Mixed,149.0,26,6,109.0,500,False,500,40.0,29.799999999999997,In Stock,High (21%+)
Packaged Food,Nestle Cerelac Baby Cereal with Milk 5 Grains & Vegetables from 18 to 24 Month,279.0,0,5,279.0,300,False,300,0.0,93.0,In Stock,No Discount
Packaged Food,Pedigree Meat Jerky Adult Dog Treat Barbecued Chicken,140.0,20,6,112.0,80,False,80,28.0,175.0,In Stock,Mid (11-20%)
Packaged Food,Veeba Peri Peri Sauce,161.0,0,6,161.0,300,False,300,0.0,53.666666666666664,In Stock,No Discount
Packaged Food,Pantai Sriracha Yellow Chilli Sauce,225.0,15,6,191.0,200,False,200,34.0,112.5,In Stock,Mid (11-20%)
Packaged Food,Praakritik Organic Jumbo Rolled Oats,190.0,11,6,169.0,500,False,500,21.0,38.0,In Stock,Mid (11-20%)
Packaged Food,Ching's Secret Just Soak - Whole Wheat Veg Hakka Noodles,123.0,0,6,123.0,600,False,600,0.0,20.5,In Stock,No Discount
Packaged Food,Pantai Spring Roll Sauce,275.0,10,6,245.0,200,False,200,30.0,137.5,In Stock,Low (1-10%)
Packaged Food,MTR Vermicelli Payasam,75.0,0,6,75.0,180,False,180,0.0,41.66666666666667,In Stock,No Discount
Packaged Food,Bagrrys Corn Flakes,350.0,0,6,350.0,880,False,800,0.0,39.77272727272727,In Stock,No Discount
Packaged Food,MTR Ready To Eat Palak Paneer,135.0,11,6,120.0,300,False,300,15.0,45.0,In Stock,Mid (11-20%)
Packaged Food,Del Monte Red Chili Sauce,55.0,0,5,55.0,190,False,190,0.0,28.947368421052634,In Stock,No Discount
Packaged Food,Kitchens of India Mutter Paneer Mix,120.0,30,4,84.0,285,False,285,36.0,42.10526315789473,In Stock,High (21%+)
Packaged Food,Pantai Green Curry Paste,60.0,6,6,56.0,50,False,50,4.0,120.0,In Stock,Low (1-10%)
Packaged Food,The Laughing Cow Cheese Spread Plain,110.0,0,6,110.0,180,False,180,0.0,61.111111111111114,In Stock,No Discount
Packaged Food,MTR Dal Fry,110.0,0,5,110.0,300,False,300,0.0,36.666666666666664,In Stock,No Discount
Packaged Food,Pantai Fish Sauce,275.0,14,6,234.0,200,False,200,41.0,137.5,In Stock,Mid (11-20%)
Packaged Food,Cantina Beans Mexican Beans,250.0,14,6,213.0,410,False,410,37.0,60.97560975609756,In Stock,Mid (11-20%)
Packaged Food,Ching's Secret Manchurian Instant Noodle,114.0,0,6,114.0,480,False,480,0.0,23.75,In Stock,No Discount
Packaged Food,Remia Salad Italian Dressing,230.0,0,6,230.0,250,False,250,0.0,92.0,In Stock,No Discount
Packaged Food,Yummiez Veg Cheese Fingers Pouch,230.0,0,4,230.0,400,False,400,0.0,57.49999999999999,In Stock,No Discount
Packaged Food,MTR Dal Makhani,110.0,0,4,110.0,300,False,300,0.0,36.666666666666664,In Stock,No Discount
Packaged Food,MTR Ready to Eat Pav Bhaji,110.0,0,6,110.0,300,False,300,0.0,36.666666666666664,In Stock,No Discount
Packaged Food,Weikfield Tomato Salsa Instant Pasta,25.0,0,1,25.0,77,False,77,0.0,32.467532467532465,Low Stock,No Discount
Packaged Food,Nestlé CERELAC Baby Cereal with Milk,272.0,0,1,272.0,300,False,300,0.0,90.66666666666666,Low Stock,No Discount
Packaged Food,Remia Salad Caesar Dressing,250.0,0,6,250.0,250,False,250,0.0,100.0,In Stock,No Discount
Packaged Food,Bagrrys Fruit N Fibre Muesli Mixed Fruit,330.0,0,6,330.0,500,False,500,0.0,66.0,In Stock,No Discount
Packaged Food,MTR Paneer Butter Masala & Veg Pulao,175.0,9,4,158.0,375,False,375,17.0,46.666666666666664,In Stock,Low (1-10%)
Packaged Food,Sundrop Cocoa Nut Hazelnut Chocolatey Spread,120.0,0,6,120.0,160,False,160,0.0,75.0,In Stock,No Discount
Packaged Food,Moi Soi Manchurian Sauce - For Stir Fry Marinade Spread & Dip,280.0,50,6,140.0,175,False,175,140.0,160.0,In Stock,High (21%+)
Packaged Food,Pedigree Dog Food Adult Meat & Rice,660.0,7,2,608.0,3000,False,3,52.0,22.0,Low Stock,Low (1-10%)
Packaged Food,Pantai Sriracha Green Chilli Sauce,225.0,15,6,191.0,200,False,200,34.0,112.5,In Stock,Mid (11-20%)
Packaged Food,Pantai Chilli Garlic Sauce,275.0,14,6,234.0,200,False,200,41.0,137.5,In Stock,Mid (11-20%)
Packaged Food,Pantai Dark Soy Sauce,275.0,14,6,234.0,200,False,200,41.0,137.5,In Stock,Mid (11-20%)
Packaged Food,Yoga Bar Peanut Butter Dark Chocolate Jar,249.0,0,4,249.0,400,False,400,0.0,62.25000000000001,In Stock,No Discount
Packaged Food,Cantina Tabasco Green Sauce,140.0,15,6,119.0,60,False,60,21.0,233.33333333333334,In Stock,Mid (11-20%)
Packaged Food,Pantai Pad Thai Sauce (Non-Veg),325.0,9,5,293.0,200,False,200,32.0,162.5,In Stock,Low (1-10%)
Packaged Food,Pantai Sweet Chilli Sauce,275.0,14,6,234.0,200,False,200,41.0,137.5,In Stock,Mid (11-20%)
Packaged Food,Ching's Secret Schezwan Instant Noodle,114.0,0,6,114.0,480,False,480,0.0,23.75,In Stock,No Discount
Packaged Food,Yummiez Chicken Garlic Fingers Pouch,250.0,0,5,250.0,400,False,400,0.0,62.5,In Stock,No Discount
Packaged Food,Pediasure Premium Chocolate Powdered Health Drink,610.0,0,2,610.0,400,False,400,0.0,152.5,Low Stock,No Discount
Packaged Food,Chings Secret Hot Garlic Instant Noodles,91.0,0,6,91.0,60,False,60,0.0,151.66666666666666,In Stock,No Discount
Packaged Food,Godrej Yummiez Cheese Corn Nuggets,230.0,0,4,230.0,400,False,400,0.0,57.49999999999999,In Stock,No Discount
Packaged Food,Pantai Hot Chilli Sauce,275.0,14,6,234.0,200,False,200,41.0,137.5,In Stock,Mid (11-20%)
Packaged Food,Knorr International Mexican Tomato Corn Soup,65.0,6,3,61.0,52,False,52,4.0,125.0,In Stock,Low (1-10%)
Packaged Food,Bagrry's Fruit Fibre Muesli Mixed Fruit,595.0,0,5,595.0,1000,False,1,0.0,59.5,In Stock,No Discount
Packaged Food,MTR Roasted Vermicelli,105.0,0,4,105.0,850,False,850,0.0,12.352941176470589,In Stock,No Discount
Packaged Food,Maggi 2-Minute Instant Noodles - Masala,44.0,0,0,44.0,280,True,280,0.0,15.714285714285714,Out of Stock,No Discount
Packaged Food,"Kurkure Green Chutney, Rajasthani Style",20.0,0,0,20.0,90,True,90,0.0,22.22222222222222,Out of Stock,No Discount
Packaged Food,Kellogg's Chocos Combo Pack,60.0,6,0,56.0,156,True,156,4.0,38.46153846153847,Out of Stock,Low (1-10%)
Packaged Food,Kissan Mixed Fruit Jam,155.0,0,0,155.0,500,True,500,0.0,31.0,Out of Stock,No Discount
Packaged Food,Lijjat Urad Papad,60.0,5,0,57.0,200,True,200,3.0,30.0,Out of Stock,Low (1-10%)
Packaged Food,Amul Cheese Spread Yummy Plain,85.0,0,0,85.0,200,True,200,0.0,42.5,Out of Stock,No Discount
Packaged Food,Mother's Recipe Ginger And Garlic Paste,50.0,24,0,38.0,200,True,200,12.0,25.0,Out of Stock,High (21%+)
Packaged Food,Maggi Magic Cubes Chicken,40.0,2,0,39.0,40,True,40,1.0,100.0,Out of Stock,Low (1-10%)
Packaged Food,Pedigree Puppy Chicken Chunks in Gravy,35.0,2,0,34.0,70,True,70,1.0,50.0,Out of Stock,Low (1-10%)
Packaged Food,The Whole Truth Peanut Butter - Unsweetened & Crunchy,185.0,20,0,148.0,325,True,325,37.0,56.92307692307692,Out of Stock,Mid (11-20%)
Packaged Food,Ching's Chow Mein Hakka Noodles Masala,10.0,0,0,10.0,20,True,20,0.0,50.0,Out of Stock,No Discount
Packaged Food,Safal Frozen Mixed Vegetables,60.0,5,0,57.0,500,True,500,3.0,12.0,Out of Stock,Low (1-10%)
Packaged Food,Safal Frozen Corn,41.0,4,0,39.0,200,True,200,2.0,20.5,Out of Stock,Low (1-10%)
Packaged Food,Amul Cheese Spread Spicy Garlic,85.0,3,0,82.0,200,True,200,3.0,42.5,Out of Stock,Low (1-10%)
Packaged Food,Ching's Secret Veg Hakka Noodles,107.0,0,0,107.0,600,True,600,0.0,17.833333333333336,Out of Stock,No Discount
Packaged Food,Saffola Oats 100 % Natural,15.0,0,0,15.0,38,True,38,0.0,39.473684210526315,Out of Stock,No Discount
Packaged Food,Lijjat Moong Papad,60.0,5,0,57.0,200,True,200,3.0,30.0,Out of Stock,Low (1-10%)
Packaged Food,Mothers Recipe Papad - Sabudana With Rock Salt,31.0,9,0,28.0,70,True,70,3.0,44.285714285714285,Out of Stock,Low (1-10%)
Packaged Food,Maggi Chilly Chow Cuppa Noodles,50.0,0,0,50.0,70,True,70,0.0,71.42857142857143,Out of Stock,No Discount
Packaged Food,Veeba Favourites Eggless Burger Mayonnaise,69.0,8,0,63.0,250,True,250,6.0,27.6,Out of Stock,Low (1-10%)
Packaged Food,Sunfeast Yippee! Magic Masala Noodles,48.0,6,0,45.0,240,True,240,3.0,20.0,Out of Stock,Low (1-10%)
Packaged Food,Top Ramen Masala,91.0,9,0,82.0,560,True,560,9.0,16.25,Out of Stock,Low (1-10%)
Packaged Food,Kelloggs Corn Flakes With Real Strawberry Pure,265.0,10,0,236.0,575,True,575,29.0,46.08695652173913,Out of Stock,Low (1-10%)
Packaged Food,Mother's Recipe Potato Papad,31.0,9,0,28.0,70,True,75,3.0,44.285714285714285,Out of Stock,Low (1-10%)
Packaged Food,Mothers Recipe Rice Papad Ajwain,24.0,0,0,24.0,75,True,75,0.0,32.0,Out of Stock,No Discount
Packaged Food,Chef's Basket Durum Wheat Penne Pasta,160.0,50,0,80.0,500,True,500,80.0,32.0,Out of Stock,High (21%+)
Packaged Food,Dabur Hommade - Imli Sauce Saunth,20.0,10,0,18.0,100,True,100,2.0,20.0,Out of Stock,Low (1-10%)
Packaged Food,Zorabian Chicken Kheema Parathas,190.0,0,0,190.0,300,True,300,0.0,63.33333333333333,Out of Stock,No Discount
Packaged Food,Sunfeast Pasta Treat Pack of Tomato Cheese,28.0,17,0,23.0,65,True,65,5.0,43.07692307692308,Out of Stock,Mid (11-20%)
Packaged Food,Safal Frozen - Sweet Corn,160.0,5,0,152.0,1000,True,1,8.0,16.0,Out of Stock,Low (1-10%)
Packaged Food,MTR Vegetable Upma,25.0,0,0,25.0,60,True,60,0.0,41.66666666666667,Out of Stock,No Discount
Packaged Food,Del Monte Original Blend Tomato Ketchup Pouch,120.0,7,0,111.0,950,True,950,9.0,12.631578947368421,Out of Stock,Low (1-10%)
Packaged Food,Del Monte Natural Vinegar,55.0,3,0,53.0,180,True,180,2.0,30.555555555555557,Out of Stock,Low (1-10%)
Packaged Food,Del Monte Eggless Mayo,135.0,6,0,126.0,500,True,500,9.0,27.0,Out of Stock,Low (1-10%)
Packaged Food,ITC Master Chef Cheesy Corn Triangles,160.0,5,0,152.0,320,True,320,8.0,50.0,Out of Stock,Low (1-10%)
Packaged Food,Mother's Recipe Mixed Pickle,115.0,4,0,110.0,400,True,400,5.0,28.749999999999996,Out of Stock,Low (1-10%)
Packaged Food,Godrej Yummiez Chicken Breakfast Salami,150.0,4,0,143.0,250,True,250,7.0,60.0,Out of Stock,Low (1-10%)
Packaged Food,Hershey's Cocoa + Almond Spread,295.0,9,0,266.0,350,True,350,29.0,84.28571428571429,Out of Stock,Low (1-10%)
Packaged Food,Maggi Special Masala Spicy Yummy Noodles,72.0,0,0,72.0,280,True,280,0.0,25.71428571428571,Out of Stock,No Discount
Packaged Food,Del Monte Schezwan Sauce,55.0,0,0,55.0,190,True,190,0.0,28.947368421052634,Out of Stock,No Discount
Packaged Food,Yummiez Green Peas,135.0,0,0,135.0,500,True,500,0.0,27.0,Out of Stock,No Discount
Packaged Food,Yummiez Green Peas,250.0,0,0,250.0,1000,True,1,0.0,25.0,Out of Stock,No Discount
Packaged Food,Yummiez American Sweet Corn,85.0,0,0,85.0,400,True,400,0.0,21.25,Out of Stock,No Discount
Packaged Food,Dr Oetker Cucumber & Carrot Sandwich Spread Veg,79.0,0,0,79.0,250,True,250,0.0,31.6,Out of Stock,No Discount
Packaged Food,Del Monte Pitted Green Olives,250.0,0,0,250.0,450,True,450,0.0,55.55555555555556,Out of Stock,No Discount
Ice Cream & Desserts,Maggi 2 Minute Masala Noodles,12.0,0,6,12.0,70,False,70,0.0,17.142857142857142,In Stock,No Discount
Ice Cream & Desserts,iD Idli & Dosa Batter,80.0,15,6,68.0,1000,False,1,12.0,8.0,In Stock,Mid (11-20%)
Ice Cream & Desserts,iD Malabar Parota,80.0,10,4,72.0,400,False,400,8.0,20.0,In Stock,Low (1-10%)
Ice Cream & Desserts,iD Wheat Lachha Paratha,80.0,12,6,70.0,400,False,400,10.0,20.0,In Stock,Mid (11-20%)
Ice Cream & Desserts,McCain Aloo Tikki,110.0,4,6,105.0,400,False,400,5.0,27.500000000000004,In Stock,Low (1-10%)
Ice Cream & Desserts,McCain Smiles Cripsy Happy Potatoes,120.0,5,6,114.0,415,False,415,6.0,28.915662650602407,In Stock,Low (1-10%)
Ice Cream & Desserts,McCain Veggie Burger Patty,115.0,3,6,111.0,360,False,360,4.0,31.944444444444443,In Stock,Low (1-10%)
Ice Cream & Desserts,McCain Veggie Fingers,117.0,5,6,111.0,400,False,400,6.0,29.25,In Stock,Low (1-10%)
Ice Cream & Desserts,Amul Delicious Fat Spread - Cholesterol Free,18.0,5,6,17.0,100,False,100,1.0,18.0,In Stock,Low (1-10%)
Ice Cream & Desserts,Whiskas Wet  Meal (Adult - Cat Food)  Chicken in Gravy,35.0,2,2,34.0,85,False,85,1.0,41.17647058823529,Low Stock,Low (1-10%)
Ice Cream & Desserts,McCain Chilli Garlic Potato Bites Crunchy Potato Nuggets,125.0,5,1,118.0,420,False,420,7.0,29.761904761904763,Low Stock,Low (1-10%)
Ice Cream & Desserts,Ching's Secret Instant Hot Garlic Noodles,15.0,0,3,15.0,60,False,60,0.0,25.0,In Stock,No Discount
Ice Cream & Desserts,Veeba Eggless Mayonnaise,79.0,11,5,70.0,250,False,250,9.0,31.6,In Stock,Mid (11-20%)
Ice Cream & Desserts,Ching's Secret Instant Schezwan Noodles,15.0,0,6,15.0,60,False,60,0.0,25.0,In Stock,No Discount
Ice Cream & Desserts,Veeba Pasta And Pizza Sauce,75.0,13,5,65.0,280,False,280,10.0,26.785714285714285,In Stock,Mid (11-20%)
Ice Cream & Desserts,Top Ramen  Noodles Curry Veg Pouch,20.0,0,1,20.0,70,False,70,0.0,28.57142857142857,Low Stock,No Discount
Ice Cream & Desserts,Saffola Veggie Twist Masala Oats,15.0,0,6,15.0,38,False,38,0.0,39.473684210526315,In Stock,No Discount
Ice Cream & Desserts,Unibic Almond & Oats Protein Bar,40.0,17,4,33.0,30,False,30,7.0,133.33333333333331,In Stock,Mid (11-20%)
Ice Cream & Desserts,Quaker Oats,79.0,0,2,79.0,400,False,400,0.0,19.75,Low Stock,No Discount
Ice Cream & Desserts,Amul Delicious Fat Spread - Cholesterol Free,88.0,2,2,86.0,500,False,500,2.0,17.599999999999998,Low Stock,Low (1-10%)
Ice Cream & Desserts,McCain French Fries,120.0,5,1,114.0,420,False,420,6.0,28.57142857142857,Low Stock,Low (1-10%)
Ice Cream & Desserts,Ching's Secret Manchow Instant Soup,10.0,0,1,10.0,15,False,15,0.0,66.66666666666666,Low Stock,No Discount
Ice Cream & Desserts,McCain Potato Cheese Shotz,130.0,4,6,124.0,250,False,250,6.0,52.0,In Stock,Low (1-10%)
Ice Cream & Desserts,McCain Masala - Fries,120.0,5,3,114.0,375,False,375,6.0,32.0,In Stock,Low (1-10%)
Ice Cream & Desserts,Ching's Secret Schezwan Fried Rice Masala,15.0,0,6,15.0,20,False,20,0.0,75.0,In Stock,No Discount
Ice Cream & Desserts,McCain New Mini Samosa with Cheese Pizza Style Filling,120.0,1,3,118.0,240,False,240,2.0,50.0,In Stock,Low (1-10%)
Ice Cream & Desserts,McCain Chilli Cheesy Nuggets,130.0,4,1,124.0,250,False,250,6.0,52.0,Low Stock,Low (1-10%)
Ice Cream & Desserts,"Whiskas Adult (+1 Year) Dry Cat Food, Ocean Fish Flavour",430.0,10,6,387.0,1200,False,1,43.0,35.833333333333336,In Stock,Low (1-10%)
Ice Cream & Desserts,Chings Instant Soup - Hot & Sour,10.0,0,1,10.0,15,False,15,0.0,66.66666666666666,Low Stock,No Discount
Ice Cream & Desserts,Amul Spray Infant Milk Food,197.0,2,6,193.0,500,False,500,4.0,39.4,In Stock,Low (1-10%)
Ice Cream & Desserts,McCain Smiles - Pudina Chatka,120.0,5,3,114.0,375,False,375,6.0,32.0,In Stock,Low (1-10%)
Ice Cream & Desserts,McCain French Fries Crisp & Delicious,175.0,4,3,167.0,750,False,750,8.0,23.333333333333332,In Stock,Low (1-10%)
Ice Cream & Desserts,Ferrero Nutella Hazelnut Spread,220.0,5,2,207.0,180,False,180,13.0,122.22222222222223,Low Stock,Low (1-10%)
Ice Cream & Desserts,Lijjat Garlic Papad,60.0,5,5,57.0,200,False,200,3.0,30.0,In Stock,Low (1-10%)
Ice Cream & Desserts,Switz Samosa Dough Sheets,90.0,4,6,86.0,50,False,50,4.0,180.0,In Stock,Low (1-10%)
Ice Cream & Desserts,Amul Cheese Spread Creamy,85.0,5,6,80.0,180,False,180,5.0,47.22222222222222,In Stock,Low (1-10%)
Ice Cream & Desserts,Maggi Imli Sauce Pichkoo,22.0,0,6,22.0,90,False,90,0.0,24.444444444444443,In Stock,No Discount
Ice Cream & Desserts,Whiskas Kitten (2-12 months) Dry Cat Food Food Ocean Fish,385.0,9,5,347.0,1100,False,1100,38.0,35.0,In Stock,Low (1-10%)
Ice Cream & Desserts,Chings Instant Soup - Sweet Corn Veg,10.0,0,2,10.0,15,False,15,0.0,66.66666666666666,Low Stock,No Discount
Ice Cream & Desserts,Whiskas Wet  Meal (Kitten - Cat Food)  Chicken in Gravy,35.0,5,2,33.0,85,False,85,2.0,41.17647058823529,Low Stock,Low (1-10%)
Ice Cream & Desserts,McCain Crazy Fries Masala MixHot 'n' Tangy,120.0,5,6,114.0,400,False,400,6.0,30.0,In Stock,Low (1-10%)
Ice Cream & Desserts,The Whole Truth Double Cocoa Protein Bar No Sugar,100.0,10,6,90.0,52,False,52,10.0,192.30769230769232,In Stock,Low (1-10%)
Ice Cream & Desserts,Amul Happy Treats French Fries,68.0,4,1,65.0,425,False,425,3.0,16.0,Low Stock,Low (1-10%)
Ice Cream & Desserts,Ferrero Nutella Hazeulnut Spread,380.0,6,5,357.0,350,False,350,23.0,108.57142857142857,In Stock,Low (1-10%)
Ice Cream & Desserts,Veeba Chipolte Southwest Dressing,161.0,7,4,149.0,300,False,300,12.0,53.666666666666664,In Stock,Low (1-10%)
Ice Cream & Desserts,Ching's Secret Manchow Noodles Instant Soup,15.0,0,6,15.0,20,False,20,0.0,75.0,In Stock,No Discount
Ice Cream & Desserts,Yoga Bar Breakfast Protein Bar - Blueberry Pie,50.0,12,1,44.0,50,False,50,6.0,100.0,Low Stock,Mid (11-20%)
Ice Cream & Desserts,Quaker Oats,199.0,7,6,184.0,1000,False,1,15.0,19.900000000000002,In Stock,Low (1-10%)
Ice Cream & Desserts,The Whole Truth Mini Protein Bar - Coconut Cocoa No Added Sugar,55.0,25,6,41.0,27,False,27,14.0,203.70370370370372,In Stock,High (21%+)
Ice Cream & Desserts,Switz Spring Roll Dough Sheets,90.0,4,6,86.0,1160,False,20,4.0,7.758620689655173,In Stock,Low (1-10%)
Ice Cream & Desserts,Unibic Fruit & Nut Real Cranberries & Almonds Protein Bar,40.0,17,6,33.0,30,False,30,7.0,133.33333333333331,In Stock,Mid (11-20%)
Ice Cream & Desserts,Ching's Secret Tomato Instant Soup,10.0,0,1,10.0,16,False,15,0.0,62.5,Low Stock,No Discount
Ice Cream & Desserts,Chef's Basket Durum Wheat Elbow Pasta,160.0,50,6,80.0,500,False,500,80.0,32.0,In Stock,High (21%+)
Ice Cream & Desserts,Sunfeast Yippee! Mood Masala Noodles,60.0,28,3,43.0,260,False,260,17.0,23.076923076923077,In Stock,High (21%+)
Ice Cream & Desserts,MTR Breakfast Khatta Meetha Poha Mix,25.0,20,6,20.0,60,False,60,5.0,41.66666666666667,In Stock,Mid (11-20%)
Ice Cream & Desserts,Kellogg's Crunchy Fruit & Nut Breakfast Cereals Muesli,445.0,9,6,401.0,750,False,750,44.0,59.333333333333336,In Stock,Low (1-10%)
Ice Cream & Desserts,Ching's Secret Chilli Vinegar,50.0,0,4,50.0,170,False,170,0.0,29.411764705882355,In Stock,No Discount
Ice Cream & Desserts,Ching's Red Chilli Sauce,55.0,0,6,55.0,200,False,200,0.0,27.500000000000004,In Stock,No Discount
Ice Cream & Desserts,Amul Lite Spread,40.0,2,5,39.0,100,False,100,1.0,40.0,In Stock,Low (1-10%)
Ice Cream & Desserts,Borges Durum Wheat Fusilli Pasta,250.0,0,3,250.0,500,False,500,0.0,50.0,In Stock,No Discount
Ice Cream & Desserts,The Whole Truth Cranberry Mini Protein Bar No Sugar,55.0,20,6,44.0,27,False,27,11.0,203.70370370370372,In Stock,Mid (11-20%)
Ice Cream & Desserts,The Whole Truth Mini Protein Bar - Coffee Cocoa No Added Sugar,55.0,20,6,44.0,27,False,27,11.0,203.70370370370372,In Stock,Mid (11-20%)
Ice Cream & Desserts,Maggi Hot & Sweet Tomato Chilli Sauce,115.0,0,1,115.0,500,False,500,0.0,23.0,Low Stock,No Discount
Ice Cream & Desserts,Sunfeast YiPPee! Noodles - Magic Masala,96.0,5,4,91.0,540,False,540,5.0,17.77777777777778,In Stock,Low (1-10%)
Ice Cream & Desserts,Chef's Basket Durum Wheat Fusilli Pasta,160.0,50,6,80.0,500,False,500,80.0,32.0,In Stock,High (21%+)
Ice Cream & Desserts,Top Ramen Chicken Noodles,60.0,10,1,54.0,280,False,280,6.0,21.428571428571427,Low Stock,Low (1-10%)
Ice Cream & Desserts,Veeba Cheese and Chilli Sandwich Spread,89.0,11,6,79.0,275,False,275,10.0,32.36363636363636,In Stock,Mid (11-20%)
Ice Cream & Desserts,Ching’s Secret Chowmein Hakka Noodles Masala,44.0,0,2,44.0,60,False,60,0.0,73.33333333333333,Low Stock,No Discount
Ice Cream & Desserts,Safal Frozen - Mixed Vegetables,110.0,4,2,105.0,1000,False,1,5.0,11.0,Low Stock,Low (1-10%)
Ice Cream & Desserts,MTR 3 Min Poha,25.0,0,6,25.0,60,False,60,0.0,41.66666666666667,In Stock,No Discount
Ice Cream & Desserts,Ching's Manchurian Instant Noodles,15.0,0,5,15.0,60,False,60,0.0,25.0,In Stock,No Discount
Ice Cream & Desserts,The Whole Truth Peanut Cocoa Mini Protein Bar No Sugar,55.0,25,6,41.0,27,False,27,14.0,203.70370370370372,In Stock,High (21%+)
Ice Cream & Desserts,Gits Pav Bhaji Ready to Eat,110.0,22,6,85.0,300,False,300,25.0,36.666666666666664,In Stock,High (21%+)
Ice Cream & Desserts,McCain New Mini Samosa with Cheese Corn Style Filling,120.0,1,2,118.0,240,False,240,2.0,50.0,Low Stock,Low (1-10%)
Ice Cream & Desserts,Lijjat Udad Mini Papad,60.0,6,6,56.0,200,False,200,4.0,30.0,In Stock,Low (1-10%)
Ice Cream & Desserts,McCain Herb & Garlic Crazy Fries Masala Mix,120.0,5,5,114.0,400,False,400,6.0,30.0,In Stock,Low (1-10%)
Ice Cream & Desserts,Yoga Bar Multigrain Energy Bar Nuts And Seeds,40.0,12,4,35.0,38,False,38,5.0,105.26315789473684,In Stock,Mid (11-20%)
Ice Cream & Desserts,"Ching's Secret Sauce, Green Chilli",55.0,0,5,55.0,190,False,190,0.0,28.947368421052634,In Stock,No Discount
Ice Cream & Desserts,Veeba Pizza Topping,75.0,6,4,70.0,280,False,280,5.0,26.785714285714285,In Stock,Low (1-10%)
Ice Cream & Desserts,Switz Paratha Puff,110.0,4,6,105.0,400,False,400,5.0,27.500000000000004,In Stock,Low (1-10%)
Ice Cream & Desserts,"New Kellogg's Muesli with 21% Fruit, Nut & Seeds",325.0,6,6,305.0,500,False,500,20.0,65.0,In Stock,Low (1-10%)
Ice Cream & Desserts,The Whole Truth Double Cocoa Mini Protein Bar No Sugar,55.0,20,5,44.0,27,False,27,11.0,203.70370370370372,In Stock,Mid (11-20%)
Ice Cream & Desserts,Sunfeast Yippee Tricolor Pasta Seasoning,28.0,17,1,23.0,65,False,65,5.0,43.07692307692308,Low Stock,Mid (11-20%)
Ice Cream & Desserts,Wingreens Cheesy Chipotle Sauce,99.0,49,1,50.0,130,False,130,49.0,76.15384615384615,Low Stock,High (21%+)
Ice Cream & Desserts,Maggi Rich Tomato Ketchup,105.0,4,2,100.0,500,False,500,5.0,21.0,Low Stock,Low (1-10%)
Ice Cream & Desserts,The Whole Truth Dark Chocolate Peanut Butter - Creamy,235.0,25,6,174.0,325,False,325,61.0,72.3076923076923,In Stock,High (21%+)
Ice Cream & Desserts,Godrej Yummiez Chicken Nuggets,325.0,9,1,293.0,500,False,500,32.0,65.0,Low Stock,Low (1-10%)
Ice Cream & Desserts,Go Cheese  Spread Plain,99.0,5,6,94.0,200,False,200,5.0,49.5,In Stock,Low (1-10%)
Ice Cream & Desserts,Kellogg's Real Almond & Honey Corn Flakes,175.0,9,6,158.0,300,False,300,17.0,58.333333333333336,In Stock,Low (1-10%)
Ice Cream & Desserts,The Whole Truth Vegan Almond Choco Fudge Energy Bar No Sugar,60.0,20,6,48.0,40,False,40,12.0,150.0,In Stock,Mid (11-20%)
Ice Cream & Desserts,Prasuma Vegetable Momos,270.0,0,5,270.0,24,False,24,0.0,1125.0,In Stock,No Discount
Ice Cream & Desserts,MTR Upma,50.0,10,6,45.0,160,False,160,5.0,31.25,In Stock,Low (1-10%)
Ice Cream & Desserts,Ching's Schezwan Masala Instant Noodles,60.0,0,1,60.0,240,False,240,0.0,25.0,Low Stock,No Discount
Ice Cream & Desserts,The Whole Truth Cranberry Protein Bar No Sugar,100.0,26,6,74.0,52,False,52,26.0,192.30769230769232,In Stock,High (21%+)
Ice Cream & Desserts,Saffola Yummy Masala Noodles,20.0,0,2,20.0,46,False,46,0.0,43.47826086956522,Low Stock,No Discount
Ice Cream & Desserts,Veeba English Mustard,74.0,6,2,69.0,300,False,300,5.0,24.666666666666668,Low Stock,Low (1-10%)
Ice Cream & Desserts,Dabur Hommade Tamarind Paste,48.0,6,6,45.0,200,False,200,3.0,24.0,In Stock,Low (1-10%)
Ice Cream & Desserts,Yoga Bar Breakfast Muesli - Almond Caramel (No Added Sugar),325.0,4,6,309.0,400,False,400,16.0,81.25,In Stock,Low (1-10%)
Ice Cream & Desserts,The Whole Truth Mini Protein Bar - Peanut Butter No Added Sugar,55.0,25,6,41.0,27,False,27,14.0,203.70370370370372,In Stock,High (21%+)
Ice Cream & Desserts,ITC Master Chef Crispy Chicken Fries,170.0,4,3,162.0,280,False,280,8.0,60.71428571428571,In Stock,Low (1-10%)
Ice Cream & Desserts,Kelloggs Corn Flakes,99.0,13,6,86.0,250,False,250,13.0,39.6,In Stock,Mid (11-20%)
Ice Cream & Desserts,Nissin Cup Noodles Tangy Tomato,50.0,10,2,45.0,70,False,70,5.0,71.42857142857143,Low Stock,Low (1-10%)
Ice Cream & Desserts,Smith & Jones White Pasta Sauce Mix,40.0,0,3,40.0,46,False,46,0.0,86.95652173913044,In Stock,No Discount
Ice Cream & Desserts,Sunfeast Yippee! Pasta Treat - Sour Cream Onion,28.0,10,1,25.0,65,False,65,3.0,43.07692307692308,Low Stock,Low (1-10%)
Ice Cream & Desserts,Mothers Recipe Tamrind Date Chutney,55.0,9,2,50.0,200,False,200,5.0,27.500000000000004,Low Stock,Low (1-10%)
Ice Cream & Desserts,Veeba Mint Mayonnaise,169.0,8,4,155.0,300,False,300,14.0,56.333333333333336,In Stock,Low (1-10%)
Ice Cream & Desserts,Mccain Emotibites - Crispy Happy Potato Snack,130.0,0,6,129.0,415,False,415,1.0,31.32530120481928,In Stock,No Discount
Ice Cream & Desserts,The Whole Truth Energy Bar Choco Cranberry Fudge,60.0,26,6,44.0,40,False,40,16.0,150.0,In Stock,High (21%+)
Ice Cream & Desserts,Godrej Yummiez Chicken Lucknowi Seekh Kebab,260.0,10,4,234.0,400,False,400,26.0,65.0,In Stock,Low (1-10%)
Ice Cream & Desserts,Prasuma Vegetable Momos,150.0,0,5,150.0,580,False,10,0.0,25.862068965517242,In Stock,No Discount
Ice Cream & Desserts,Mother's Recipe Mixed Pickle,85.0,9,2,77.0,300,False,300,8.0,28.333333333333332,Low Stock,Low (1-10%)
Ice Cream & Desserts,The Whole Truth Peanut Cocoa Protein Bar No Sugar,100.0,26,6,74.0,52,False,52,26.0,192.30769230769232,In Stock,High (21%+)
Ice Cream & Desserts,Yoga Bar Breakfast Muesli - Chocolate & Cranberry,325.0,4,6,309.0,400,False,400,16.0,81.25,In Stock,Low (1-10%)
Ice Cream & Desserts,Sunfeast YiPPee! Magic Masala Noodles,70.0,10,3,63.0,405,False,405,7.0,17.28395061728395,In Stock,Low (1-10%)
Ice Cream & Desserts,Veeba Sweet Onion Sauce,141.0,14,4,121.0,350,False,350,20.0,40.285714285714285,In Stock,Mid (11-20%)
Ice Cream & Desserts,Quaker Oats Breakfast Cereals - With Flavour Mix Nutritious Rich Source Of Energy,49.0,8,6,45.0,200,False,200,4.0,24.5,In Stock,Low (1-10%)
Ice Cream & Desserts,Mother's Recipe Tamarind Paste,50.0,2,6,49.0,200,False,200,1.0,25.0,In Stock,Low (1-10%)
Ice Cream & Desserts,Yogabar No Added Sugar Protein Bar Brownie,125.0,15,4,106.0,60,False,60,19.0,208.33333333333334,In Stock,Mid (11-20%)
Ice Cream & Desserts,Bambino Popular Vermicelli,40.0,2,3,39.0,400,False,400,1.0,10.0,In Stock,Low (1-10%)
Ice Cream & Desserts,Ching's Secret Mix Veg Instant Soup,10.0,0,3,10.0,15,False,15,0.0,66.66666666666666,In Stock,No Discount
Ice Cream & Desserts,Mother's Recipe Pickle - Red Stuffed Chilli,145.0,11,3,129.0,400,False,400,16.0,36.25,In Stock,Mid (11-20%)
Ice Cream & Desserts,Kellogg's No Added Sugar Muesli,335.0,11,6,298.0,500,False,500,37.0,67.0,In Stock,Mid (11-20%)
Ice Cream & Desserts,Veeba Salsa Dip,119.0,6,6,111.0,360,False,360,8.0,33.05555555555556,In Stock,Low (1-10%)
Ice Cream & Desserts,Veeba Thousand Island Dressing,149.0,8,6,137.0,300,False,300,12.0,49.666666666666664,In Stock,Low (1-10%)
Ice Cream & Desserts,Baggry's Crunchy Muesli Almond Raisins & Honey,130.0,0,5,130.0,200,False,200,0.0,65.0,In Stock,No Discount
Ice Cream & Desserts,Knorr Chinese Hot And Sour Veg Soup,55.0,3,1,53.0,43,False,43,2.0,127.90697674418605,Low Stock,Low (1-10%)
Ice Cream & Desserts,Go Cheese Spread - Garlic,99.0,5,6,94.0,200,False,200,5.0,49.5,In Stock,Low (1-10%)
Ice Cream & Desserts,The Whole Truth Peanut Butter With Dates - Creamy No Sugar,215.0,9,6,194.0,325,False,325,21.0,66.15384615384615,In Stock,Low (1-10%)
Ice Cream & Desserts,Zorabian Chicken Smoked Ham,205.0,5,1,194.0,250,False,250,11.0,82.0,Low Stock,Low (1-10%)
Ice Cream & Desserts,Kissan Pineapple Jam,165.0,9,1,149.0,500,False,500,16.0,33.0,Low Stock,Low (1-10%)
Ice Cream & Desserts,Smith & Jones Masala Noodles,89.0,0,5,89.0,480,False,480,0.0,18.541666666666668,In Stock,No Discount
Ice Cream & Desserts,Nestle Nestle Nan Pro Follow-Up Formula,650.0,0,6,650.0,400,False,400,0.0,162.5,In Stock,No Discount
Ice Cream & Desserts,Sunfeast Yippee! Power Up Atta Noodles,96.0,15,6,81.0,280,False,280,15.0,34.285714285714285,In Stock,Mid (11-20%)
Ice Cream & Desserts,McCain Super Wedges,120.0,7,6,111.0,400,False,400,9.0,30.0,In Stock,Low (1-10%)
Ice Cream & Desserts,"Kellogg's Crunchy Granola Honey, Almonds, Strawberries & Pumpkin Seeds",330.0,10,1,294.0,450,False,450,36.0,73.33333333333333,Low Stock,Low (1-10%)
Ice Cream & Desserts,Kellogg's Chocos,130.0,10,6,117.0,250,False,250,13.0,52.0,In Stock,Low (1-10%)
Ice Cream & Desserts,Ching's Secret Just Soak - Whole Wheat Veg Hakka Noodle,32.0,0,3,32.0,150,False,150,0.0,21.333333333333336,In Stock,No Discount
Ice Cream & Desserts,The Whole Truth Vegan Fig Apricot & Orange Energy Bar No Sugar,60.0,20,6,48.0,40,False,40,12.0,150.0,In Stock,Mid (11-20%)
Ice Cream & Desserts,Saffola Veggie Twist Masala Oats,195.0,12,2,171.0,500,False,500,24.0,39.0,Low Stock,Mid (11-20%)
Ice Cream & Desserts,ITC Master Chef Classic Aloo Tikki,80.0,10,3,72.0,320,False,320,8.0,25.0,In Stock,Low (1-10%)
Ice Cream & Desserts,Smith & Jones Pink Pasta Sauce Mix,40.0,0,4,40.0,46,False,46,0.0,86.95652173913044,In Stock,No Discount
Ice Cream & Desserts,Wingreens Farms Chipotle Dip,200.0,25,1,150.0,180,False,180,50.0,111.11111111111111,Low Stock,High (21%+)
Ice Cream & Desserts,Kellogg's Real Almond & Honey Corn Flakes,550.0,5,3,520.0,1000,False,1,30.0,55.00000000000001,In Stock,Low (1-10%)
Ice Cream & Desserts,Kellogg's Crunchy Granola Chocolate & Almonds,330.0,10,3,294.0,450,False,450,36.0,73.33333333333333,In Stock,Low (1-10%)
Ice Cream & Desserts,Cornitos Cornitos Taco Shells - 6 Inches,160.0,20,4,128.0,180,False,180,32.0,88.88888888888889,In Stock,Mid (11-20%)
Ice Cream & Desserts,Ching's Secret Singapore Curry Instant Noodles,15.0,0,3,15.0,60,False,60,0.0,25.0,In Stock,No Discount
Ice Cream & Desserts,Mother's Recipe Pickle - Mango,125.0,9,6,113.0,400,False,500,12.0,31.25,In Stock,Low (1-10%)
Ice Cream & Desserts,Godrej Yummiez Chilli Chicken Sausages,160.0,10,3,144.0,250,False,250,16.0,64.0,In Stock,Low (1-10%)
Ice Cream & Desserts,Pedigree Dentastix  Dog Treat Oral Care for Adult Medium Breed,175.0,20,6,140.0,180,False,180,35.0,97.22222222222221,In Stock,Mid (11-20%)
Ice Cream & Desserts,Maggi Hot & Sweet - Tomato Chilli Sauce,170.0,10,1,153.0,1000,False,1,17.0,17.0,Low Stock,Low (1-10%)
Ice Cream & Desserts,Ching's Secret Asian Hot Instant Soup,15.0,0,3,15.0,15,False,15,0.0,100.0,In Stock,No Discount
Ice Cream & Desserts,Kellogg’s Chocos Protein And Fibre Of 1 Roti,499.0,11,6,444.0,1200,False,1,55.0,41.583333333333336,In Stock,Mid (11-20%)
Ice Cream & Desserts,Mother's Recipe Pickle - Mango,149.0,26,4,109.0,500,False,500,40.0,29.799999999999997,In Stock,High (21%+)
Ice Cream & Desserts,Chings Secret Manchurian Instant Noodle,60.0,0,6,60.0,240,False,240,0.0,25.0,In Stock,No Discount
Ice Cream & Desserts,Kellogg's Original Corn Flakes,310.0,6,6,290.0,875,False,875,20.0,35.42857142857142,In Stock,Low (1-10%)
Ice Cream & Desserts,Ching's Singapore Curry Instant Noodles,60.0,0,4,60.0,240,False,240,0.0,25.0,In Stock,No Discount
Ice Cream & Desserts,Kellogg's Almonds And Cranberries Granola,330.0,6,6,310.0,460,False,460,20.0,71.73913043478261,In Stock,Low (1-10%)
Ice Cream & Desserts,Nestle Ceregrow Multigrain Cereal with Milk and Fruits - 3 to 6 years,292.0,0,6,292.0,300,False,300,0.0,97.33333333333334,In Stock,No Discount
Ice Cream & Desserts,MTR 3 Minute Breakfast - Magic Masala Upma,25.0,0,6,25.0,60,False,60,0.0,41.66666666666667,In Stock,No Discount
Ice Cream & Desserts,Smith & Jones Masala Noodles,68.0,10,5,61.0,360,False,360,7.0,18.88888888888889,In Stock,Low (1-10%)
Ice Cream & Desserts,"Knorr Classic Tomato Soup With 100% Real Vegetabls, No Added Preservatives",55.0,0,6,55.0,53,False,53,0.0,103.77358490566037,In Stock,No Discount
Ice Cream & Desserts,Godrej Yummiez Chicken Punjabi Tikka,295.0,9,6,266.0,360,False,360,29.0,81.94444444444444,In Stock,Low (1-10%)
Ice Cream & Desserts,Kellogg's Corn Flakes,425.0,9,1,383.0,1000,False,1,42.0,42.5,Low Stock,Low (1-10%)
Ice Cream & Desserts,Kelloggs Chocos,170.0,5,4,160.0,385,False,385,10.0,44.15584415584416,In Stock,Low (1-10%)
Ice Cream & Desserts,Pedigree Puppy Dry Dog Food Food Chicken & Milk,290.0,20,6,232.0,1200,False,1200,58.0,24.166666666666668,In Stock,Mid (11-20%)
Ice Cream & Desserts,Ching's Secret Lemon Coriander Instant Soup,15.0,0,5,15.0,15,False,15,0.0,100.0,In Stock,No Discount
Ice Cream & Desserts,Nestle Cerelac Baby Cereal With Milk Wheat-Rice Mixed Fruit,261.0,0,6,261.0,300,False,300,0.0,87.0,In Stock,No Discount
Ice Cream & Desserts,Kelloggs Chocos - Moons & Stars,660.0,40,4,396.0,1200,False,1,264.0,55.00000000000001,In Stock,High (21%+)
Ice Cream & Desserts,ITC Master Chef Chicken Galouti Kebab,170.0,4,2,162.0,210,False,210,8.0,80.95238095238095,Low Stock,Low (1-10%)
Ice Cream & Desserts,Yogabar 100% Pure Peanut Butter Creamy & Yummy Unsweetened,229.0,10,6,206.0,400,False,400,23.0,57.25,In Stock,Low (1-10%)
Ice Cream & Desserts,Kitchens Of India Palak Paneer,130.0,30,6,91.0,285,False,285,39.0,45.614035087719294,In Stock,High (21%+)
Ice Cream & Desserts,Kelloggs Chocos Fills Double Chocolat,99.0,11,6,88.0,175,False,175,11.0,56.57142857142857,In Stock,Mid (11-20%)
Ice Cream & Desserts,Soulfull Ragi Bites Choco Fills,169.0,5,4,160.0,250,False,250,9.0,67.60000000000001,In Stock,Low (1-10%)
Ice Cream & Desserts,Figaro Sliced Black Olive,179.0,0,6,179.0,450,False,450,0.0,39.77777777777778,In Stock,No Discount
Ice Cream & Desserts,Veeba Barbeque Sauce,149.0,8,6,137.0,330,False,330,12.0,45.151515151515156,In Stock,Low (1-10%)
Ice Cream & Desserts,The Whole Truth Vegan Mocha Almond Fudge Energy Bar No Sugar,60.0,20,6,48.0,40,False,40,12.0,150.0,In Stock,Mid (11-20%)
Ice Cream & Desserts,"The Whole Truth - Nuts, Fruits & Seeds Muesli",325.0,20,6,260.0,350,False,350,65.0,92.85714285714286,In Stock,Mid (11-20%)
Ice Cream & Desserts,Pantai Green Curry Paste,150.0,14,5,128.0,114,False,114,22.0,131.57894736842107,In Stock,Mid (11-20%)
Ice Cream & Desserts,Kelloggs Special K,210.0,8,5,192.0,435,False,435,18.0,48.275862068965516,In Stock,Low (1-10%)
Ice Cream & Desserts,Moi Soi Sichuan Chilli Oil- For Stir Fry Marinade Spread & Dip,280.0,50,5,140.0,175,False,175,140.0,160.0,In Stock,High (21%+)
Ice Cream & Desserts,Mother's Recipe Madras Appalam,50.0,10,6,45.0,100,False,100,5.0,50.0,In Stock,Low (1-10%)
Ice Cream & Desserts,Top Ramen Masala Oat Masala,80.0,10,6,72.0,280,False,280,8.0,28.57142857142857,In Stock,Low (1-10%)
Ice Cream & Desserts,Saffola Everyday Peppy Tomato Masala Oats,195.0,12,6,171.0,500,False,500,24.0,39.0,In Stock,Mid (11-20%)
Ice Cream & Desserts,"Ching's Secret Instant Noodles, Hot Garlic",60.0,0,4,60.0,240,False,240,0.0,25.0,In Stock,No Discount
Ice Cream & Desserts,Kitchens Of India Chicken Chettinad,200.0,30,1,140.0,285,False,285,60.0,70.17543859649122,Low Stock,High (21%+)
Ice Cream & Desserts,Nestle Cerelac Wheat - Stage 1,190.0,0,6,190.0,300,False,300,0.0,63.33333333333333,In Stock,No Discount
Ice Cream & Desserts,Sumeru Aloo Paratha,119.0,5,6,113.0,400,False,400,6.0,29.75,In Stock,Low (1-10%)
Ice Cream & Desserts,ITC Master Chef Veggie Pizza Pocket,170.0,4,4,162.0,340,False,340,8.0,50.0,In Stock,Low (1-10%)
Ice Cream & Desserts,Wingreens Farms Tangy Cheese Pita Chips & Mexican Salsa Dip,60.0,15,1,51.0,70,False,70,9.0,85.71428571428571,Low Stock,Mid (11-20%)
Ice Cream & Desserts,Ching's Secret Manchow Soup,55.0,0,3,55.0,55,False,55,0.0,100.0,In Stock,No Discount
Ice Cream & Desserts,Veeba Carrot & Cucumber Sandwich Spread,85.0,10,6,76.0,250,False,250,9.0,34.0,In Stock,Low (1-10%)
Ice Cream & Desserts,Kellogg's Real Almond & Honey Corn Flakes,370.0,12,3,324.0,650,False,650,46.0,56.92307692307692,In Stock,Mid (11-20%)
Ice Cream & Desserts,Kitchens Of India Mughlai Paneer,160.0,30,4,112.0,285,False,285,48.0,56.14035087719298,In Stock,High (21%+)
Ice Cream & Desserts,Ching's Secret Just Soak - Veg Hakka Noodles,30.0,0,5,30.0,150,False,150,0.0,20.0,In Stock,No Discount
Ice Cream & Desserts,Ching's Secret Chowmein Hakka Noodles Masala,60.0,10,2,54.0,100,False,100,6.0,60.0,Low Stock,Low (1-10%)
Ice Cream & Desserts,The Whole Truth Dark Chocolate Peanut Butter - Crunchy,235.0,20,5,188.0,325,False,325,47.0,72.3076923076923,In Stock,Mid (11-20%)
Ice Cream & Desserts,Mother's Recipe Bhel Puri Chutney,55.0,9,4,50.0,200,False,200,5.0,27.500000000000004,In Stock,Low (1-10%)
Ice Cream & Desserts,Kelloggs Chocos Moon & Stars,330.0,10,6,294.0,680,False,680,36.0,48.529411764705884,In Stock,Low (1-10%)
Ice Cream & Desserts,Mother's Recipe Lime Pickle,120.0,5,1,114.0,400,False,400,6.0,30.0,Low Stock,Low (1-10%)
Ice Cream & Desserts,Kitchens of India Dal Makhani,110.0,30,2,77.0,285,False,285,33.0,38.59649122807017,Low Stock,High (21%+)
Ice Cream & Desserts,Pantai Light Soy Sauce,275.0,14,5,234.0,200,False,200,41.0,137.5,In Stock,Mid (11-20%)
Ice Cream & Desserts,Ching's Secret Sweet Corn Soup,55.0,0,6,55.0,55,False,55,0.0,100.0,In Stock,No Discount
Ice Cream & Desserts,"Top Ramen Noodles, Atta",80.0,0,1,80.0,280,False,280,0.0,28.57142857142857,Low Stock,No Discount
Ice Cream & Desserts,Cantina Tortilla Dip Sauce Sour Creamy Tex Mex,225.0,15,5,191.0,190,False,190,34.0,118.42105263157893,In Stock,Mid (11-20%)
Ice Cream & Desserts,Dabur Hommade - Rajasthan Ki Garlic Chutne,65.0,6,6,61.0,200,False,200,4.0,32.5,In Stock,Low (1-10%)
Ice Cream & Desserts,MTR Seviyan Vermicelli,42.0,0,2,42.0,400,False,400,0.0,10.5,Low Stock,No Discount
Ice Cream & Desserts,Pantai Oyster Sauce,275.0,14,4,234.0,200,False,200,41.0,137.5,In Stock,Mid (11-20%)
Ice Cream & Desserts,Go Cheese Spread - Four Pepper (Soft & Creamy),99.0,5,6,94.0,200,False,200,5.0,49.5,In Stock,Low (1-10%)
Ice Cream & Desserts,MTR Ready To Eat Paneer Butter Masala,135.0,9,2,122.0,300,False,300,13.0,45.0,Low Stock,Low (1-10%)
Ice Cream & Desserts,Nestle Lactogen Stage 2 Follow-up Formula Powder,340.0,0,2,340.0,400,False,400,0.0,85.0,Low Stock,No Discount
Ice Cream & Desserts,Kellogg's Crunchy Bites Chocos,190.0,10,6,171.0,375,False,375,19.0,50.66666666666667,In Stock,Low (1-10%)
Ice Cream & Desserts,Veeba Hot Sweet Tomato Chilli Sauce,104.0,20,3,83.0,500,False,500,21.0,20.8,In Stock,Mid (11-20%)
Ice Cream & Desserts,Borges Durum Wheat Pasta Superior Quality,250.0,40,6,149.0,500,False,500,101.0,50.0,In Stock,High (21%+)
Ice Cream & Desserts,Funfoods Peanut Butter Crunchy,169.0,7,1,156.0,400,False,400,13.0,42.25,Low Stock,Low (1-10%)
Ice Cream & Desserts,Pantai Red Curry Paste,60.0,0,4,60.0,50,False,50,0.0,120.0,In Stock,No Discount
Ice Cream & Desserts,ITC Master Chef Chicken Seekh Kabab,325.0,0,6,325.0,500,False,500,0.0,65.0,In Stock,No Discount
Ice Cream & Desserts,Del Monte Pizza & Pasta Sauce Spout Pack,99.0,0,3,99.0,400,False,400,0.0,24.75,In Stock,No Discount
Ice Cream & Desserts,Pantai Sriracha Red Chilli Sauce,225.0,15,6,191.0,200,False,200,34.0,112.5,In Stock,Mid (11-20%)
Ice Cream & Desserts,Hershey's Cocoa Spread,295.0,0,3,295.0,350,False,350,0.0,84.28571428571429,In Stock,No Discount
Ice Cream & Desserts,Maggi Ghee Tadka Upma Express Pouch,25.0,0,6,25.0,65,False,65,0.0,38.46153846153847,In Stock,No Discount
Ice Cream & Desserts,Ching's Secret Manchurian Noodles,91.0,0,5,91.0,360,False,360,0.0,25.27777777777778,In Stock,No Discount
Ice Cream & Desserts,Kellogg's All Bran Wheat Flakes,220.0,6,5,205.0,425,False,425,15.0,51.76470588235295,In Stock,Low (1-10%)
Ice Cream & Desserts,Yummiez Chicken Breakfast Sausages,150.0,0,3,150.0,250,False,250,0.0,60.0,In Stock,No Discount
Ice Cream & Desserts,Pantai Red Curry Paste,150.0,14,3,128.0,114,False,114,22.0,131.57894736842107,In Stock,Mid (11-20%)
Ice Cream & Desserts,Bagrrys Muesli Crunchy Fruit & Nut With Cranberries,330.0,10,6,297.0,400,False,400,33.0,82.5,In Stock,Low (1-10%)
Ice Cream & Desserts,Quaker Oats Pouch,276.0,10,6,248.0,1500,False,1,28.0,18.4,In Stock,Low (1-10%)
Ice Cream & Desserts,Prasuma Momos -  Cheesy Spicy Veg,295.0,0,6,295.0,24,False,24,0.0,,In Stock,No Discount
Ice Cream & Desserts,Veeba Sriracha Chilli Garlic Sauce,149.0,8,5,137.0,320,False,320,12.0,46.5625,In Stock,Low (1-10%)
Ice Cream & Desserts,Ching's Secret Just Soak - Veg Hakka Noodles,115.0,0,6,115.0,600,False,600,0.0,19.166666666666668,In Stock,No Discount
Ice Cream & Desserts,Moi Soi Kung Pao Sauce - For Stir Fry Marinade Spread & Dip,280.0,50,5,140.0,175,False,175,140.0,160.0,In Stock,High (21%+)
Ice Cream & Desserts,Figaro Plain Green Olive,179.0,0,6,179.0,450,False,450,0.0,39.77777777777778,In Stock,No Discount
Ice Cream & Desserts,Mother's Recipe Gujrati Gorkeri Pickle,140.0,10,3,126.0,500,False,500,14.0,28.000000000000004,In Stock,Low (1-10%)
Ice Cream & Desserts,Kellogg's Muesli 20% Nuts Delight,320.0,0,6,320.0,500,False,500,0.0,64.0,In Stock,No Discount
Ice Cream & Desserts,Borges Farfalle Durum Wheat Pasta,250.0,0,5,250.0,500,False,500,0.0,50.0,In Stock,No Discount
Ice Cream & Desserts,Kellogg's Chocos,299.0,10,4,269.0,700,False,700,30.0,42.714285714285715,In Stock,Low (1-10%)
Ice Cream & Desserts,Nestle Nan Pro 4 Follow Up Formula Powder For Older Infants,620.0,0,1,620.0,400,False,400,0.0,155.0,Low Stock,No Discount
Ice Cream & Desserts,Veeba Truly Tomato Ketchup,99.0,20,6,79.0,500,False,500,20.0,19.8,In Stock,Mid (11-20%)
Ice Cream & Desserts,Ching's Secret Green Chilli Sauce,85.0,4,1,81.0,680,False,680,4.0,12.5,Low Stock,Low (1-10%)
Ice Cream & Desserts,MTR Roasted Vermicelli,55.0,0,1,55.0,400,False,400,0.0,13.750000000000002,Low Stock,No Discount
Ice Cream & Desserts,Mother's Recipe Punjabi Teekha Mang Pickle,120.0,10,4,108.0,400,False,400,12.0,30.0,In Stock,Low (1-10%)
Ice Cream & Desserts,Ching's Secret Hot Garlic Instant Noodles,114.0,0,6,114.0,480,False,480,0.0,23.75,In Stock,No Discount
Ice Cream & Desserts,Kellogg's Real Honey Corn Flakes,290.0,7,5,267.0,630,False,630,23.0,46.03174603174603,In Stock,Low (1-10%)
Ice Cream & Desserts,ITC Master Chef Lebanese Falafel Kebab,130.0,4,4,124.0,230,False,230,6.0,56.52173913043478,In Stock,Low (1-10%)
Ice Cream & Desserts,Kelloggs Chocos Fills Double Chocolaty,185.0,10,5,165.0,250,False,250,20.0,74.0,In Stock,Low (1-10%)
Ice Cream & Desserts,Organic India Apple Cider Vinegar,595.0,9,2,536.0,500,False,500,59.0,119.0,Low Stock,Low (1-10%)
Ice Cream & Desserts,Masala Oats Masala & Coriander,195.0,9,5,176.0,500,False,500,19.0,39.0,In Stock,Low (1-10%)
Ice Cream & Desserts,Ching's Secret  Noodles - Pad Thai Lemongras,200.0,0,5,200.0,130,False,130,0.0,153.84615384615387,In Stock,No Discount
Ice Cream & Desserts,Bagrrys Fruit and Nut Muesli with Cranberries,499.0,0,5,499.0,750,False,750,0.0,66.53333333333333,In Stock,No Discount
Ice Cream & Desserts,Kitchens Of India Yellow Dal Tadka,110.0,30,6,77.0,285,False,285,33.0,38.59649122807017,In Stock,High (21%+)
Ice Cream & Desserts,Soulfull Vanilla Fills - Ragi Bites,169.0,5,6,160.0,250,False,250,9.0,67.60000000000001,In Stock,Low (1-10%)
Ice Cream & Desserts,Pantai Teriyaki Sauce with Garlic,325.0,15,6,276.0,200,False,200,49.0,162.5,In Stock,Mid (11-20%)
Ice Cream & Desserts,Whiskas Adult Pocket Tuna Cat Food,410.0,0,1,410.0,1200,False,1,0.0,34.166666666666664,Low Stock,No Discount
Ice Cream & Desserts,Kitchens Of India Chicken Darbari,200.0,30,4,140.0,285,False,285,60.0,70.17543859649122,In Stock,High (21%+)
Ice Cream & Desserts,Soulfull Millet Muesli Fruit & Nut Almonds & Real Fruits,299.0,10,6,269.0,400,False,400,30.0,74.75,In Stock,Low (1-10%)
Ice Cream & Desserts,Smith & Jones Red Pasta Sauce Mix,40.0,0,6,40.0,46,False,46,0.0,86.95652173913044,In Stock,No Discount
Ice Cream & Desserts,Kellogg's Muesli Nuts Delight,425.0,9,3,383.0,750,False,750,42.0,56.666666666666664,In Stock,Low (1-10%)
Ice Cream & Desserts,Kitchens of India Dal Bukhara Gravy Mix,110.0,30,6,77.0,285,False,285,33.0,38.59649122807017,In Stock,High (21%+)
Ice Cream & Desserts,The Whole Truth Peanut Butter - Sweetened & Crunchy,215.0,20,6,172.0,325,False,325,43.0,66.15384615384615,In Stock,Mid (11-20%)
Ice Cream & Desserts,Remia Mayonnaise,230.0,0,6,230.0,241,False,241,0.0,95.4356846473029,In Stock,No Discount
Ice Cream & Desserts,Ching's Secret Green Chilli Sauce,105.0,0,6,105.0,425,False,425,0.0,24.705882352941178,In Stock,No Discount
Ice Cream & Desserts,Bagrrys Fruit N Fibre Muesli - Strawberry,595.0,0,1,595.0,1000,False,1,0.0,59.5,Low Stock,No Discount
Ice Cream & Desserts,Ching's Secret Tomato Oats Instant Soup,15.0,0,3,15.0,20,False,20,0.0,75.0,In Stock,No Discount
Ice Cream & Desserts,Kellogg's Special K Original Corn Flakes,140.0,5,1,133.0,290,False,290,7.0,48.275862068965516,Low Stock,Low (1-10%)
Ice Cream & Desserts,Moi Soi  Black Bean Sauce - Dip Spread Stir Fry & Marinade,280.0,50,5,140.0,175,False,175,140.0,160.0,In Stock,High (21%+)
Ice Cream & Desserts,Tong Garden Wasabi Green Peas,175.0,4,6,167.0,150,False,150,8.0,116.66666666666667,In Stock,Low (1-10%)
Ice Cream & Desserts,Ching's Secret Red Chilli Sauce,105.0,0,4,105.0,440,False,440,0.0,23.863636363636363,In Stock,No Discount
Ice Cream & Desserts,Ching's Instant Hot and Sour Soup,55.0,0,5,55.0,55,False,55,0.0,100.0,In Stock,No Discount
Ice Cream & Desserts,Ching's Secret Noodles - Pad Thai Original,200.0,0,6,200.0,130,False,130,0.0,153.84615384615387,In Stock,No Discount
Ice Cream & Desserts,Aashirvaad Instant Meals - Khatta Meetha Pohaa With Millets,55.0,30,5,38.0,80,False,80,17.0,68.75,In Stock,High (21%+)
Ice Cream & Desserts,Del Monte Black Sliced Olives,250.0,0,1,250.0,450,False,450,0.0,55.55555555555556,Low Stock,No Discount
Ice Cream & Desserts,Kitchens Of India Murgh Methi,220.0,30,5,154.0,285,False,285,66.0,77.19298245614034,In Stock,High (21%+)
Ice Cream & Desserts,Nestle Cerelac 5 Grains & Fruits Cereal,288.0,0,6,288.0,300,False,300,0.0,96.0,In Stock,No Discount
Ice Cream & Desserts,The Whole Truth - 5 Grain Muesli No Added Sugar,325.0,20,6,260.0,350,False,350,65.0,92.85714285714286,In Stock,Mid (11-20%)
Ice Cream & Desserts,Ching's Secret  Pad Thai Noodles Green Curry,200.0,0,6,200.0,130,False,130,0.0,153.84615384615387,In Stock,No Discount
Ice Cream & Desserts,Aashirvaad Suji Halwa With Jaggery,75.0,0,6,75.0,70,False,70,0.0,107.14285714285714,In Stock,No Discount
Ice Cream & Desserts,Mother's Recipe Mango Pickle,120.0,0,1,120.0,400,False,400,0.0,30.0,Low Stock,No Discount
Ice Cream & Desserts,Ching's Secret Pad Thai Noodles - Extra Hot Thai Chilli,200.0,0,6,200.0,130,False,130,0.0,153.84615384615387,In Stock,No Discount
Ice Cream & Desserts,Kellogg's Special K Original Corn Flakes,399.0,11,6,355.0,900,False,900,44.0,44.333333333333336,In Stock,Mid (11-20%)
Ice Cream & Desserts,Knorr Sweet Corn Chicken Soup,55.0,0,2,55.0,42,False,42,0.0,130.95238095238096,Low Stock,No Discount
Ice Cream & Desserts,Ching's Secret Tomato Soup,55.0,0,6,55.0,55,False,55,0.0,100.0,In Stock,No Discount
Ice Cream & Desserts,Funfoods Peanut Butter Creamy,169.0,0,1,169.0,400,False,400,0.0,42.25,Low Stock,No Discount
Ice Cream & Desserts,Japanese Choice Udon Noodles,295.0,9,6,266.0,250,False,250,29.0,118.0,In Stock,Low (1-10%)
Ice Cream & Desserts,Kelloggs Muesli - With 22% Fruit Magic,320.0,10,5,288.0,500,False,500,32.0,64.0,In Stock,Low (1-10%)
Ice Cream & Desserts,Dabur Hommade - Kalonji Tamatar Ki Chutney,65.0,6,6,61.0,200,False,200,4.0,32.5,In Stock,Low (1-10%)
Ice Cream & Desserts,Kitchens Of India Dal Makhani,110.0,30,1,77.0,285,False,285,33.0,38.59649122807017,Low Stock,High (21%+)
Ice Cream & Desserts,Aashirvaad Suji Halwa With Jaggery,55.0,30,6,38.0,80,False,80,17.0,68.75,In Stock,High (21%+)
Ice Cream & Desserts,Del Monte Green Chili Sauce,55.0,0,3,55.0,190,False,190,0.0,28.947368421052634,In Stock,No Discount
Ice Cream & Desserts,Pedigree Dog Food Adult Chicken & Veg,660.0,10,1,594.0,3000,False,3,66.0,22.0,Low Stock,Low (1-10%)
Ice Cream & Desserts,Kellogg's Original Corn Flakes,185.0,5,6,175.0,475,False,475,10.0,38.94736842105263,In Stock,Low (1-10%)
Ice Cream & Desserts,Pedigree Puppy Dry Dog Food Food Chicken & Milk,690.0,6,2,648.0,3000,False,3,42.0,23.0,Low Stock,Low (1-10%)
Ice Cream & Desserts,Kitchens Of India Rajma Masala,110.0,30,5,77.0,285,False,285,33.0,38.59649122807017,In Stock,High (21%+)
Ice Cream & Desserts,Kitchen Of India Ready-To-Eat Pindi Channa,110.0,30,2,77.0,285,False,285,33.0,38.59649122807017,Low Stock,High (21%+)
Ice Cream & Desserts,Figaro Pitted Black Olive,179.0,0,6,179.0,450,False,450,0.0,39.77777777777778,In Stock,No Discount
Ice Cream & Desserts,Cantina Tabasco Red Sauce,140.0,15,6,119.0,60,False,60,21.0,233.33333333333334,In Stock,Mid (11-20%)
Ice Cream & Desserts,Mother's Recipe Pickle - Mixed,149.0,26,6,109.0,500,False,500,40.0,29.799999999999997,In Stock,High (21%+)
Ice Cream & Desserts,Nestle Cerelac Baby Cereal with Milk 5 Grains & Vegetables from 18 to 24 Month,279.0,0,5,279.0,300,False,300,0.0,93.0,In Stock,No Discount
Ice Cream & Desserts,Pedigree Meat Jerky Adult Dog Treat Barbecued Chicken,140.0,20,6,112.0,80,False,80,28.0,175.0,In Stock,Mid (11-20%)
Ice Cream & Desserts,Veeba Peri Peri Sauce,161.0,0,6,161.0,300,False,300,0.0,53.666666666666664,In Stock,No Discount
Ice Cream & Desserts,Pantai Sriracha Yellow Chilli Sauce,225.0,15,6,191.0,200,False,200,34.0,112.5,In Stock,Mid (11-20%)
Ice Cream & Desserts,Praakritik Organic Jumbo Rolled Oats,190.0,11,6,169.0,500,False,500,21.0,38.0,In Stock,Mid (11-20%)
Ice Cream & Desserts,Ching's Secret Just Soak - Whole Wheat Veg Hakka Noodles,123.0,0,6,123.0,600,False,600,0.0,20.5,In Stock,No Discount
Ice Cream & Desserts,Pantai Spring Roll Sauce,275.0,10,6,245.0,200,False,200,30.0,137.5,In Stock,Low (1-10%)
Ice Cream & Desserts,MTR Vermicelli Payasam,75.0,0,6,75.0,180,False,180,0.0,41.66666666666667,In Stock,No Discount
Ice Cream & Desserts,Bagrrys Corn Flakes,350.0,0,6,350.0,880,False,800,0.0,39.77272727272727,In Stock,No Discount
Ice Cream & Desserts,MTR Ready To Eat Palak Paneer,135.0,11,6,120.0,300,False,300,15.0,45.0,In Stock,Mid (11-20%)
Ice Cream & Desserts,Del Monte Red Chili Sauce,55.0,0,5,55.0,190,False,190,0.0,28.947368421052634,In Stock,No Discount
Ice Cream & Desserts,Kitchens of India Mutter Paneer Mix,120.0,30,4,84.0,285,False,285,36.0,42.10526315789473,In Stock,High (21%+)
Ice Cream & Desserts,Pantai Green Curry Paste,60.0,6,6,56.0,50,False,50,4.0,120.0,In Stock,Low (1-10%)
Ice Cream & Desserts,The Laughing Cow Cheese Spread Plain,110.0,0,6,110.0,180,False,180,0.0,61.111111111111114,In Stock,No Discount
Ice Cream & Desserts,MTR Dal Fry,110.0,0,5,110.0,300,False,300,0.0,36.666666666666664,In Stock,No Discount
Ice Cream & Desserts,Pantai Fish Sauce,275.0,14,6,234.0,200,False,200,41.0,137.5,In Stock,Mid (11-20%)
Ice Cream & Desserts,Cantina Beans Mexican Beans,250.0,14,6,213.0,410,False,410,37.0,60.97560975609756,In Stock,Mid (11-20%)
Ice Cream & Desserts,Ching's Secret Manchurian Instant Noodle,114.0,0,6,114.0,480,False,480,0.0,23.75,In Stock,No Discount
Ice Cream & Desserts,Remia Salad Italian Dressing,230.0,0,6,230.0,250,False,250,0.0,92.0,In Stock,No Discount
Ice Cream & Desserts,Yummiez Veg Cheese Fingers Pouch,230.0,0,4,230.0,400,False,400,0.0,57.49999999999999,In Stock,No Discount
Ice Cream & Desserts,MTR Dal Makhani,110.0,0,4,110.0,300,False,300,0.0,36.666666666666664,In Stock,No Discount
Ice Cream & Desserts,MTR Ready to Eat Pav Bhaji,110.0,0,6,110.0,300,False,300,0.0,36.666666666666664,In Stock,No Discount
Ice Cream & Desserts,Weikfield Tomato Salsa Instant Pasta,25.0,0,1,25.0,77,False,77,0.0,32.467532467532465,Low Stock,No Discount
Ice Cream & Desserts,Nestlé CERELAC Baby Cereal with Milk,272.0,0,1,272.0,300,False,300,0.0,90.66666666666666,Low Stock,No Discount
Ice Cream & Desserts,Remia Salad Caesar Dressing,250.0,0,6,250.0,250,False,250,0.0,100.0,In Stock,No Discount
Ice Cream & Desserts,Bagrrys Fruit N Fibre Muesli Mixed Fruit,330.0,0,6,330.0,500,False,500,0.0,66.0,In Stock,No Discount
Ice Cream & Desserts,MTR Paneer Butter Masala & Veg Pulao,175.0,9,4,158.0,375,False,375,17.0,46.666666666666664,In Stock,Low (1-10%)
Ice Cream & Desserts,Sundrop Cocoa Nut Hazelnut Chocolatey Spread,120.0,0,6,120.0,160,False,160,0.0,75.0,In Stock,No Discount
Ice Cream & Desserts,Moi Soi Manchurian Sauce - For Stir Fry Marinade Spread & Dip,280.0,50,6,140.0,175,False,175,140.0,160.0,In Stock,High (21%+)
Ice Cream & Desserts,Pedigree Dog Food Adult Meat & Rice,660.0,7,2,608.0,3000,False,3,52.0,22.0,Low Stock,Low (1-10%)
Ice Cream & Desserts,Pantai Sriracha Green Chilli Sauce,225.0,15,6,191.0,200,False,200,34.0,112.5,In Stock,Mid (11-20%)
Ice Cream & Desserts,Pantai Chilli Garlic Sauce,275.0,14,6,234.0,200,False,200,41.0,137.5,In Stock,Mid (11-20%)
Ice Cream & Desserts,Pantai Dark Soy Sauce,275.0,14,6,234.0,200,False,200,41.0,137.5,In Stock,Mid (11-20%)
Ice Cream & Desserts,Yoga Bar Peanut Butter Dark Chocolate Jar,249.0,0,4,249.0,400,False,400,0.0,62.25000000000001,In Stock,No Discount
Ice Cream & Desserts,Cantina Tabasco Green Sauce,140.0,15,6,119.0,60,False,60,21.0,233.33333333333334,In Stock,Mid (11-20%)
Ice Cream & Desserts,Pantai Pad Thai Sauce (Non-Veg),325.0,9,5,293.0,200,False,200,32.0,162.5,In Stock,Low (1-10%)
Ice Cream & Desserts,Pantai Sweet Chilli Sauce,275.0,14,6,234.0,200,False,200,41.0,137.5,In Stock,Mid (11-20%)
Ice Cream & Desserts,Ching's Secret Schezwan Instant Noodle,114.0,0,6,114.0,480,False,480,0.0,23.75,In Stock,No Discount
Ice Cream & Desserts,Yummiez Chicken Garlic Fingers Pouch,250.0,0,5,250.0,400,False,400,0.0,62.5,In Stock,No Discount
Ice Cream & Desserts,Pediasure Premium Chocolate Powdered Health Drink,610.0,0,2,610.0,400,False,400,0.0,152.5,Low Stock,No Discount
Ice Cream & Desserts,Chings Secret Hot Garlic Instant Noodles,91.0,0,6,91.0,60,False,60,0.0,151.66666666666666,In Stock,No Discount
Ice Cream & Desserts,Godrej Yummiez Cheese Corn Nuggets,230.0,0,4,230.0,400,False,400,0.0,57.49999999999999,In Stock,No Discount
Ice Cream & Desserts,Pantai Hot Chilli Sauce,275.0,14,6,234.0,200,False,200,41.0,137.5,In Stock,Mid (11-20%)
Ice Cream & Desserts,Knorr International Mexican Tomato Corn Soup,65.0,6,3,61.0,52,False,52,4.0,125.0,In Stock,Low (1-10%)
Ice Cream & Desserts,Bagrry's Fruit Fibre Muesli Mixed Fruit,595.0,0,5,595.0,1000,False,1,0.0,59.5,In Stock,No Discount
Ice Cream & Desserts,MTR Roasted Vermicelli,105.0,0,4,105.0,850,False,850,0.0,12.352941176470589,In Stock,No Discount
Ice Cream & Desserts,Maggi 2-Minute Instant Noodles - Masala,44.0,0,0,44.0,280,True,280,0.0,15.714285714285714,Out of Stock,No Discount
Ice Cream & Desserts,"Kurkure Green Chutney, Rajasthani Style",20.0,0,0,20.0,90,True,90,0.0,22.22222222222222,Out of Stock,No Discount
Ice Cream & Desserts,Kellogg's Chocos Combo Pack,60.0,6,0,56.0,156,True,156,4.0,38.46153846153847,Out of Stock,Low (1-10%)
Ice Cream & Desserts,Kissan Mixed Fruit Jam,155.0,0,0,155.0,500,True,500,0.0,31.0,Out of Stock,No Discount
Ice Cream & Desserts,Lijjat Urad Papad,60.0,5,0,57.0,200,True,200,3.0,30.0,Out of Stock,Low (1-10%)
Ice Cream & Desserts,Amul Cheese Spread Yummy Plain,85.0,0,0,85.0,200,True,200,0.0,42.5,Out of Stock,No Discount
Ice Cream & Desserts,Mother's Recipe Ginger And Garlic Paste,50.0,24,0,38.0,200,True,200,12.0,25.0,Out of Stock,High (21%+)
Ice Cream & Desserts,Maggi Magic Cubes Chicken,40.0,2,0,39.0,40,True,40,1.0,100.0,Out of Stock,Low (1-10%)
Ice Cream & Desserts,Pedigree Puppy Chicken Chunks in Gravy,35.0,2,0,34.0,70,True,70,1.0,50.0,Out of Stock,Low (1-10%)
Ice Cream & Desserts,The Whole Truth Peanut Butter - Unsweetened & Crunchy,185.0,20,0,148.0,325,True,325,37.0,56.92307692307692,Out of Stock,Mid (11-20%)
Ice Cream & Desserts,Ching's Chow Mein Hakka Noodles Masala,10.0,0,0,10.0,20,True,20,0.0,50.0,Out of Stock,No Discount
Ice Cream & Desserts,Safal Frozen Mixed Vegetables,60.0,5,0,57.0,500,True,500,3.0,12.0,Out of Stock,Low (1-10%)
Ice Cream & Desserts,Safal Frozen Corn,41.0,4,0,39.0,200,True,200,2.0,20.5,Out of Stock,Low (1-10%)
Ice Cream & Desserts,Amul Cheese Spread Spicy Garlic,85.0,3,0,82.0,200,True,200,3.0,42.5,Out of Stock,Low (1-10%)
Ice Cream & Desserts,Ching's Secret Veg Hakka Noodles,107.0,0,0,107.0,600,True,600,0.0,17.833333333333336,Out of Stock,No Discount
Ice Cream & Desserts,Saffola Oats 100 % Natural,15.0,0,0,15.0,38,True,38,0.0,39.473684210526315,Out of Stock,No Discount
Ice Cream & Desserts,Lijjat Moong Papad,60.0,5,0,57.0,200,True,200,3.0,30.0,Out of Stock,Low (1-10%)
Ice Cream & Desserts,Mothers Recipe Papad - Sabudana With Rock Salt,31.0,9,0,28.0,70,True,70,3.0,44.285714285714285,Out of Stock,Low (1-10%)
Ice Cream & Desserts,Maggi Chilly Chow Cuppa Noodles,50.0,0,0,50.0,70,True,70,0.0,71.42857142857143,Out of Stock,No Discount
Ice Cream & Desserts,Veeba Favourites Eggless Burger Mayonnaise,69.0,8,0,63.0,250,True,250,6.0,27.6,Out of Stock,Low (1-10%)
Ice Cream & Desserts,Sunfeast Yippee! Magic Masala Noodles,48.0,6,0,45.0,240,True,240,3.0,20.0,Out of Stock,Low (1-10%)
Ice Cream & Desserts,Top Ramen Masala,91.0,9,0,82.0,560,True,560,9.0,16.25,Out of Stock,Low (1-10%)
Ice Cream & Desserts,Kelloggs Corn Flakes With Real Strawberry Pure,265.0,10,0,236.0,575,True,575,29.0,46.08695652173913,Out of Stock,Low (1-10%)
Ice Cream & Desserts,Mother's Recipe Potato Papad,31.0,9,0,28.0,70,True,75,3.0,44.285714285714285,Out of Stock,Low (1-10%)
Ice Cream & Desserts,Mothers Recipe Rice Papad Ajwain,24.0,0,0,24.0,75,True,75,0.0,32.0,Out of Stock,No Discount
Ice Cream & Desserts,Chef's Basket Durum Wheat Penne Pasta,160.0,50,0,80.0,500,True,500,80.0,32.0,Out of Stock,High (21%+)
Ice Cream & Desserts,Dabur Hommade - Imli Sauce Saunth,20.0,10,0,18.0,100,True,100,2.0,20.0,Out of Stock,Low (1-10%)
Ice Cream & Desserts,Zorabian Chicken Kheema Parathas,190.0,0,0,190.0,300,True,300,0.0,63.33333333333333,Out of Stock,No Discount
Ice Cream & Desserts,Sunfeast Pasta Treat Pack of Tomato Cheese,28.0,17,0,23.0,65,True,65,5.0,43.07692307692308,Out of Stock,Mid (11-20%)
Ice Cream & Desserts,Safal Frozen - Sweet Corn,160.0,5,0,152.0,1000,True,1,8.0,16.0,Out of Stock,Low (1-10%)
Ice Cream & Desserts,MTR Vegetable Upma,25.0,0,0,25.0,60,True,60,0.0,41.66666666666667,Out of Stock,No Discount
Ice Cream & Desserts,Del Monte Original Blend Tomato Ketchup Pouch,120.0,7,0,111.0,950,True,950,9.0,12.631578947368421,Out of Stock,Low (1-10%)
Ice Cream & Desserts,Del Monte Natural Vinegar,55.0,3,0,53.0,180,True,180,2.0,30.555555555555557,Out of Stock,Low (1-10%)
Ice Cream & Desserts,Del Monte Eggless Mayo,135.0,6,0,126.0,500,True,500,9.0,27.0,Out of Stock,Low (1-10%)
Ice Cream & Desserts,ITC Master Chef Cheesy Corn Triangles,160.0,5,0,152.0,320,True,320,8.0,50.0,Out of Stock,Low (1-10%)
Ice Cream & Desserts,Mother's Recipe Mixed Pickle,115.0,4,0,110.0,400,True,400,5.0,28.749999999999996,Out of Stock,Low (1-10%)
Ice Cream & Desserts,Godrej Yummiez Chicken Breakfast Salami,150.0,4,0,143.0,250,True,250,7.0,60.0,Out of Stock,Low (1-10%)
Ice Cream & Desserts,Hershey's Cocoa + Almond Spread,295.0,9,0,266.0,350,True,350,29.0,84.28571428571429,Out of Stock,Low (1-10%)
Ice Cream & Desserts,Maggi Special Masala Spicy Yummy Noodles,72.0,0,0,72.0,280,True,280,0.0,25.71428571428571,Out of Stock,No Discount
Ice Cream & Desserts,Del Monte Schezwan Sauce,55.0,0,0,55.0,190,True,190,0.0,28.947368421052634,Out of Stock,No Discount
Ice Cream & Desserts,Yummiez Green Peas,135.0,0,0,135.0,500,True,500,0.0,27.0,Out of Stock,No Discount
Ice Cream & Desserts,Yummiez Green Peas,250.0,0,0,250.0,1000,True,1,0.0,25.0,Out of Stock,No Discount
Ice Cream & Desserts,Yummiez American Sweet Corn,85.0,0,0,85.0,400,True,400,0.0,21.25,Out of Stock,No Discount
Ice Cream & Desserts,Dr Oetker Cucumber & Carrot Sandwich Spread Veg,79.0,0,0,79.0,250,True,250,0.0,31.6,Out of Stock,No Discount
Ice Cream & Desserts,Del Monte Pitted Green Olives,250.0,0,0,250.0,450,True,450,0.0,55.55555555555556,Out of Stock,No Discount
Chocolates & Candies,Maggi 2 Minute Masala Noodles,12.0,0,6,12.0,70,False,70,0.0,17.142857142857142,In Stock,No Discount
Chocolates & Candies,iD Idli & Dosa Batter,80.0,15,6,68.0,1000,False,1,12.0,8.0,In Stock,Mid (11-20%)
Chocolates & Candies,iD Malabar Parota,80.0,10,4,72.0,400,False,400,8.0,20.0,In Stock,Low (1-10%)
Chocolates & Candies,iD Wheat Lachha Paratha,80.0,12,6,70.0,400,False,400,10.0,20.0,In Stock,Mid (11-20%)
Chocolates & Candies,McCain Aloo Tikki,110.0,4,6,105.0,400,False,400,5.0,27.500000000000004,In Stock,Low (1-10%)
Chocolates & Candies,McCain Smiles Cripsy Happy Potatoes,120.0,5,6,114.0,415,False,415,6.0,28.915662650602407,In Stock,Low (1-10%)
Chocolates & Candies,McCain Veggie Burger Patty,115.0,3,6,111.0,360,False,360,4.0,31.944444444444443,In Stock,Low (1-10%)
Chocolates & Candies,McCain Veggie Fingers,117.0,5,6,111.0,400,False,400,6.0,29.25,In Stock,Low (1-10%)
Chocolates & Candies,Amul Delicious Fat Spread - Cholesterol Free,18.0,5,6,17.0,100,False,100,1.0,18.0,In Stock,Low (1-10%)
Chocolates & Candies,Whiskas Wet  Meal (Adult - Cat Food)  Chicken in Gravy,35.0,2,2,34.0,85,False,85,1.0,41.17647058823529,Low Stock,Low (1-10%)
Chocolates & Candies,McCain Chilli Garlic Potato Bites Crunchy Potato Nuggets,125.0,5,1,118.0,420,False,420,7.0,29.761904761904763,Low Stock,Low (1-10%)
Chocolates & Candies,Ching's Secret Instant Hot Garlic Noodles,15.0,0,3,15.0,60,False,60,0.0,25.0,In Stock,No Discount
Chocolates & Candies,Veeba Eggless Mayonnaise,79.0,11,5,70.0,250,False,250,9.0,31.6,In Stock,Mid (11-20%)
Chocolates & Candies,Ching's Secret Instant Schezwan Noodles,15.0,0,6,15.0,60,False,60,0.0,25.0,In Stock,No Discount
Chocolates & Candies,Veeba Pasta And Pizza Sauce,75.0,13,5,65.0,280,False,280,10.0,26.785714285714285,In Stock,Mid (11-20%)
Chocolates & Candies,Top Ramen  Noodles Curry Veg Pouch,20.0,0,1,20.0,70,False,70,0.0,28.57142857142857,Low Stock,No Discount
Chocolates & Candies,Saffola Veggie Twist Masala Oats,15.0,0,6,15.0,38,False,38,0.0,39.473684210526315,In Stock,No Discount
Chocolates & Candies,Unibic Almond & Oats Protein Bar,40.0,17,4,33.0,30,False,30,7.0,133.33333333333331,In Stock,Mid (11-20%)
Chocolates & Candies,Quaker Oats,79.0,0,2,79.0,400,False,400,0.0,19.75,Low Stock,No Discount
Chocolates & Candies,Amul Delicious Fat Spread - Cholesterol Free,88.0,2,2,86.0,500,False,500,2.0,17.599999999999998,Low Stock,Low (1-10%)
Chocolates & Candies,McCain French Fries,120.0,5,1,114.0,420,False,420,6.0,28.57142857142857,Low Stock,Low (1-10%)
Chocolates & Candies,Ching's Secret Manchow Instant Soup,10.0,0,1,10.0,15,False,15,0.0,66.66666666666666,Low Stock,No Discount
Chocolates & Candies,McCain Potato Cheese Shotz,130.0,4,6,124.0,250,False,250,6.0,52.0,In Stock,Low (1-10%)
Chocolates & Candies,McCain Masala - Fries,120.0,5,3,114.0,375,False,375,6.0,32.0,In Stock,Low (1-10%)
Chocolates & Candies,Ching's Secret Schezwan Fried Rice Masala,15.0,0,6,15.0,20,False,20,0.0,75.0,In Stock,No Discount
Chocolates & Candies,McCain New Mini Samosa with Cheese Pizza Style Filling,120.0,1,3,118.0,240,False,240,2.0,50.0,In Stock,Low (1-10%)
Chocolates & Candies,McCain Chilli Cheesy Nuggets,130.0,4,1,124.0,250,False,250,6.0,52.0,Low Stock,Low (1-10%)
Chocolates & Candies,"Whiskas Adult (+1 Year) Dry Cat Food, Ocean Fish Flavour",430.0,10,6,387.0,1200,False,1,43.0,35.833333333333336,In Stock,Low (1-10%)
Chocolates & Candies,Chings Instant Soup - Hot & Sour,10.0,0,1,10.0,15,False,15,0.0,66.66666666666666,Low Stock,No Discount
Chocolates & Candies,Amul Spray Infant Milk Food,197.0,2,6,193.0,500,False,500,4.0,39.4,In Stock,Low (1-10%)
Chocolates & Candies,McCain Smiles - Pudina Chatka,120.0,5,3,114.0,375,False,375,6.0,32.0,In Stock,Low (1-10%)
Chocolates & Candies,McCain French Fries Crisp & Delicious,175.0,4,3,167.0,750,False,750,8.0,23.333333333333332,In Stock,Low (1-10%)
Chocolates & Candies,Ferrero Nutella Hazelnut Spread,220.0,5,2,207.0,180,False,180,13.0,122.22222222222223,Low Stock,Low (1-10%)
Chocolates & Candies,Lijjat Garlic Papad,60.0,5,5,57.0,200,False,200,3.0,30.0,In Stock,Low (1-10%)
Chocolates & Candies,Switz Samosa Dough Sheets,90.0,4,6,86.0,50,False,50,4.0,180.0,In Stock,Low (1-10%)
Chocolates & Candies,Amul Cheese Spread Creamy,85.0,5,6,80.0,180,False,180,5.0,47.22222222222222,In Stock,Low (1-10%)
Chocolates & Candies,Maggi Imli Sauce Pichkoo,22.0,0,6,22.0,90,False,90,0.0,24.444444444444443,In Stock,No Discount
Chocolates & Candies,Whiskas Kitten (2-12 months) Dry Cat Food Food Ocean Fish,385.0,9,5,347.0,1100,False,1100,38.0,35.0,In Stock,Low (1-10%)
Chocolates & Candies,Chings Instant Soup - Sweet Corn Veg,10.0,0,2,10.0,15,False,15,0.0,66.66666666666666,Low Stock,No Discount
Chocolates & Candies,Whiskas Wet  Meal (Kitten - Cat Food)  Chicken in Gravy,35.0,5,2,33.0,85,False,85,2.0,41.17647058823529,Low Stock,Low (1-10%)
Chocolates & Candies,McCain Crazy Fries Masala MixHot 'n' Tangy,120.0,5,6,114.0,400,False,400,6.0,30.0,In Stock,Low (1-10%)
Chocolates & Candies,The Whole Truth Double Cocoa Protein Bar No Sugar,100.0,10,6,90.0,52,False,52,10.0,192.30769230769232,In Stock,Low (1-10%)
Chocolates & Candies,Amul Happy Treats French Fries,68.0,4,1,65.0,425,False,425,3.0,16.0,Low Stock,Low (1-10%)
Chocolates & Candies,Ferrero Nutella Hazeulnut Spread,380.0,6,5,357.0,350,False,350,23.0,108.57142857142857,In Stock,Low (1-10%)
Chocolates & Candies,Veeba Chipolte Southwest Dressing,161.0,7,4,149.0,300,False,300,12.0,53.666666666666664,In Stock,Low (1-10%)
Chocolates & Candies,Ching's Secret Manchow Noodles Instant Soup,15.0,0,6,15.0,20,False,20,0.0,75.0,In Stock,No Discount
Chocolates & Candies,Yoga Bar Breakfast Protein Bar - Blueberry Pie,50.0,12,1,44.0,50,False,50,6.0,100.0,Low Stock,Mid (11-20%)
Chocolates & Candies,Quaker Oats,199.0,7,6,184.0,1000,False,1,15.0,19.900000000000002,In Stock,Low (1-10%)
Chocolates & Candies,The Whole Truth Mini Protein Bar - Coconut Cocoa No Added Sugar,55.0,25,6,41.0,27,False,27,14.0,203.70370370370372,In Stock,High (21%+)
Chocolates & Candies,Switz Spring Roll Dough Sheets,90.0,4,6,86.0,1160,False,20,4.0,7.758620689655173,In Stock,Low (1-10%)
Chocolates & Candies,Unibic Fruit & Nut Real Cranberries & Almonds Protein Bar,40.0,17,6,33.0,30,False,30,7.0,133.33333333333331,In Stock,Mid (11-20%)
Chocolates & Candies,Ching's Secret Tomato Instant Soup,10.0,0,1,10.0,16,False,15,0.0,62.5,Low Stock,No Discount
Chocolates & Candies,Chef's Basket Durum Wheat Elbow Pasta,160.0,50,6,80.0,500,False,500,80.0,32.0,In Stock,High (21%+)
Chocolates & Candies,Sunfeast Yippee! Mood Masala Noodles,60.0,28,3,43.0,260,False,260,17.0,23.076923076923077,In Stock,High (21%+)
Chocolates & Candies,MTR Breakfast Khatta Meetha Poha Mix,25.0,20,6,20.0,60,False,60,5.0,41.66666666666667,In Stock,Mid (11-20%)
Chocolates & Candies,Kellogg's Crunchy Fruit & Nut Breakfast Cereals Muesli,445.0,9,6,401.0,750,False,750,44.0,59.333333333333336,In Stock,Low (1-10%)
Chocolates & Candies,Ching's Secret Chilli Vinegar,50.0,0,4,50.0,170,False,170,0.0,29.411764705882355,In Stock,No Discount
Chocolates & Candies,Ching's Red Chilli Sauce,55.0,0,6,55.0,200,False,200,0.0,27.500000000000004,In Stock,No Discount
Chocolates & Candies,Amul Lite Spread,40.0,2,5,39.0,100,False,100,1.0,40.0,In Stock,Low (1-10%)
Chocolates & Candies,Borges Durum Wheat Fusilli Pasta,250.0,0,3,250.0,500,False,500,0.0,50.0,In Stock,No Discount
Chocolates & Candies,The Whole Truth Cranberry Mini Protein Bar No Sugar,55.0,20,6,44.0,27,False,27,11.0,203.70370370370372,In Stock,Mid (11-20%)
Chocolates & Candies,The Whole Truth Mini Protein Bar - Coffee Cocoa No Added Sugar,55.0,20,6,44.0,27,False,27,11.0,203.70370370370372,In Stock,Mid (11-20%)
Chocolates & Candies,Maggi Hot & Sweet Tomato Chilli Sauce,115.0,0,1,115.0,500,False,500,0.0,23.0,Low Stock,No Discount
Chocolates & Candies,Sunfeast YiPPee! Noodles - Magic Masala,96.0,5,4,91.0,540,False,540,5.0,17.77777777777778,In Stock,Low (1-10%)
Chocolates & Candies,Chef's Basket Durum Wheat Fusilli Pasta,160.0,50,6,80.0,500,False,500,80.0,32.0,In Stock,High (21%+)
Chocolates & Candies,Top Ramen Chicken Noodles,60.0,10,1,54.0,280,False,280,6.0,21.428571428571427,Low Stock,Low (1-10%)
Chocolates & Candies,Veeba Cheese and Chilli Sandwich Spread,89.0,11,6,79.0,275,False,275,10.0,32.36363636363636,In Stock,Mid (11-20%)
Chocolates & Candies,Ching’s Secret Chowmein Hakka Noodles Masala,44.0,0,2,44.0,60,False,60,0.0,73.33333333333333,Low Stock,No Discount
Chocolates & Candies,Safal Frozen - Mixed Vegetables,110.0,4,2,105.0,1000,False,1,5.0,11.0,Low Stock,Low (1-10%)
Chocolates & Candies,MTR 3 Min Poha,25.0,0,6,25.0,60,False,60,0.0,41.66666666666667,In Stock,No Discount
Chocolates & Candies,Ching's Manchurian Instant Noodles,15.0,0,5,15.0,60,False,60,0.0,25.0,In Stock,No Discount
Chocolates & Candies,The Whole Truth Peanut Cocoa Mini Protein Bar No Sugar,55.0,25,6,41.0,27,False,27,14.0,203.70370370370372,In Stock,High (21%+)
Chocolates & Candies,Gits Pav Bhaji Ready to Eat,110.0,22,6,85.0,300,False,300,25.0,36.666666666666664,In Stock,High (21%+)
Chocolates & Candies,McCain New Mini Samosa with Cheese Corn Style Filling,120.0,1,2,118.0,240,False,240,2.0,50.0,Low Stock,Low (1-10%)
Chocolates & Candies,Lijjat Udad Mini Papad,60.0,6,6,56.0,200,False,200,4.0,30.0,In Stock,Low (1-10%)
Chocolates & Candies,McCain Herb & Garlic Crazy Fries Masala Mix,120.0,5,5,114.0,400,False,400,6.0,30.0,In Stock,Low (1-10%)
Chocolates & Candies,Yoga Bar Multigrain Energy Bar Nuts And Seeds,40.0,12,4,35.0,38,False,38,5.0,105.26315789473684,In Stock,Mid (11-20%)
Chocolates & Candies,"Ching's Secret Sauce, Green Chilli",55.0,0,5,55.0,190,False,190,0.0,28.947368421052634,In Stock,No Discount
Chocolates & Candies,Veeba Pizza Topping,75.0,6,4,70.0,280,False,280,5.0,26.785714285714285,In Stock,Low (1-10%)
Chocolates & Candies,Switz Paratha Puff,110.0,4,6,105.0,400,False,400,5.0,27.500000000000004,In Stock,Low (1-10%)
Chocolates & Candies,"New Kellogg's Muesli with 21% Fruit, Nut & Seeds",325.0,6,6,305.0,500,False,500,20.0,65.0,In Stock,Low (1-10%)
Chocolates & Candies,The Whole Truth Double Cocoa Mini Protein Bar No Sugar,55.0,20,5,44.0,27,False,27,11.0,203.70370370370372,In Stock,Mid (11-20%)
Chocolates & Candies,Sunfeast Yippee Tricolor Pasta Seasoning,28.0,17,1,23.0,65,False,65,5.0,43.07692307692308,Low Stock,Mid (11-20%)
Chocolates & Candies,Wingreens Cheesy Chipotle Sauce,99.0,49,1,50.0,130,False,130,49.0,76.15384615384615,Low Stock,High (21%+)
Chocolates & Candies,Maggi Rich Tomato Ketchup,105.0,4,2,100.0,500,False,500,5.0,21.0,Low Stock,Low (1-10%)
Chocolates & Candies,The Whole Truth Dark Chocolate Peanut Butter - Creamy,235.0,25,6,174.0,325,False,325,61.0,72.3076923076923,In Stock,High (21%+)
Chocolates & Candies,Godrej Yummiez Chicken Nuggets,325.0,9,1,293.0,500,False,500,32.0,65.0,Low Stock,Low (1-10%)
Chocolates & Candies,Go Cheese  Spread Plain,99.0,5,6,94.0,200,False,200,5.0,49.5,In Stock,Low (1-10%)
Chocolates & Candies,Kellogg's Real Almond & Honey Corn Flakes,175.0,9,6,158.0,300,False,300,17.0,58.333333333333336,In Stock,Low (1-10%)
Chocolates & Candies,The Whole Truth Vegan Almond Choco Fudge Energy Bar No Sugar,60.0,20,6,48.0,40,False,40,12.0,150.0,In Stock,Mid (11-20%)
Chocolates & Candies,Prasuma Vegetable Momos,270.0,0,5,270.0,24,False,24,0.0,1125.0,In Stock,No Discount
Chocolates & Candies,MTR Upma,50.0,10,6,45.0,160,False,160,5.0,31.25,In Stock,Low (1-10%)
Chocolates & Candies,Ching's Schezwan Masala Instant Noodles,60.0,0,1,60.0,240,False,240,0.0,25.0,Low Stock,No Discount
Chocolates & Candies,The Whole Truth Cranberry Protein Bar No Sugar,100.0,26,6,74.0,52,False,52,26.0,192.30769230769232,In Stock,High (21%+)
Chocolates & Candies,Saffola Yummy Masala Noodles,20.0,0,2,20.0,46,False,46,0.0,43.47826086956522,Low Stock,No Discount
Chocolates & Candies,Veeba English Mustard,74.0,6,2,69.0,300,False,300,5.0,24.666666666666668,Low Stock,Low (1-10%)
Chocolates & Candies,Dabur Hommade Tamarind Paste,48.0,6,6,45.0,200,False,200,3.0,24.0,In Stock,Low (1-10%)
Chocolates & Candies,Yoga Bar Breakfast Muesli - Almond Caramel (No Added Sugar),325.0,4,6,309.0,400,False,400,16.0,81.25,In Stock,Low (1-10%)
Chocolates & Candies,The Whole Truth Mini Protein Bar - Peanut Butter No Added Sugar,55.0,25,6,41.0,27,False,27,14.0,203.70370370370372,In Stock,High (21%+)
Chocolates & Candies,ITC Master Chef Crispy Chicken Fries,170.0,4,3,162.0,280,False,280,8.0,60.71428571428571,In Stock,Low (1-10%)
Chocolates & Candies,Kelloggs Corn Flakes,99.0,13,6,86.0,250,False,250,13.0,39.6,In Stock,Mid (11-20%)
Chocolates & Candies,Nissin Cup Noodles Tangy Tomato,50.0,10,2,45.0,70,False,70,5.0,71.42857142857143,Low Stock,Low (1-10%)
Chocolates & Candies,Smith & Jones White Pasta Sauce Mix,40.0,0,3,40.0,46,False,46,0.0,86.95652173913044,In Stock,No Discount
Chocolates & Candies,Sunfeast Yippee! Pasta Treat - Sour Cream Onion,28.0,10,1,25.0,65,False,65,3.0,43.07692307692308,Low Stock,Low (1-10%)
Chocolates & Candies,Mothers Recipe Tamrind Date Chutney,55.0,9,2,50.0,200,False,200,5.0,27.500000000000004,Low Stock,Low (1-10%)
Chocolates & Candies,Veeba Mint Mayonnaise,169.0,8,4,155.0,300,False,300,14.0,56.333333333333336,In Stock,Low (1-10%)
Chocolates & Candies,Mccain Emotibites - Crispy Happy Potato Snack,130.0,0,6,129.0,415,False,415,1.0,31.32530120481928,In Stock,No Discount
Chocolates & Candies,The Whole Truth Energy Bar Choco Cranberry Fudge,60.0,26,6,44.0,40,False,40,16.0,150.0,In Stock,High (21%+)
Chocolates & Candies,Godrej Yummiez Chicken Lucknowi Seekh Kebab,260.0,10,4,234.0,400,False,400,26.0,65.0,In Stock,Low (1-10%)
Chocolates & Candies,Prasuma Vegetable Momos,150.0,0,5,150.0,580,False,10,0.0,25.862068965517242,In Stock,No Discount
Chocolates & Candies,Mother's Recipe Mixed Pickle,85.0,9,2,77.0,300,False,300,8.0,28.333333333333332,Low Stock,Low (1-10%)
Chocolates & Candies,The Whole Truth Peanut Cocoa Protein Bar No Sugar,100.0,26,6,74.0,52,False,52,26.0,192.30769230769232,In Stock,High (21%+)
Chocolates & Candies,Yoga Bar Breakfast Muesli - Chocolate & Cranberry,325.0,4,6,309.0,400,False,400,16.0,81.25,In Stock,Low (1-10%)
Chocolates & Candies,Sunfeast YiPPee! Magic Masala Noodles,70.0,10,3,63.0,405,False,405,7.0,17.28395061728395,In Stock,Low (1-10%)
Chocolates & Candies,Veeba Sweet Onion Sauce,141.0,14,4,121.0,350,False,350,20.0,40.285714285714285,In Stock,Mid (11-20%)
Chocolates & Candies,Quaker Oats Breakfast Cereals - With Flavour Mix Nutritious Rich Source Of Energy,49.0,8,6,45.0,200,False,200,4.0,24.5,In Stock,Low (1-10%)
Chocolates & Candies,Mother's Recipe Tamarind Paste,50.0,2,6,49.0,200,False,200,1.0,25.0,In Stock,Low (1-10%)
Chocolates & Candies,Yogabar No Added Sugar Protein Bar Brownie,125.0,15,4,106.0,60,False,60,19.0,208.33333333333334,In Stock,Mid (11-20%)
Chocolates & Candies,Bambino Popular Vermicelli,40.0,2,3,39.0,400,False,400,1.0,10.0,In Stock,Low (1-10%)
Chocolates & Candies,Ching's Secret Mix Veg Instant Soup,10.0,0,3,10.0,15,False,15,0.0,66.66666666666666,In Stock,No Discount
Chocolates & Candies,Mother's Recipe Pickle - Red Stuffed Chilli,145.0,11,3,129.0,400,False,400,16.0,36.25,In Stock,Mid (11-20%)
Chocolates & Candies,Kellogg's No Added Sugar Muesli,335.0,11,6,298.0,500,False,500,37.0,67.0,In Stock,Mid (11-20%)
Chocolates & Candies,Veeba Salsa Dip,119.0,6,6,111.0,360,False,360,8.0,33.05555555555556,In Stock,Low (1-10%)
Chocolates & Candies,Veeba Thousand Island Dressing,149.0,8,6,137.0,300,False,300,12.0,49.666666666666664,In Stock,Low (1-10%)
Chocolates & Candies,Baggry's Crunchy Muesli Almond Raisins & Honey,130.0,0,5,130.0,200,False,200,0.0,65.0,In Stock,No Discount
Chocolates & Candies,Knorr Chinese Hot And Sour Veg Soup,55.0,3,1,53.0,43,False,43,2.0,127.90697674418605,Low Stock,Low (1-10%)
Chocolates & Candies,Go Cheese Spread - Garlic,99.0,5,6,94.0,200,False,200,5.0,49.5,In Stock,Low (1-10%)
Chocolates & Candies,The Whole Truth Peanut Butter With Dates - Creamy No Sugar,215.0,9,6,194.0,325,False,325,21.0,66.15384615384615,In Stock,Low (1-10%)
Chocolates & Candies,Zorabian Chicken Smoked Ham,205.0,5,1,194.0,250,False,250,11.0,82.0,Low Stock,Low (1-10%)
Chocolates & Candies,Kissan Pineapple Jam,165.0,9,1,149.0,500,False,500,16.0,33.0,Low Stock,Low (1-10%)
Chocolates & Candies,Smith & Jones Masala Noodles,89.0,0,5,89.0,480,False,480,0.0,18.541666666666668,In Stock,No Discount
Chocolates & Candies,Nestle Nestle Nan Pro Follow-Up Formula,650.0,0,6,650.0,400,False,400,0.0,162.5,In Stock,No Discount
Chocolates & Candies,Sunfeast Yippee! Power Up Atta Noodles,96.0,15,6,81.0,280,False,280,15.0,34.285714285714285,In Stock,Mid (11-20%)
Chocolates & Candies,McCain Super Wedges,120.0,7,6,111.0,400,False,400,9.0,30.0,In Stock,Low (1-10%)
Chocolates & Candies,"Kellogg's Crunchy Granola Honey, Almonds, Strawberries & Pumpkin Seeds",330.0,10,1,294.0,450,False,450,36.0,73.33333333333333,Low Stock,Low (1-10%)
Chocolates & Candies,Kellogg's Chocos,130.0,10,6,117.0,250,False,250,13.0,52.0,In Stock,Low (1-10%)
Chocolates & Candies,Ching's Secret Just Soak - Whole Wheat Veg Hakka Noodle,32.0,0,3,32.0,150,False,150,0.0,21.333333333333336,In Stock,No Discount
Chocolates & Candies,The Whole Truth Vegan Fig Apricot & Orange Energy Bar No Sugar,60.0,20,6,48.0,40,False,40,12.0,150.0,In Stock,Mid (11-20%)
Chocolates & Candies,Saffola Veggie Twist Masala Oats,195.0,12,2,171.0,500,False,500,24.0,39.0,Low Stock,Mid (11-20%)
Chocolates & Candies,ITC Master Chef Classic Aloo Tikki,80.0,10,3,72.0,320,False,320,8.0,25.0,In Stock,Low (1-10%)
Chocolates & Candies,Smith & Jones Pink Pasta Sauce Mix,40.0,0,4,40.0,46,False,46,0.0,86.95652173913044,In Stock,No Discount
Chocolates & Candies,Wingreens Farms Chipotle Dip,200.0,25,1,150.0,180,False,180,50.0,111.11111111111111,Low Stock,High (21%+)
Chocolates & Candies,Kellogg's Real Almond & Honey Corn Flakes,550.0,5,3,520.0,1000,False,1,30.0,55.00000000000001,In Stock,Low (1-10%)
Chocolates & Candies,Kellogg's Crunchy Granola Chocolate & Almonds,330.0,10,3,294.0,450,False,450,36.0,73.33333333333333,In Stock,Low (1-10%)
Chocolates & Candies,Cornitos Cornitos Taco Shells - 6 Inches,160.0,20,4,128.0,180,False,180,32.0,88.88888888888889,In Stock,Mid (11-20%)
Chocolates & Candies,Ching's Secret Singapore Curry Instant Noodles,15.0,0,3,15.0,60,False,60,0.0,25.0,In Stock,No Discount
Chocolates & Candies,Mother's Recipe Pickle - Mango,125.0,9,6,113.0,400,False,500,12.0,31.25,In Stock,Low (1-10%)
Chocolates & Candies,Godrej Yummiez Chilli Chicken Sausages,160.0,10,3,144.0,250,False,250,16.0,64.0,In Stock,Low (1-10%)
Chocolates & Candies,Pedigree Dentastix  Dog Treat Oral Care for Adult Medium Breed,175.0,20,6,140.0,180,False,180,35.0,97.22222222222221,In Stock,Mid (11-20%)
Chocolates & Candies,Maggi Hot & Sweet - Tomato Chilli Sauce,170.0,10,1,153.0,1000,False,1,17.0,17.0,Low Stock,Low (1-10%)
Chocolates & Candies,Ching's Secret Asian Hot Instant Soup,15.0,0,3,15.0,15,False,15,0.0,100.0,In Stock,No Discount
Chocolates & Candies,Kellogg’s Chocos Protein And Fibre Of 1 Roti,499.0,11,6,444.0,1200,False,1,55.0,41.583333333333336,In Stock,Mid (11-20%)
Chocolates & Candies,Mother's Recipe Pickle - Mango,149.0,26,4,109.0,500,False,500,40.0,29.799999999999997,In Stock,High (21%+)
Chocolates & Candies,Chings Secret Manchurian Instant Noodle,60.0,0,6,60.0,240,False,240,0.0,25.0,In Stock,No Discount
Chocolates & Candies,Kellogg's Original Corn Flakes,310.0,6,6,290.0,875,False,875,20.0,35.42857142857142,In Stock,Low (1-10%)
Chocolates & Candies,Ching's Singapore Curry Instant Noodles,60.0,0,4,60.0,240,False,240,0.0,25.0,In Stock,No Discount
Chocolates & Candies,Kellogg's Almonds And Cranberries Granola,330.0,6,6,310.0,460,False,460,20.0,71.73913043478261,In Stock,Low (1-10%)
Chocolates & Candies,Nestle Ceregrow Multigrain Cereal with Milk and Fruits - 3 to 6 years,292.0,0,6,292.0,300,False,300,0.0,97.33333333333334,In Stock,No Discount
Chocolates & Candies,MTR 3 Minute Breakfast - Magic Masala Upma,25.0,0,6,25.0,60,False,60,0.0,41.66666666666667,In Stock,No Discount
Chocolates & Candies,Smith & Jones Masala Noodles,68.0,10,5,61.0,360,False,360,7.0,18.88888888888889,In Stock,Low (1-10%)
Chocolates & Candies,"Knorr Classic Tomato Soup With 100% Real Vegetabls, No Added Preservatives",55.0,0,6,55.0,53,False,53,0.0,103.77358490566037,In Stock,No Discount
Chocolates & Candies,Godrej Yummiez Chicken Punjabi Tikka,295.0,9,6,266.0,360,False,360,29.0,81.94444444444444,In Stock,Low (1-10%)
Chocolates & Candies,Kellogg's Corn Flakes,425.0,9,1,383.0,1000,False,1,42.0,42.5,Low Stock,Low (1-10%)
Chocolates & Candies,Kelloggs Chocos,170.0,5,4,160.0,385,False,385,10.0,44.15584415584416,In Stock,Low (1-10%)
Chocolates & Candies,Pedigree Puppy Dry Dog Food Food Chicken & Milk,290.0,20,6,232.0,1200,False,1200,58.0,24.166666666666668,In Stock,Mid (11-20%)
Chocolates & Candies,Ching's Secret Lemon Coriander Instant Soup,15.0,0,5,15.0,15,False,15,0.0,100.0,In Stock,No Discount
Chocolates & Candies,Nestle Cerelac Baby Cereal With Milk Wheat-Rice Mixed Fruit,261.0,0,6,261.0,300,False,300,0.0,87.0,In Stock,No Discount
Chocolates & Candies,Kelloggs Chocos - Moons & Stars,660.0,40,4,396.0,1200,False,1,264.0,55.00000000000001,In Stock,High (21%+)
Chocolates & Candies,ITC Master Chef Chicken Galouti Kebab,170.0,4,2,162.0,210,False,210,8.0,80.95238095238095,Low Stock,Low (1-10%)
Chocolates & Candies,Yogabar 100% Pure Peanut Butter Creamy & Yummy Unsweetened,229.0,10,6,206.0,400,False,400,23.0,57.25,In Stock,Low (1-10%)
Chocolates & Candies,Kitchens Of India Palak Paneer,130.0,30,6,91.0,285,False,285,39.0,45.614035087719294,In Stock,High (21%+)
Chocolates & Candies,Kelloggs Chocos Fills Double Chocolat,99.0,11,6,88.0,175,False,175,11.0,56.57142857142857,In Stock,Mid (11-20%)
Chocolates & Candies,Soulfull Ragi Bites Choco Fills,169.0,5,4,160.0,250,False,250,9.0,67.60000000000001,In Stock,Low (1-10%)
Chocolates & Candies,Figaro Sliced Black Olive,179.0,0,6,179.0,450,False,450,0.0,39.77777777777778,In Stock,No Discount
Chocolates & Candies,Veeba Barbeque Sauce,149.0,8,6,137.0,330,False,330,12.0,45.151515151515156,In Stock,Low (1-10%)
Chocolates & Candies,The Whole Truth Vegan Mocha Almond Fudge Energy Bar No Sugar,60.0,20,6,48.0,40,False,40,12.0,150.0,In Stock,Mid (11-20%)
Chocolates & Candies,"The Whole Truth - Nuts, Fruits & Seeds Muesli",325.0,20,6,260.0,350,False,350,65.0,92.85714285714286,In Stock,Mid (11-20%)
Chocolates & Candies,Pantai Green Curry Paste,150.0,14,5,128.0,114,False,114,22.0,131.57894736842107,In Stock,Mid (11-20%)
Chocolates & Candies,Kelloggs Special K,210.0,8,5,192.0,435,False,435,18.0,48.275862068965516,In Stock,Low (1-10%)
Chocolates & Candies,Moi Soi Sichuan Chilli Oil- For Stir Fry Marinade Spread & Dip,280.0,50,5,140.0,175,False,175,140.0,160.0,In Stock,High (21%+)
Chocolates & Candies,Mother's Recipe Madras Appalam,50.0,10,6,45.0,100,False,100,5.0,50.0,In Stock,Low (1-10%)
Chocolates & Candies,Top Ramen Masala Oat Masala,80.0,10,6,72.0,280,False,280,8.0,28.57142857142857,In Stock,Low (1-10%)
Chocolates & Candies,Saffola Everyday Peppy Tomato Masala Oats,195.0,12,6,171.0,500,False,500,24.0,39.0,In Stock,Mid (11-20%)
Chocolates & Candies,"Ching's Secret Instant Noodles, Hot Garlic",60.0,0,4,60.0,240,False,240,0.0,25.0,In Stock,No Discount
Chocolates & Candies,Kitchens Of India Chicken Chettinad,200.0,30,1,140.0,285,False,285,60.0,70.17543859649122,Low Stock,High (21%+)
Chocolates & Candies,Nestle Cerelac Wheat - Stage 1,190.0,0,6,190.0,300,False,300,0.0,63.33333333333333,In Stock,No Discount
Chocolates & Candies,Sumeru Aloo Paratha,119.0,5,6,113.0,400,False,400,6.0,29.75,In Stock,Low (1-10%)
Chocolates & Candies,ITC Master Chef Veggie Pizza Pocket,170.0,4,4,162.0,340,False,340,8.0,50.0,In Stock,Low (1-10%)
Chocolates & Candies,Wingreens Farms Tangy Cheese Pita Chips & Mexican Salsa Dip,60.0,15,1,51.0,70,False,70,9.0,85.71428571428571,Low Stock,Mid (11-20%)
Chocolates & Candies,Ching's Secret Manchow Soup,55.0,0,3,55.0,55,False,55,0.0,100.0,In Stock,No Discount
Chocolates & Candies,Veeba Carrot & Cucumber Sandwich Spread,85.0,10,6,76.0,250,False,250,9.0,34.0,In Stock,Low (1-10%)
Chocolates & Candies,Kellogg's Real Almond & Honey Corn Flakes,370.0,12,3,324.0,650,False,650,46.0,56.92307692307692,In Stock,Mid (11-20%)
Chocolates & Candies,Kitchens Of India Mughlai Paneer,160.0,30,4,112.0,285,False,285,48.0,56.14035087719298,In Stock,High (21%+)
Chocolates & Candies,Ching's Secret Just Soak - Veg Hakka Noodles,30.0,0,5,30.0,150,False,150,0.0,20.0,In Stock,No Discount
Chocolates & Candies,Ching's Secret Chowmein Hakka Noodles Masala,60.0,10,2,54.0,100,False,100,6.0,60.0,Low Stock,Low (1-10%)
Chocolates & Candies,The Whole Truth Dark Chocolate Peanut Butter - Crunchy,235.0,20,5,188.0,325,False,325,47.0,72.3076923076923,In Stock,Mid (11-20%)
Chocolates & Candies,Mother's Recipe Bhel Puri Chutney,55.0,9,4,50.0,200,False,200,5.0,27.500000000000004,In Stock,Low (1-10%)
Chocolates & Candies,Kelloggs Chocos Moon & Stars,330.0,10,6,294.0,680,False,680,36.0,48.529411764705884,In Stock,Low (1-10%)
Chocolates & Candies,Mother's Recipe Lime Pickle,120.0,5,1,114.0,400,False,400,6.0,30.0,Low Stock,Low (1-10%)
Chocolates & Candies,Kitchens of India Dal Makhani,110.0,30,2,77.0,285,False,285,33.0,38.59649122807017,Low Stock,High (21%+)
Chocolates & Candies,Pantai Light Soy Sauce,275.0,14,5,234.0,200,False,200,41.0,137.5,In Stock,Mid (11-20%)
Chocolates & Candies,Ching's Secret Sweet Corn Soup,55.0,0,6,55.0,55,False,55,0.0,100.0,In Stock,No Discount
Chocolates & Candies,"Top Ramen Noodles, Atta",80.0,0,1,80.0,280,False,280,0.0,28.57142857142857,Low Stock,No Discount
Chocolates & Candies,Cantina Tortilla Dip Sauce Sour Creamy Tex Mex,225.0,15,5,191.0,190,False,190,34.0,118.42105263157893,In Stock,Mid (11-20%)
Chocolates & Candies,Dabur Hommade - Rajasthan Ki Garlic Chutne,65.0,6,6,61.0,200,False,200,4.0,32.5,In Stock,Low (1-10%)
Chocolates & Candies,MTR Seviyan Vermicelli,42.0,0,2,42.0,400,False,400,0.0,10.5,Low Stock,No Discount
Chocolates & Candies,Pantai Oyster Sauce,275.0,14,4,234.0,200,False,200,41.0,137.5,In Stock,Mid (11-20%)
Chocolates & Candies,Go Cheese Spread - Four Pepper (Soft & Creamy),99.0,5,6,94.0,200,False,200,5.0,49.5,In Stock,Low (1-10%)
Chocolates & Candies,MTR Ready To Eat Paneer Butter Masala,135.0,9,2,122.0,300,False,300,13.0,45.0,Low Stock,Low (1-10%)
Chocolates & Candies,Nestle Lactogen Stage 2 Follow-up Formula Powder,340.0,0,2,340.0,400,False,400,0.0,85.0,Low Stock,No Discount
Chocolates & Candies,Kellogg's Crunchy Bites Chocos,190.0,10,6,171.0,375,False,375,19.0,50.66666666666667,In Stock,Low (1-10%)
Chocolates & Candies,Veeba Hot Sweet Tomato Chilli Sauce,104.0,20,3,83.0,500,False,500,21.0,20.8,In Stock,Mid (11-20%)
Chocolates & Candies,Borges Durum Wheat Pasta Superior Quality,250.0,40,6,149.0,500,False,500,101.0,50.0,In Stock,High (21%+)
Chocolates & Candies,Funfoods Peanut Butter Crunchy,169.0,7,1,156.0,400,False,400,13.0,42.25,Low Stock,Low (1-10%)
Chocolates & Candies,Pantai Red Curry Paste,60.0,0,4,60.0,50,False,50,0.0,120.0,In Stock,No Discount
Chocolates & Candies,ITC Master Chef Chicken Seekh Kabab,325.0,0,6,325.0,500,False,500,0.0,65.0,In Stock,No Discount
Chocolates & Candies,Del Monte Pizza & Pasta Sauce Spout Pack,99.0,0,3,99.0,400,False,400,0.0,24.75,In Stock,No Discount
Chocolates & Candies,Pantai Sriracha Red Chilli Sauce,225.0,15,6,191.0,200,False,200,34.0,112.5,In Stock,Mid (11-20%)
Chocolates & Candies,Hershey's Cocoa Spread,295.0,0,3,295.0,350,False,350,0.0,84.28571428571429,In Stock,No Discount
Chocolates & Candies,Maggi Ghee Tadka Upma Express Pouch,25.0,0,6,25.0,65,False,65,0.0,38.46153846153847,In Stock,No Discount
Chocolates & Candies,Ching's Secret Manchurian Noodles,91.0,0,5,91.0,360,False,360,0.0,25.27777777777778,In Stock,No Discount
Chocolates & Candies,Kellogg's All Bran Wheat Flakes,220.0,6,5,205.0,425,False,425,15.0,51.76470588235295,In Stock,Low (1-10%)
Chocolates & Candies,Yummiez Chicken Breakfast Sausages,150.0,0,3,150.0,250,False,250,0.0,60.0,In Stock,No Discount
Chocolates & Candies,Pantai Red Curry Paste,150.0,14,3,128.0,114,False,114,22.0,131.57894736842107,In Stock,Mid (11-20%)
Chocolates & Candies,Bagrrys Muesli Crunchy Fruit & Nut With Cranberries,330.0,10,6,297.0,400,False,400,33.0,82.5,In Stock,Low (1-10%)
Chocolates & Candies,Quaker Oats Pouch,276.0,10,6,248.0,1500,False,1,28.0,18.4,In Stock,Low (1-10%)
Chocolates & Candies,Prasuma Momos -  Cheesy Spicy Veg,295.0,0,6,295.0,24,False,24,0.0,,In Stock,No Discount
Chocolates & Candies,Veeba Sriracha Chilli Garlic Sauce,149.0,8,5,137.0,320,False,320,12.0,46.5625,In Stock,Low (1-10%)
Chocolates & Candies,Ching's Secret Just Soak - Veg Hakka Noodles,115.0,0,6,115.0,600,False,600,0.0,19.166666666666668,In Stock,No Discount
Chocolates & Candies,Moi Soi Kung Pao Sauce - For Stir Fry Marinade Spread & Dip,280.0,50,5,140.0,175,False,175,140.0,160.0,In Stock,High (21%+)
Chocolates & Candies,Figaro Plain Green Olive,179.0,0,6,179.0,450,False,450,0.0,39.77777777777778,In Stock,No Discount
Chocolates & Candies,Mother's Recipe Gujrati Gorkeri Pickle,140.0,10,3,126.0,500,False,500,14.0,28.000000000000004,In Stock,Low (1-10%)
Chocolates & Candies,Kellogg's Muesli 20% Nuts Delight,320.0,0,6,320.0,500,False,500,0.0,64.0,In Stock,No Discount
Chocolates & Candies,Borges Farfalle Durum Wheat Pasta,250.0,0,5,250.0,500,False,500,0.0,50.0,In Stock,No Discount
Chocolates & Candies,Kellogg's Chocos,299.0,10,4,269.0,700,False,700,30.0,42.714285714285715,In Stock,Low (1-10%)
Chocolates & Candies,Nestle Nan Pro 4 Follow Up Formula Powder For Older Infants,620.0,0,1,620.0,400,False,400,0.0,155.0,Low Stock,No Discount
Chocolates & Candies,Veeba Truly Tomato Ketchup,99.0,20,6,79.0,500,False,500,20.0,19.8,In Stock,Mid (11-20%)
Chocolates & Candies,Ching's Secret Green Chilli Sauce,85.0,4,1,81.0,680,False,680,4.0,12.5,Low Stock,Low (1-10%)
Chocolates & Candies,MTR Roasted Vermicelli,55.0,0,1,55.0,400,False,400,0.0,13.750000000000002,Low Stock,No Discount
Chocolates & Candies,Mother's Recipe Punjabi Teekha Mang Pickle,120.0,10,4,108.0,400,False,400,12.0,30.0,In Stock,Low (1-10%)
Chocolates & Candies,Ching's Secret Hot Garlic Instant Noodles,114.0,0,6,114.0,480,False,480,0.0,23.75,In Stock,No Discount
Chocolates & Candies,Kellogg's Real Honey Corn Flakes,290.0,7,5,267.0,630,False,630,23.0,46.03174603174603,In Stock,Low (1-10%)
Chocolates & Candies,ITC Master Chef Lebanese Falafel Kebab,130.0,4,4,124.0,230,False,230,6.0,56.52173913043478,In Stock,Low (1-10%)
Chocolates & Candies,Kelloggs Chocos Fills Double Chocolaty,185.0,10,5,165.0,250,False,250,20.0,74.0,In Stock,Low (1-10%)
Chocolates & Candies,Organic India Apple Cider Vinegar,595.0,9,2,536.0,500,False,500,59.0,119.0,Low Stock,Low (1-10%)
Chocolates & Candies,Masala Oats Masala & Coriander,195.0,9,5,176.0,500,False,500,19.0,39.0,In Stock,Low (1-10%)
Chocolates & Candies,Ching's Secret  Noodles - Pad Thai Lemongras,200.0,0,5,200.0,130,False,130,0.0,153.84615384615387,In Stock,No Discount
Chocolates & Candies,Bagrrys Fruit and Nut Muesli with Cranberries,499.0,0,5,499.0,750,False,750,0.0,66.53333333333333,In Stock,No Discount
Chocolates & Candies,Kitchens Of India Yellow Dal Tadka,110.0,30,6,77.0,285,False,285,33.0,38.59649122807017,In Stock,High (21%+)
Chocolates & Candies,Soulfull Vanilla Fills - Ragi Bites,169.0,5,6,160.0,250,False,250,9.0,67.60000000000001,In Stock,Low (1-10%)
Chocolates & Candies,Pantai Teriyaki Sauce with Garlic,325.0,15,6,276.0,200,False,200,49.0,162.5,In Stock,Mid (11-20%)
Chocolates & Candies,Whiskas Adult Pocket Tuna Cat Food,410.0,0,1,410.0,1200,False,1,0.0,34.166666666666664,Low Stock,No Discount
Chocolates & Candies,Kitchens Of India Chicken Darbari,200.0,30,4,140.0,285,False,285,60.0,70.17543859649122,In Stock,High (21%+)
Chocolates & Candies,Soulfull Millet Muesli Fruit & Nut Almonds & Real Fruits,299.0,10,6,269.0,400,False,400,30.0,74.75,In Stock,Low (1-10%)
Chocolates & Candies,Smith & Jones Red Pasta Sauce Mix,40.0,0,6,40.0,46,False,46,0.0,86.95652173913044,In Stock,No Discount
Chocolates & Candies,Kellogg's Muesli Nuts Delight,425.0,9,3,383.0,750,False,750,42.0,56.666666666666664,In Stock,Low (1-10%)
Chocolates & Candies,Kitchens of India Dal Bukhara Gravy Mix,110.0,30,6,77.0,285,False,285,33.0,38.59649122807017,In Stock,High (21%+)
Chocolates & Candies,The Whole Truth Peanut Butter - Sweetened & Crunchy,215.0,20,6,172.0,325,False,325,43.0,66.15384615384615,In Stock,Mid (11-20%)
Chocolates & Candies,Remia Mayonnaise,230.0,0,6,230.0,241,False,241,0.0,95.4356846473029,In Stock,No Discount
Chocolates & Candies,Ching's Secret Green Chilli Sauce,105.0,0,6,105.0,425,False,425,0.0,24.705882352941178,In Stock,No Discount
Chocolates & Candies,Bagrrys Fruit N Fibre Muesli - Strawberry,595.0,0,1,595.0,1000,False,1,0.0,59.5,Low Stock,No Discount
Chocolates & Candies,Ching's Secret Tomato Oats Instant Soup,15.0,0,3,15.0,20,False,20,0.0,75.0,In Stock,No Discount
Chocolates & Candies,Kellogg's Special K Original Corn Flakes,140.0,5,1,133.0,290,False,290,7.0,48.275862068965516,Low Stock,Low (1-10%)
Chocolates & Candies,Moi Soi  Black Bean Sauce - Dip Spread Stir Fry & Marinade,280.0,50,5,140.0,175,False,175,140.0,160.0,In Stock,High (21%+)
Chocolates & Candies,Tong Garden Wasabi Green Peas,175.0,4,6,167.0,150,False,150,8.0,116.66666666666667,In Stock,Low (1-10%)
Chocolates & Candies,Ching's Secret Red Chilli Sauce,105.0,0,4,105.0,440,False,440,0.0,23.863636363636363,In Stock,No Discount
Chocolates & Candies,Ching's Instant Hot and Sour Soup,55.0,0,5,55.0,55,False,55,0.0,100.0,In Stock,No Discount
Chocolates & Candies,Ching's Secret Noodles - Pad Thai Original,200.0,0,6,200.0,130,False,130,0.0,153.84615384615387,In Stock,No Discount
Chocolates & Candies,Aashirvaad Instant Meals - Khatta Meetha Pohaa With Millets,55.0,30,5,38.0,80,False,80,17.0,68.75,In Stock,High (21%+)
Chocolates & Candies,Del Monte Black Sliced Olives,250.0,0,1,250.0,450,False,450,0.0,55.55555555555556,Low Stock,No Discount
Chocolates & Candies,Kitchens Of India Murgh Methi,220.0,30,5,154.0,285,False,285,66.0,77.19298245614034,In Stock,High (21%+)
Chocolates & Candies,Nestle Cerelac 5 Grains & Fruits Cereal,288.0,0,6,288.0,300,False,300,0.0,96.0,In Stock,No Discount
Chocolates & Candies,The Whole Truth - 5 Grain Muesli No Added Sugar,325.0,20,6,260.0,350,False,350,65.0,92.85714285714286,In Stock,Mid (11-20%)
Chocolates & Candies,Ching's Secret  Pad Thai Noodles Green Curry,200.0,0,6,200.0,130,False,130,0.0,153.84615384615387,In Stock,No Discount
Chocolates & Candies,Aashirvaad Suji Halwa With Jaggery,75.0,0,6,75.0,70,False,70,0.0,107.14285714285714,In Stock,No Discount
Chocolates & Candies,Mother's Recipe Mango Pickle,120.0,0,1,120.0,400,False,400,0.0,30.0,Low Stock,No Discount
Chocolates & Candies,Ching's Secret Pad Thai Noodles - Extra Hot Thai Chilli,200.0,0,6,200.0,130,False,130,0.0,153.84615384615387,In Stock,No Discount
Chocolates & Candies,Kellogg's Special K Original Corn Flakes,399.0,11,6,355.0,900,False,900,44.0,44.333333333333336,In Stock,Mid (11-20%)
Chocolates & Candies,Knorr Sweet Corn Chicken Soup,55.0,0,2,55.0,42,False,42,0.0,130.95238095238096,Low Stock,No Discount
Chocolates & Candies,Ching's Secret Tomato Soup,55.0,0,6,55.0,55,False,55,0.0,100.0,In Stock,No Discount
Chocolates & Candies,Funfoods Peanut Butter Creamy,169.0,0,1,169.0,400,False,400,0.0,42.25,Low Stock,No Discount
Chocolates & Candies,Japanese Choice Udon Noodles,295.0,9,6,266.0,250,False,250,29.0,118.0,In Stock,Low (1-10%)
Chocolates & Candies,Kelloggs Muesli - With 22% Fruit Magic,320.0,10,5,288.0,500,False,500,32.0,64.0,In Stock,Low (1-10%)
Chocolates & Candies,Dabur Hommade - Kalonji Tamatar Ki Chutney,65.0,6,6,61.0,200,False,200,4.0,32.5,In Stock,Low (1-10%)
Chocolates & Candies,Kitchens Of India Dal Makhani,110.0,30,1,77.0,285,False,285,33.0,38.59649122807017,Low Stock,High (21%+)
Chocolates & Candies,Aashirvaad Suji Halwa With Jaggery,55.0,30,6,38.0,80,False,80,17.0,68.75,In Stock,High (21%+)
Chocolates & Candies,Del Monte Green Chili Sauce,55.0,0,3,55.0,190,False,190,0.0,28.947368421052634,In Stock,No Discount
Chocolates & Candies,Pedigree Dog Food Adult Chicken & Veg,660.0,10,1,594.0,3000,False,3,66.0,22.0,Low Stock,Low (1-10%)
Chocolates & Candies,Kellogg's Original Corn Flakes,185.0,5,6,175.0,475,False,475,10.0,38.94736842105263,In Stock,Low (1-10%)
Chocolates & Candies,Pedigree Puppy Dry Dog Food Food Chicken & Milk,690.0,6,2,648.0,3000,False,3,42.0,23.0,Low Stock,Low (1-10%)
Chocolates & Candies,Kitchens Of India Rajma Masala,110.0,30,5,77.0,285,False,285,33.0,38.59649122807017,In Stock,High (21%+)
Chocolates & Candies,Kitchen Of India Ready-To-Eat Pindi Channa,110.0,30,2,77.0,285,False,285,33.0,38.59649122807017,Low Stock,High (21%+)
Chocolates & Candies,Figaro Pitted Black Olive,179.0,0,6,179.0,450,False,450,0.0,39.77777777777778,In Stock,No Discount
Chocolates & Candies,Cantina Tabasco Red Sauce,140.0,15,6,119.0,60,False,60,21.0,233.33333333333334,In Stock,Mid (11-20%)
Chocolates & Candies,Mother's Recipe Pickle - Mixed,149.0,26,6,109.0,500,False,500,40.0,29.799999999999997,In Stock,High (21%+)
Chocolates & Candies,Nestle Cerelac Baby Cereal with Milk 5 Grains & Vegetables from 18 to 24 Month,279.0,0,5,279.0,300,False,300,0.0,93.0,In Stock,No Discount
Chocolates & Candies,Pedigree Meat Jerky Adult Dog Treat Barbecued Chicken,140.0,20,6,112.0,80,False,80,28.0,175.0,In Stock,Mid (11-20%)
Chocolates & Candies,Veeba Peri Peri Sauce,161.0,0,6,161.0,300,False,300,0.0,53.666666666666664,In Stock,No Discount
Chocolates & Candies,Pantai Sriracha Yellow Chilli Sauce,225.0,15,6,191.0,200,False,200,34.0,112.5,In Stock,Mid (11-20%)
Chocolates & Candies,Praakritik Organic Jumbo Rolled Oats,190.0,11,6,169.0,500,False,500,21.0,38.0,In Stock,Mid (11-20%)
Chocolates & Candies,Ching's Secret Just Soak - Whole Wheat Veg Hakka Noodles,123.0,0,6,123.0,600,False,600,0.0,20.5,In Stock,No Discount
Chocolates & Candies,Pantai Spring Roll Sauce,275.0,10,6,245.0,200,False,200,30.0,137.5,In Stock,Low (1-10%)
Chocolates & Candies,MTR Vermicelli Payasam,75.0,0,6,75.0,180,False,180,0.0,41.66666666666667,In Stock,No Discount
Chocolates & Candies,Bagrrys Corn Flakes,350.0,0,6,350.0,880,False,800,0.0,39.77272727272727,In Stock,No Discount
Chocolates & Candies,MTR Ready To Eat Palak Paneer,135.0,11,6,120.0,300,False,300,15.0,45.0,In Stock,Mid (11-20%)
Chocolates & Candies,Del Monte Red Chili Sauce,55.0,0,5,55.0,190,False,190,0.0,28.947368421052634,In Stock,No Discount
Chocolates & Candies,Kitchens of India Mutter Paneer Mix,120.0,30,4,84.0,285,False,285,36.0,42.10526315789473,In Stock,High (21%+)
Chocolates & Candies,Pantai Green Curry Paste,60.0,6,6,56.0,50,False,50,4.0,120.0,In Stock,Low (1-10%)
Chocolates & Candies,The Laughing Cow Cheese Spread Plain,110.0,0,6,110.0,180,False,180,0.0,61.111111111111114,In Stock,No Discount
Chocolates & Candies,MTR Dal Fry,110.0,0,5,110.0,300,False,300,0.0,36.666666666666664,In Stock,No Discount
Chocolates & Candies,Pantai Fish Sauce,275.0,14,6,234.0,200,False,200,41.0,137.5,In Stock,Mid (11-20%)
Chocolates & Candies,Cantina Beans Mexican Beans,250.0,14,6,213.0,410,False,410,37.0,60.97560975609756,In Stock,Mid (11-20%)
Chocolates & Candies,Ching's Secret Manchurian Instant Noodle,114.0,0,6,114.0,480,False,480,0.0,23.75,In Stock,No Discount
Chocolates & Candies,Remia Salad Italian Dressing,230.0,0,6,230.0,250,False,250,0.0,92.0,In Stock,No Discount
Chocolates & Candies,Yummiez Veg Cheese Fingers Pouch,230.0,0,4,230.0,400,False,400,0.0,57.49999999999999,In Stock,No Discount
Chocolates & Candies,MTR Dal Makhani,110.0,0,4,110.0,300,False,300,0.0,36.666666666666664,In Stock,No Discount
Chocolates & Candies,MTR Ready to Eat Pav Bhaji,110.0,0,6,110.0,300,False,300,0.0,36.666666666666664,In Stock,No Discount
Chocolates & Candies,Weikfield Tomato Salsa Instant Pasta,25.0,0,1,25.0,77,False,77,0.0,32.467532467532465,Low Stock,No Discount
Chocolates & Candies,Nestlé CERELAC Baby Cereal with Milk,272.0,0,1,272.0,300,False,300,0.0,90.66666666666666,Low Stock,No Discount
Chocolates & Candies,Remia Salad Caesar Dressing,250.0,0,6,250.0,250,False,250,0.0,100.0,In Stock,No Discount
Chocolates & Candies,Bagrrys Fruit N Fibre Muesli Mixed Fruit,330.0,0,6,330.0,500,False,500,0.0,66.0,In Stock,No Discount
Chocolates & Candies,MTR Paneer Butter Masala & Veg Pulao,175.0,9,4,158.0,375,False,375,17.0,46.666666666666664,In Stock,Low (1-10%)
Chocolates & Candies,Sundrop Cocoa Nut Hazelnut Chocolatey Spread,120.0,0,6,120.0,160,False,160,0.0,75.0,In Stock,No Discount
Chocolates & Candies,Moi Soi Manchurian Sauce - For Stir Fry Marinade Spread & Dip,280.0,50,6,140.0,175,False,175,140.0,160.0,In Stock,High (21%+)
Chocolates & Candies,Pedigree Dog Food Adult Meat & Rice,660.0,7,2,608.0,3000,False,3,52.0,22.0,Low Stock,Low (1-10%)
Chocolates & Candies,Pantai Sriracha Green Chilli Sauce,225.0,15,6,191.0,200,False,200,34.0,112.5,In Stock,Mid (11-20%)
Chocolates & Candies,Pantai Chilli Garlic Sauce,275.0,14,6,234.0,200,False,200,41.0,137.5,In Stock,Mid (11-20%)
Chocolates & Candies,Pantai Dark Soy Sauce,275.0,14,6,234.0,200,False,200,41.0,137.5,In Stock,Mid (11-20%)
Chocolates & Candies,Yoga Bar Peanut Butter Dark Chocolate Jar,249.0,0,4,249.0,400,False,400,0.0,62.25000000000001,In Stock,No Discount
Chocolates & Candies,Cantina Tabasco Green Sauce,140.0,15,6,119.0,60,False,60,21.0,233.33333333333334,In Stock,Mid (11-20%)
Chocolates & Candies,Pantai Pad Thai Sauce (Non-Veg),325.0,9,5,293.0,200,False,200,32.0,162.5,In Stock,Low (1-10%)
Chocolates & Candies,Pantai Sweet Chilli Sauce,275.0,14,6,234.0,200,False,200,41.0,137.5,In Stock,Mid (11-20%)
Chocolates & Candies,Ching's Secret Schezwan Instant Noodle,114.0,0,6,114.0,480,False,480,0.0,23.75,In Stock,No Discount
Chocolates & Candies,Yummiez Chicken Garlic Fingers Pouch,250.0,0,5,250.0,400,False,400,0.0,62.5,In Stock,No Discount
Chocolates & Candies,Pediasure Premium Chocolate Powdered Health Drink,610.0,0,2,610.0,400,False,400,0.0,152.5,Low Stock,No Discount
Chocolates & Candies,Chings Secret Hot Garlic Instant Noodles,91.0,0,6,91.0,60,False,60,0.0,151.66666666666666,In Stock,No Discount
Chocolates & Candies,Godrej Yummiez Cheese Corn Nuggets,230.0,0,4,230.0,400,False,400,0.0,57.49999999999999,In Stock,No Discount
Chocolates & Candies,Pantai Hot Chilli Sauce,275.0,14,6,234.0,200,False,200,41.0,137.5,In Stock,Mid (11-20%)
Chocolates & Candies,Knorr International Mexican Tomato Corn Soup,65.0,6,3,61.0,52,False,52,4.0,125.0,In Stock,Low (1-10%)
Chocolates & Candies,Bagrry's Fruit Fibre Muesli Mixed Fruit,595.0,0,5,595.0,1000,False,1,0.0,59.5,In Stock,No Discount
Chocolates & Candies,MTR Roasted Vermicelli,105.0,0,4,105.0,850,False,850,0.0,12.352941176470589,In Stock,No Discount
Chocolates & Candies,Maggi 2-Minute Instant Noodles - Masala,44.0,0,0,44.0,280,True,280,0.0,15.714285714285714,Out of Stock,No Discount
Chocolates & Candies,"Kurkure Green Chutney, Rajasthani Style",20.0,0,0,20.0,90,True,90,0.0,22.22222222222222,Out of Stock,No Discount
Chocolates & Candies,Kellogg's Chocos Combo Pack,60.0,6,0,56.0,156,True,156,4.0,38.46153846153847,Out of Stock,Low (1-10%)
Chocolates & Candies,Kissan Mixed Fruit Jam,155.0,0,0,155.0,500,True,500,0.0,31.0,Out of Stock,No Discount
Chocolates & Candies,Lijjat Urad Papad,60.0,5,0,57.0,200,True,200,3.0,30.0,Out of Stock,Low (1-10%)
Chocolates & Candies,Amul Cheese Spread Yummy Plain,85.0,0,0,85.0,200,True,200,0.0,42.5,Out of Stock,No Discount
Chocolates & Candies,Mother's Recipe Ginger And Garlic Paste,50.0,24,0,38.0,200,True,200,12.0,25.0,Out of Stock,High (21%+)
Chocolates & Candies,Maggi Magic Cubes Chicken,40.0,2,0,39.0,40,True,40,1.0,100.0,Out of Stock,Low (1-10%)
Chocolates & Candies,Pedigree Puppy Chicken Chunks in Gravy,35.0,2,0,34.0,70,True,70,1.0,50.0,Out of Stock,Low (1-10%)
Chocolates & Candies,The Whole Truth Peanut Butter - Unsweetened & Crunchy,185.0,20,0,148.0,325,True,325,37.0,56.92307692307692,Out of Stock,Mid (11-20%)
Chocolates & Candies,Ching's Chow Mein Hakka Noodles Masala,10.0,0,0,10.0,20,True,20,0.0,50.0,Out of Stock,No Discount
Chocolates & Candies,Safal Frozen Mixed Vegetables,60.0,5,0,57.0,500,True,500,3.0,12.0,Out of Stock,Low (1-10%)
Chocolates & Candies,Safal Frozen Corn,41.0,4,0,39.0,200,True,200,2.0,20.5,Out of Stock,Low (1-10%)
Chocolates & Candies,Amul Cheese Spread Spicy Garlic,85.0,3,0,82.0,200,True,200,3.0,42.5,Out of Stock,Low (1-10%)
Chocolates & Candies,Ching's Secret Veg Hakka Noodles,107.0,0,0,107.0,600,True,600,0.0,17.833333333333336,Out of Stock,No Discount
Chocolates & Candies,Saffola Oats 100 % Natural,15.0,0,0,15.0,38,True,38,0.0,39.473684210526315,Out of Stock,No Discount
Chocolates & Candies,Lijjat Moong Papad,60.0,5,0,57.0,200,True,200,3.0,30.0,Out of Stock,Low (1-10%)
Chocolates & Candies,Mothers Recipe Papad - Sabudana With Rock Salt,31.0,9,0,28.0,70,True,70,3.0,44.285714285714285,Out of Stock,Low (1-10%)
Chocolates & Candies,Maggi Chilly Chow Cuppa Noodles,50.0,0,0,50.0,70,True,70,0.0,71.42857142857143,Out of Stock,No Discount
Chocolates & Candies,Veeba Favourites Eggless Burger Mayonnaise,69.0,8,0,63.0,250,True,250,6.0,27.6,Out of Stock,Low (1-10%)
Chocolates & Candies,Sunfeast Yippee! Magic Masala Noodles,48.0,6,0,45.0,240,True,240,3.0,20.0,Out of Stock,Low (1-10%)
Chocolates & Candies,Top Ramen Masala,91.0,9,0,82.0,560,True,560,9.0,16.25,Out of Stock,Low (1-10%)
Chocolates & Candies,Kelloggs Corn Flakes With Real Strawberry Pure,265.0,10,0,236.0,575,True,575,29.0,46.08695652173913,Out of Stock,Low (1-10%)
Chocolates & Candies,Mother's Recipe Potato Papad,31.0,9,0,28.0,70,True,75,3.0,44.285714285714285,Out of Stock,Low (1-10%)
Chocolates & Candies,Mothers Recipe Rice Papad Ajwain,24.0,0,0,24.0,75,True,75,0.0,32.0,Out of Stock,No Discount
Chocolates & Candies,Chef's Basket Durum Wheat Penne Pasta,160.0,50,0,80.0,500,True,500,80.0,32.0,Out of Stock,High (21%+)
Chocolates & Candies,Dabur Hommade - Imli Sauce Saunth,20.0,10,0,18.0,100,True,100,2.0,20.0,Out of Stock,Low (1-10%)
Chocolates & Candies,Zorabian Chicken Kheema Parathas,190.0,0,0,190.0,300,True,300,0.0,63.33333333333333,Out of Stock,No Discount
Chocolates & Candies,Sunfeast Pasta Treat Pack of Tomato Cheese,28.0,17,0,23.0,65,True,65,5.0,43.07692307692308,Out of Stock,Mid (11-20%)
Chocolates & Candies,Safal Frozen - Sweet Corn,160.0,5,0,152.0,1000,True,1,8.0,16.0,Out of Stock,Low (1-10%)
Chocolates & Candies,MTR Vegetable Upma,25.0,0,0,25.0,60,True,60,0.0,41.66666666666667,Out of Stock,No Discount
Chocolates & Candies,Del Monte Original Blend Tomato Ketchup Pouch,120.0,7,0,111.0,950,True,950,9.0,12.631578947368421,Out of Stock,Low (1-10%)
Chocolates & Candies,Del Monte Natural Vinegar,55.0,3,0,53.0,180,True,180,2.0,30.555555555555557,Out of Stock,Low (1-10%)
Chocolates & Candies,Del Monte Eggless Mayo,135.0,6,0,126.0,500,True,500,9.0,27.0,Out of Stock,Low (1-10%)
Chocolates & Candies,ITC Master Chef Cheesy Corn Triangles,160.0,5,0,152.0,320,True,320,8.0,50.0,Out of Stock,Low (1-10%)
Chocolates & Candies,Mother's Recipe Mixed Pickle,115.0,4,0,110.0,400,True,400,5.0,28.749999999999996,Out of Stock,Low (1-10%)
Chocolates & Candies,Godrej Yummiez Chicken Breakfast Salami,150.0,4,0,143.0,250,True,250,7.0,60.0,Out of Stock,Low (1-10%)
Chocolates & Candies,Hershey's Cocoa + Almond Spread,295.0,9,0,266.0,350,True,350,29.0,84.28571428571429,Out of Stock,Low (1-10%)
Chocolates & Candies,Maggi Special Masala Spicy Yummy Noodles,72.0,0,0,72.0,280,True,280,0.0,25.71428571428571,Out of Stock,No Discount
Chocolates & Candies,Del Monte Schezwan Sauce,55.0,0,0,55.0,190,True,190,0.0,28.947368421052634,Out of Stock,No Discount
Chocolates & Candies,Yummiez Green Peas,135.0,0,0,135.0,500,True,500,0.0,27.0,Out of Stock,No Discount
Chocolates & Candies,Yummiez Green Peas,250.0,0,0,250.0,1000,True,1,0.0,25.0,Out of Stock,No Discount
Chocolates & Candies,Yummiez American Sweet Corn,85.0,0,0,85.0,400,True,400,0.0,21.25,Out of Stock,No Discount
Chocolates & Candies,Dr Oetker Cucumber & Carrot Sandwich Spread Veg,79.0,0,0,79.0,250,True,250,0.0,31.6,Out of Stock,No Discount
Chocolates & Candies,Del Monte Pitted Green Olives,250.0,0,0,250.0,450,True,450,0.0,55.55555555555556,Out of Stock,No Discount
"Meats, Fish & Eggs",Arden Eggs White,97.0,0,4,97.0,696,False,12,0.0,13.936781609195403,In Stock,No Discount
"Meats, Fish & Eggs",Arden Eggs White,65.0,15,4,55.0,348,False,6,10.0,18.67816091954023,In Stock,Mid (11-20%)
"Meats, Fish & Eggs",Arden Eggs Brown,85.0,7,4,79.0,348,False,6,6.0,24.42528735632184,In Stock,Low (1-10%)
"Meats, Fish & Eggs",Godrej Real Good Chicken Whole Pre-Cut,300.0,10,4,270.0,1000,False,1,30.0,30.0,In Stock,Low (1-10%)
"Meats, Fish & Eggs",Zorabian Chicken Breast Boneless,145.0,8,3,133.0,250,False,250,12.0,57.99999999999999,In Stock,Low (1-10%)
"Meats, Fish & Eggs",Godrej Real Good Chicken Curry Cut,175.0,9,3,158.0,500,False,500,17.0,35.0,In Stock,Low (1-10%)
"Meats, Fish & Eggs",TGFC Chicken Curry Cut Fresh,249.0,25,1,186.0,500,False,500,63.0,49.8,Low Stock,High (21%+)
"Meats, Fish & Eggs",Arden Desi Eggs,110.0,13,4,95.0,348,False,6,15.0,31.60919540229885,In Stock,Mid (11-20%)
"Meats, Fish & Eggs",Godrej Real Good Chicken Breast Boneless,275.0,9,6,248.0,450,False,450,27.0,61.111111111111114,In Stock,Low (1-10%)
"Meats, Fish & Eggs",Fresh Chicken Boneless Cubes (Halal),215.0,5,1,204.0,500,False,500,11.0,43.0,Low Stock,Low (1-10%)
"Meats, Fish & Eggs",Godrej Real Good Chicken Kheema,255.0,9,3,230.0,450,False,450,25.0,56.666666666666664,In Stock,Low (1-10%)
"Meats, Fish & Eggs",Suguna Sharp Egg,72.0,13,3,62.0,348,False,6,10.0,20.689655172413794,In Stock,Mid (11-20%)
"Meats, Fish & Eggs",TGFC Bombay Duck Whole Cleaned,319.0,14,1,274.0,500,False,500,45.0,63.800000000000004,Low Stock,Mid (11-20%)
"Meats, Fish & Eggs",Zorabian Pre Cut Chicken Skinless (Half),165.0,0,1,165.0,500,False,500,0.0,33.0,Low Stock,No Discount
"Meats, Fish & Eggs",Godrej Real Good Chicken Drumstick,265.0,9,2,239.0,500,False,500,26.0,53.0,Low Stock,Low (1-10%)
"Meats, Fish & Eggs",Suguna Active - DHA,72.0,13,4,62.0,348,False,6,10.0,20.689655172413794,In Stock,Mid (11-20%)
"Meats, Fish & Eggs",Godrej Real Good Chicken Marinated Lollipop,200.0,10,2,180.0,580,False,10,20.0,34.48275862068966,Low Stock,Low (1-10%)
"Meats, Fish & Eggs",Godrej Yummiez Chicken Nuggets,325.0,9,1,293.0,500,False,500,32.0,65.0,Low Stock,Low (1-10%)
"Meats, Fish & Eggs",Eastern Chicken Masala,70.0,7,3,65.0,100,False,100,5.0,70.0,In Stock,Low (1-10%)
"Meats, Fish & Eggs",Ching's Chicken Chilli Masala,10.0,0,6,10.0,20,False,20,0.0,50.0,In Stock,No Discount
"Meats, Fish & Eggs",Fresh Chicken Whole Leg - Skinless (Halal),165.0,4,1,157.0,500,False,500,8.0,33.0,Low Stock,Low (1-10%)
"Meats, Fish & Eggs",Ceres Foods Fish Mustard Instant Liquid Masala,220.0,50,6,110.0,200,False,200,110.0,110.00000000000001,In Stock,High (21%+)
"Meats, Fish & Eggs",TGFC Tilapia Curry Cut,259.0,43,1,147.0,500,False,500,112.0,51.800000000000004,Low Stock,High (21%+)
"Meats, Fish & Eggs",Godrej Yummiez Chicken Lucknowi Seekh Kebab,260.0,10,4,234.0,400,False,400,26.0,65.0,In Stock,Low (1-10%)
"Meats, Fish & Eggs",Godrej Real Good Marinated Hot & Grill Chicken,245.0,9,2,221.0,450,False,450,24.0,54.44444444444444,Low Stock,Low (1-10%)
"Meats, Fish & Eggs",Everest Meat Masala Powder,74.0,9,3,67.0,100,False,100,7.0,74.0,In Stock,Low (1-10%)
"Meats, Fish & Eggs",Suguna Heart- Omega3,72.0,13,4,62.0,348,False,6,10.0,20.689655172413794,In Stock,Mid (11-20%)
"Meats, Fish & Eggs",Everest Powder - Egg Curry Masala,40.0,2,6,39.0,50,False,50,1.0,80.0,In Stock,Low (1-10%)
"Meats, Fish & Eggs",TGFC Chicken Boneless Fresh Whole,261.0,14,1,222.0,500,False,500,39.0,52.2,Low Stock,Mid (11-20%)
"Meats, Fish & Eggs",Zorabian Chicken Smoked Ham,205.0,5,1,194.0,250,False,250,11.0,82.0,Low Stock,Low (1-10%)
"Meats, Fish & Eggs",Suguna Fit Egg,120.0,43,4,68.0,348,False,6,52.0,34.48275862068966,In Stock,High (21%+)
"Meats, Fish & Eggs",Everest Tandoori Chicken Masala,39.0,2,5,38.0,50,False,50,1.0,78.0,In Stock,Low (1-10%)
"Meats, Fish & Eggs",Godrej Yummiez Chilli Chicken Sausages,160.0,10,3,144.0,250,False,250,16.0,64.0,In Stock,Low (1-10%)
"Meats, Fish & Eggs",Godrej Yummiez Chicken Punjabi Tikka,295.0,9,6,266.0,360,False,360,29.0,81.94444444444444,In Stock,Low (1-10%)
"Meats, Fish & Eggs",Eastern Fish Masala,48.0,2,5,47.0,100,False,100,1.0,48.0,In Stock,Low (1-10%)
"Meats, Fish & Eggs",TGFC Catla Bengali Cut,290.0,29,1,204.0,500,False,500,86.0,57.99999999999999,Low Stock,High (21%+)
"Meats, Fish & Eggs",Godrej Real Good Chicken Leg Boneless,275.0,9,3,248.0,450,False,450,27.0,61.111111111111114,In Stock,Low (1-10%)
"Meats, Fish & Eggs",TGFC Rohu Bengali Cut,249.0,28,1,179.0,500,False,500,70.0,49.8,Low Stock,High (21%+)
"Meats, Fish & Eggs",Godrej Real Good Chicken Lollypop,175.0,9,1,158.0,580,False,10,17.0,30.17241379310345,Low Stock,Low (1-10%)
"Meats, Fish & Eggs",Godrej Real Good Chicken Liver Sealed,75.0,9,1,68.0,200,False,200,7.0,37.5,Low Stock,Low (1-10%)
"Meats, Fish & Eggs",Everest Tandoori Chicken Masala,74.0,9,3,67.0,100,False,100,7.0,74.0,In Stock,Low (1-10%)
"Meats, Fish & Eggs",Fresh Mutton Mince - Kheema (Halal),515.0,3,1,495.0,500,False,500,20.0,103.0,Low Stock,Low (1-10%)
"Meats, Fish & Eggs",Fresh Mutton Curry Cut Cubes (Halal),465.0,4,1,442.0,500,False,500,23.0,93.0,Low Stock,Low (1-10%)
"Meats, Fish & Eggs",Ceres Foods Laal Maas Instant Liquid Masala,220.0,50,5,110.0,200,False,200,110.0,110.00000000000001,In Stock,High (21%+)
"Meats, Fish & Eggs",Godrej Real Good Chicken Legs,210.0,10,1,189.0,116,False,2,21.0,181.0344827586207,Low Stock,Low (1-10%)
"Meats, Fish & Eggs",Yummiez Chicken Breakfast Sausages,150.0,0,3,150.0,250,False,250,0.0,60.0,In Stock,No Discount
"Meats, Fish & Eggs",TGFC Basa Fillets,329.0,24,1,247.0,500,False,500,82.0,65.8,Low Stock,High (21%+)
"Meats, Fish & Eggs",Zorabian Chicken Legs Skinless,210.0,0,1,210.0,450,False,450,0.0,46.666666666666664,Low Stock,No Discount
"Meats, Fish & Eggs",Ceres Foods Nalli Nihari Instant Liquid Masala,220.0,50,6,110.0,200,False,200,110.0,110.00000000000001,In Stock,High (21%+)
"Meats, Fish & Eggs",Yummiez Chicken Garlic Fingers Pouch,250.0,0,5,250.0,400,False,400,0.0,62.5,In Stock,No Discount
"Meats, Fish & Eggs",Suhana Spice Mix - Chicken Biryani,66.0,0,6,66.0,50,False,50,0.0,132.0,In Stock,No Discount
"Meats, Fish & Eggs",Suguna Nourish Egg,62.0,0,0,62.0,696,True,12,0.0,8.908045977011495,Out of Stock,No Discount
"Meats, Fish & Eggs",Fresh Chicken Curry Cut - Skinless (Halal),140.0,0,0,140.0,500,True,500,0.0,28.000000000000004,Out of Stock,No Discount
"Meats, Fish & Eggs",Zorabian Chicken Breast Boneless,145.0,0,0,145.0,450,True,450,0.0,32.22222222222222,Out of Stock,No Discount
"Meats, Fish & Eggs",Zorabian Chicken Kheema Parathas,190.0,0,0,190.0,300,True,300,0.0,63.33333333333333,Out of Stock,No Discount
"Meats, Fish & Eggs",Fresh Chicken Mince - Kheema (Halal),215.0,5,0,204.0,500,True,500,11.0,43.0,Out of Stock,Low (1-10%)
"Meats, Fish & Eggs",Godrej Real Good Chicken Boneless Cubes,275.0,9,0,248.0,450,True,450,27.0,61.111111111111114,Out of Stock,Low (1-10%)
"Meats, Fish & Eggs",Suguna Vitamin D Egg,75.0,17,0,62.0,348,True,6,13.0,21.551724137931032,Out of Stock,Mid (11-20%)
"Meats, Fish & Eggs",Suguna Nourish Egg,72.0,16,0,60.0,348,True,6,12.0,20.689655172413794,Out of Stock,Mid (11-20%)
"Meats, Fish & Eggs",Zorabian Chicken Mince,250.0,0,0,250.0,450,True,450,0.0,55.55555555555556,Out of Stock,No Discount
"Meats, Fish & Eggs",Zorabian Chicken Leg Boneless,250.0,0,0,250.0,450,True,450,0.0,55.55555555555556,Out of Stock,No Discount
"Meats, Fish & Eggs",Godrej Yummiez Chicken Breakfast Salami,150.0,4,0,143.0,250,True,250,7.0,60.0,Out of Stock,Low (1-10%)
"Meats, Fish & Eggs",Zorabian Chicken Cubes,270.0,0,0,270.0,500,True,500,0.0,54.0,Out of Stock,No Discount
Biscuits,Britannia Good Day Cashew Cookies,10.0,0,6,10.0,60,False,58,0.0,16.666666666666664,In Stock,No Discount
Biscuits,Britannia 50-50 Maska Chaska Biscuits,32.0,3,6,31.0,120,False,120,1.0,26.666666666666668,In Stock,Low (1-10%)
Biscuits,Dukes Waffy Chocolate Wafers,45.0,51,4,22.0,60,False,75,23.0,75.0,In Stock,High (21%+)
Biscuits,Britannia Nutri Choice Digestive Biscuit,45.0,0,1,45.0,200,False,150,0.0,22.5,Low Stock,No Discount
Biscuits,Britannia Goodday Chocochip Cookies,120.0,17,5,99.0,400,False,400,21.0,30.0,In Stock,Mid (11-20%)
Biscuits,Britannia Good Day Pista Badam,45.0,2,1,44.0,200,False,200,1.0,22.5,Low Stock,Low (1-10%)
Biscuits,Cadbury Chocobakes Chocolate Filled Cookies,30.0,0,5,30.0,75,False,75,0.0,40.0,In Stock,No Discount
Biscuits,Dukes Waffy Strawberry Roll,150.0,50,3,75.0,250,False,250,75.0,60.0,In Stock,High (21%+)
Biscuits,Parle Monaco Classic Salty Biscuits,70.0,0,4,70.0,400,False,400,0.0,17.5,In Stock,No Discount
Biscuits,Dukes Waffy Orange Wafers,45.0,51,5,22.0,60,False,75,23.0,75.0,In Stock,High (21%+)
Biscuits,Britannia Good Day Pista Badam,20.0,0,6,20.0,100,False,100,0.0,20.0,In Stock,No Discount
Biscuits,Britannia Milk Bikis Biscuits Packet,20.0,0,3,20.0,200,False,200,0.0,10.0,In Stock,No Discount
Biscuits,Britannia Toastea (Premium Bake Rusk),65.0,0,6,65.0,400,False,400,0.0,16.25,In Stock,No Discount
Biscuits,Dukes Waffy Strawberry Wafers,45.0,51,2,22.0,60,False,75,23.0,75.0,Low Stock,High (21%+)
Biscuits,Britannia Toastea Premium Bake Rusk,35.0,0,3,35.0,182,False,182,0.0,19.230769230769234,In Stock,No Discount
Biscuits,Lotte Choco Pie,80.0,10,3,72.0,168,False,168,8.0,47.61904761904761,In Stock,Low (1-10%)
Biscuits,Bauli Moonfils Choco Veg Puff Roll,15.0,0,2,15.0,45,False,45,0.0,33.33333333333333,Low Stock,No Discount
Biscuits,Sunfeast Dark Fantasy Choco Fills Cookies Packet,150.0,15,3,127.0,300,False,300,23.0,50.0,In Stock,Mid (11-20%)
Biscuits,Britannia 50-50 Maska Chaska Biscuit,75.0,10,6,67.5,300,False,300,7.5,25.0,In Stock,Low (1-10%)
Biscuits,Britannnia 50-50 Sweet & Salty Biscuit,25.0,0,4,25.0,200,False,200,0.0,12.5,In Stock,No Discount
Biscuits,Britannia Good Day Chunky Cookies,50.0,15,6,42.5,120,False,120,7.5,41.66666666666667,In Stock,Mid (11-20%)
Biscuits,Sunfeast Marie Light,23.0,13,1,20.0,200,False,200,3.0,11.5,Low Stock,Mid (11-20%)
Biscuits,Britannia Bourbon Biscuit Buy 4 Get 1 Free,80.0,10,2,72.0,500,False,500,8.0,16.0,Low Stock,Low (1-10%)
Biscuits,The Bake Shop Whole Wheat Oats Khari,65.0,6,5,61.0,200,False,200,4.0,32.5,In Stock,Low (1-10%)
Biscuits,Britannia Nutri Choice Oats Milk Almond Biscuit,25.0,10,6,22.5,75,False,75,2.5,33.33333333333333,In Stock,Low (1-10%)
Biscuits,Sunfeast Dark Fantasy Choco Creme,80.0,27,4,58.0,300,False,300,22.0,26.666666666666668,In Stock,High (21%+)
Biscuits,Lotte Choco Pie Chocolate Cake,25.0,0,6,25.0,56,False,56,0.0,44.642857142857146,In Stock,No Discount
Biscuits,Sunfeast Mom's Magic Cashew & Almond Cookies Packet,30.0,10,3,27.0,200,False,200,3.0,15.0,In Stock,Low (1-10%)
Biscuits,Unibic SugarFree - Oatmeal Cookies,50.0,16,3,42.0,75,False,75,8.0,66.66666666666666,In Stock,Mid (11-20%)
Biscuits,Parle Hide & Seek Cookies With Added Almonds,30.0,3,1,29.0,100,False,100,1.0,30.0,Low Stock,Low (1-10%)
Biscuits,Unibic Fruit & Nut Cookies,25.0,8,3,23.0,67,False,67,2.0,37.3134328358209,In Stock,Low (1-10%)
Biscuits,Sunfeast Yumfills Whoopie Pie,140.0,25,5,105.0,253,False,276,35.0,55.33596837944664,In Stock,High (21%+)
Biscuits,Britannia Toastea Premium Bake Rusk,110.0,14,1,94.0,700,False,700,16.0,15.714285714285714,Low Stock,Mid (11-20%)
Biscuits,McVitie's Marie biscuits with Goodness of Calcium,30.0,0,6,30.0,250,False,250,0.0,12.0,In Stock,No Discount
Biscuits,Britannia Treat Croissant Vanilla Creme Roll,20.0,10,2,18.0,47,False,47,2.0,42.5531914893617,Low Stock,Low (1-10%)
Biscuits,Unibic Honey Oatmeal Cookies,25.0,8,6,23.0,75,False,75,2.0,33.33333333333333,In Stock,Low (1-10%)
Biscuits,Britannia Good Day Choco Chip Cookies,30.0,3,6,29.0,100,False,100,1.0,30.0,In Stock,Low (1-10%)
Biscuits,The Bake Shop Masala Cheese Crackers,95.0,6,3,89.0,100,False,100,6.0,95.0,In Stock,Low (1-10%)
Biscuits,Britannia Pure Magic Vanilla Creme Biscuit,35.0,17,4,29.0,100,False,100,6.0,35.0,In Stock,Mid (11-20%)
Biscuits,Open Secret Assorted Story Box,105.0,22,4,81.0,75,False,75,24.0,140.0,In Stock,High (21%+)
Biscuits,Cadbury Oreo Dipped Biscuit,70.0,10,1,63.0,150,False,150,7.0,46.666666666666664,Low Stock,Low (1-10%)
Biscuits,Sunfeast Farmlite Oats & Almonds Biscuits Packet,60.0,10,3,54.0,150,False,150,6.0,40.0,In Stock,Low (1-10%)
Biscuits,Unibic SugarFree - Butter Cookies,50.0,16,6,42.0,75,False,75,8.0,66.66666666666666,In Stock,Mid (11-20%)
Biscuits,Britannia Good Day Cashew Cookies Packet,120.0,12,6,105.6,600,False,600,14.400000000000006,20.0,In Stock,Mid (11-20%)
Biscuits,Dukes Sour & Cream Onion Nibbles Baked,55.0,25,3,41.0,150,False,150,14.0,36.666666666666664,In Stock,High (21%+)
Biscuits,Parle Hide & Seek Choco Rolls,50.0,2,4,49.0,120,False,120,1.0,41.66666666666667,In Stock,Low (1-10%)
Biscuits,Britannia Treat Creme Wafers - Vanilla,45.0,11,6,40.0,60,False,1,5.0,75.0,In Stock,Mid (11-20%)
Biscuits,Parle Rusk Elaichi,48.0,2,6,47.0,300,False,300,1.0,16.0,In Stock,Low (1-10%)
Biscuits,Lotte Choco Pie,140.0,6,2,131.0,336,False,336,9.0,41.66666666666667,Low Stock,Low (1-10%)
Biscuits,Sunfeast Mom's Magic Cashew & Almond Biscuits,120.0,15,6,102.0,600,False,600,18.0,20.0,In Stock,Mid (11-20%)
Biscuits,Unibic Cashew Cookies,25.0,8,6,23.0,75,False,75,2.0,33.33333333333333,In Stock,Low (1-10%)
Biscuits,Parle Monaco Jeffs Zeera Biscuit,60.0,10,4,54.0,200,False,200,6.0,30.0,In Stock,Low (1-10%)
Biscuits,"Unibic Snack Bar - Multigrain, Choco",40.0,17,6,33.0,30,False,30,7.0,133.33333333333331,In Stock,Mid (11-20%)
Biscuits,The Bake Shop Methi Khari Simply Delicious,65.0,6,2,61.0,200,False,200,4.0,32.5,Low Stock,Low (1-10%)
Biscuits,Britannia Treat Jimjam Family Pack (Buy 4 Get 1 Free),100.0,0,6,100.0,500,False,500,0.0,20.0,In Stock,No Discount
Biscuits,Open Secret Choco Almond Tiffin Pack,35.0,22,3,27.0,25,False,25,8.0,140.0,In Stock,High (21%+)
Biscuits,Lotte Choco Pie,150.0,20,6,120.0,696,False,12,30.0,21.551724137931032,In Stock,Mid (11-20%)
Biscuits,Baker Street Suji Rusk Large Pack,30.0,10,6,27.0,200,False,200,3.0,15.0,In Stock,Low (1-10%)
Biscuits,Parle Hide & Seek Choco Rolls,30.0,0,1,30.0,75,False,75,0.0,40.0,Low Stock,No Discount
Biscuits,Sunfeast Dark Fantasy Vanilla Creme,80.0,15,6,68.0,300,False,300,12.0,26.666666666666668,In Stock,Mid (11-20%)
Biscuits,Britannia Treat Burst Choco Creme Fills,30.0,0,3,30.0,120,False,120,0.0,25.0,In Stock,No Discount
Biscuits,Parle Milano Mixed Berries Cookies,35.0,2,3,34.0,75,False,75,1.0,46.666666666666664,In Stock,Low (1-10%)
Biscuits,Karachi Bakery Cashew Biscuits,210.0,5,4,199.0,400,False,400,11.0,52.5,In Stock,Low (1-10%)
Biscuits,Britannia Pure Magic Choco Lush Cookies,120.0,20,4,96.0,300,False,300,24.0,40.0,In Stock,Mid (11-20%)
Biscuits,Britannia Treart Creme Wafers Chocolate,45.0,11,6,40.0,60,False,1,5.0,75.0,In Stock,Mid (11-20%)
Biscuits,Unibic Daily Digestive (Multigrain Cookies),30.0,6,6,28.0,75,False,75,2.0,40.0,In Stock,Low (1-10%)
Biscuits,Cadbury Chocobakes Choc Filled Cookies,60.0,0,6,60.0,150,False,150,0.0,40.0,In Stock,No Discount
Biscuits,The Bake Shop Whole Wheat Multigrain Toast (Rusk),60.0,6,2,56.0,200,False,200,4.0,30.0,Low Stock,Low (1-10%)
Biscuits,Unibic Choco Kiss Cookies,45.0,15,5,38.0,75,False,75,7.0,60.0,In Stock,Mid (11-20%)
Biscuits,Britannia Treat Creme Wafers - Orange,45.0,11,6,40.0,60,False,60,5.0,75.0,In Stock,Mid (11-20%)
Biscuits,Bauli Moonfills Pack of 4,60.0,10,6,54.0,180,False,190,6.0,33.33333333333333,In Stock,Low (1-10%)
Biscuits,Unibic Oatmeal Digestive Cookies,50.0,6,6,47.0,150,False,150,3.0,33.33333333333333,In Stock,Low (1-10%)
Biscuits,Orion Choco Pie - Chocolate Coated Soft Biscuit,150.0,25,2,112.0,336,False,336,38.0,44.642857142857146,Low Stock,High (21%+)
Biscuits,Britannia Good Day Cashew Cookies Pack Of 6,120.0,10,6,108.0,120,False,120,12.0,100.0,In Stock,Low (1-10%)
Biscuits,Parle Fab Bourbon,30.0,0,3,30.0,150,False,150,0.0,20.0,In Stock,No Discount
Biscuits,Open Secret White Choco Tiffin Pack,35.0,22,1,27.0,25,False,25,8.0,140.0,Low Stock,High (21%+)
Biscuits,The Bake Shop Whole Wheat Bread Sticks,60.0,6,1,56.0,100,False,100,4.0,60.0,Low Stock,Low (1-10%)
Biscuits,Unibic Assorted Cookies,149.0,8,6,137.0,450,False,450,12.0,33.111111111111114,In Stock,Low (1-10%)
Biscuits,The Bake Shop Milk & Raisin Toast (Rusk),60.0,6,4,56.0,200,False,200,4.0,30.0,In Stock,Low (1-10%)
Biscuits,Lotte Choco Pie Cocoa Pie,90.0,10,6,81.0,168,False,168,9.0,53.57142857142857,In Stock,Low (1-10%)
Biscuits,Bauli Moonfils Veg - Strawberry,15.0,0,5,15.0,45,False,47,0.0,33.33333333333333,In Stock,No Discount
Biscuits,The Bake Shop Masala Lavash,75.0,6,6,70.0,100,False,200,5.0,75.0,In Stock,Low (1-10%)
Biscuits,Britannia Good Day Nut Cookies,30.0,0,6,30.0,120,False,120,0.0,25.0,In Stock,No Discount
Biscuits,Sunfeast Mom's Magic Rich Butter Cookies,30.0,10,6,27.0,200,False,200,3.0,15.0,In Stock,Low (1-10%)
Biscuits,The Bake Shop Whole Wheat Toast (Rusk),60.0,6,4,56.0,200,False,200,4.0,30.0,In Stock,Low (1-10%)
Biscuits,Open Secret Peanut Butter Story Box,105.0,22,6,81.0,75,False,75,24.0,140.0,In Stock,High (21%+)
Biscuits,Open Secret White Choco Story Box,105.0,22,6,81.0,75,False,75,24.0,140.0,In Stock,High (21%+)
Biscuits,The Bake Shop Whole Wheat Multigrain Lavash,75.0,6,3,70.0,100,False,200,5.0,75.0,In Stock,Low (1-10%)
Biscuits,McVitie's Oat Cookies,45.0,0,2,45.0,120,False,120,0.0,37.5,Low Stock,No Discount
Biscuits,Britannia Tiger Krunch Biscuits,120.0,0,4,120.0,400,False,400,0.0,30.0,In Stock,No Discount
Biscuits,McVitie's Butter Cookies,30.0,10,6,27.0,200,False,200,3.0,15.0,In Stock,Low (1-10%)
Biscuits,Bauli Moonfils Strawberry,15.0,0,5,15.0,45,False,45,0.0,33.33333333333333,In Stock,No Discount
Biscuits,Britannia Good Day Butter Cookies,80.0,10,6,72.0,600,False,600,8.0,13.333333333333334,In Stock,Low (1-10%)
Biscuits,The Bake Shop Jeera Ajwain Bread Sticks,60.0,6,6,56.0,100,False,100,4.0,60.0,In Stock,Low (1-10%)
Biscuits,Parle Fab!o Vanilla Creme Sandwich Biscuit,30.0,3,6,29.0,120,False,120,1.0,25.0,In Stock,Low (1-10%)
Biscuits,Sunfeast Farmlite Nuts Digestive,70.0,11,6,62.0,250,False,250,8.0,28.000000000000004,In Stock,Mid (11-20%)
Biscuits,Britannia Pure Magic - Chocolush,35.0,2,6,34.0,100,False,100,1.0,35.0,In Stock,Low (1-10%)
Biscuits,The Bake Shop Maska & Multigrain Cheese Crackers,130.0,10,3,116.0,100,False,150,14.0,130.0,In Stock,Low (1-10%)
Biscuits,Britannia Nutri Choice Ragi Cookies,70.0,10,6,63.0,150,False,150,7.0,46.666666666666664,In Stock,Low (1-10%)
Biscuits,Sunfeast Farmlite 5 Seed Digestive,60.0,0,2,60.0,250,False,250,0.0,24.0,Low Stock,No Discount
Biscuits,Dukes Nibbles - Ranch Crackers,50.0,0,6,50.0,150,False,150,0.0,33.33333333333333,In Stock,No Discount
Biscuits,Danish Butter Cookies,350.0,0,1,350.0,400,False,400,0.0,87.5,Low Stock,No Discount
Biscuits,The Bake Shop Sesame Seed Crackers,130.0,10,4,116.0,100,False,150,14.0,130.0,In Stock,Low (1-10%)
Biscuits,Good Day Butter Cookies,10.0,0,0,10.0,75,True,75,0.0,13.333333333333334,Out of Stock,No Discount
Biscuits,Britannia Marie Gold Biscuits Packet,30.0,0,0,30.0,250,True,250,0.0,12.0,Out of Stock,No Discount
Biscuits,Britannia Good Day Cashew Cookies,20.0,0,0,20.0,100,True,100,0.0,20.0,Out of Stock,No Discount
Biscuits,Sunfeast Dark Fantasy Choco Fills,35.0,8,0,32.0,75,True,75,3.0,46.666666666666664,Out of Stock,Low (1-10%)
Biscuits,Britannia Nutri Choice Digestive Biscuits Packet,25.0,0,0,25.0,100,True,100,0.0,25.0,Out of Stock,No Discount
Biscuits,Britannia Classic Little Hearts,25.0,0,0,25.0,75,True,75,0.0,33.33333333333333,Out of Stock,No Discount
Biscuits,Britannia Good Day Cashew Cookies Packet,40.0,5,0,38.0,200,True,200,2.0,20.0,Out of Stock,Low (1-10%)
Biscuits,Britannia Nice Time Biscuit,25.0,0,0,25.0,150,True,150,0.0,16.666666666666664,Out of Stock,No Discount
Biscuits,Britannia Milk Bikis Cream Biscuit,45.0,0,0,45.0,200,True,200,0.0,22.5,Out of Stock,No Discount
Biscuits,Britannia Bourbon Chocolate Cream Biscuits,35.0,2,0,34.0,150,True,150,1.0,23.333333333333332,Out of Stock,Low (1-10%)
Biscuits,Dukes Waffy Chocolate Wafer Rolls,150.0,50,0,75.0,250,True,250,75.0,60.0,Out of Stock,High (21%+)
Biscuits,Britannia Milk Bikis Milky Sandwich,25.0,0,0,25.0,120,True,120,0.0,20.833333333333336,Out of Stock,No Discount
Biscuits,Britannia Marie Gold Biscuit,28.0,0,0,28.0,200,True,200,0.0,14.000000000000002,Out of Stock,No Discount
Biscuits,Britannia Marie Gold (Buy 4 Get 1 Free),80.0,0,0,80.0,600,True,600,0.0,13.333333333333334,Out of Stock,No Discount
Biscuits,Britannia 50-50 Maska Chaska Biscuit,10.0,0,0,10.0,46,True,45,0.0,21.73913043478261,Out of Stock,No Discount
Biscuits,Unibic Choco Nut Cookies,25.0,8,0,23.0,75,True,75,2.0,33.33333333333333,Out of Stock,Low (1-10%)
Biscuits,Britannia Vita Marie Gold Biscuit,45.0,0,0,45.0,300,True,300,0.0,15.0,Out of Stock,No Discount
Biscuits,The Bake Shop Maska Khari,65.0,6,0,61.0,200,True,100,4.0,32.5,Out of Stock,Low (1-10%)
Biscuits,Parle Fab! Jam-In Cream Filled,35.0,2,0,34.0,150,True,150,1.0,23.333333333333332,Out of Stock,Low (1-10%)
Biscuits,Sunfeast Nice Biscuit,25.0,12,0,22.0,150,True,150,3.0,16.666666666666664,Out of Stock,Mid (11-20%)
Biscuits,Britannia Nutrichoice 5 Grain Digestive Biscuits,75.0,0,0,75.0,200,True,200,0.0,37.5,Out of Stock,No Discount
Biscuits,Cadbury Oreo Strawberry Bicuits,30.0,3,0,29.0,120,True,120,1.0,25.0,Out of Stock,Low (1-10%)
Biscuits,Sunfeast Mom's Magic Cashew & Almond Biscuit,10.0,0,0,10.0,60,True,60,0.0,16.666666666666664,Out of Stock,No Discount
Biscuits,Britannia Roll Yo! Strawberry Swiss Roll,10.0,0,0,10.0,28,True,28,0.0,35.714285714285715,Out of Stock,No Discount
Biscuits,Bauli Moonfils Choco Cream (With Egg),15.0,0,0,15.0,45,True,45,0.0,33.33333333333333,Out of Stock,No Discount
Biscuits,Britannia Nutri Choice Oats Choco Almond Biscuit,25.0,10,0,22.5,100,True,75,2.5,25.0,Out of Stock,Low (1-10%)
Biscuits,Britannia Nutri Choice Cracker Sugar Free Biscuit,35.0,0,0,35.0,300,True,300,0.0,11.666666666666666,Out of Stock,No Discount
Biscuits,Cadbury Oreo Chocolatey Sandwich Biscuits Family Pack,80.0,0,0,80.0,300,True,300,0.0,26.666666666666668,Out of Stock,No Discount
Biscuits,Bauli Moonfils Orange Puff Roll,15.0,0,0,15.0,45,True,45,0.0,33.33333333333333,Out of Stock,No Discount
Biscuits,Britannia Treat Jimjam Cream Biscuits,25.0,0,0,25.0,100,True,100,0.0,25.0,Out of Stock,No Discount
Biscuits,Britannia Toastea Premium Bake Rusk,50.0,6,0,47.0,300,True,300,3.0,16.666666666666664,Out of Stock,Low (1-10%)
Biscuits,The Bake Shop Jeera Khari,65.0,0,0,65.0,200,True,200,0.0,32.5,Out of Stock,No Discount
Biscuits,"Cadbury Oreo Creme Biscuit - Vanilla, Original 120 g",30.0,3,0,29.0,120,True,120,1.0,25.0,Out of Stock,Low (1-10%)
Biscuits,Britannia Good Day Cashew Cookies,230.0,25,0,172.0,1000,True,1,58.0,23.0,Out of Stock,High (21%+)
Biscuits,Bauli Moonfils - Vanilla,15.0,0,0,15.0,45,True,45,0.0,33.33333333333333,Out of Stock,No Discount
Biscuits,Britannia Roll Yo! Choco Swiss Roll (With Egg),10.0,0,0,10.0,28,True,28,0.0,35.714285714285715,Out of Stock,No Discount
Biscuits,Britannia Milk Bikis Cream Biscuit,70.0,0,0,70.0,500,True,500,0.0,14.000000000000002,Out of Stock,No Discount
Biscuits,Open Secret Choco Almond Story Box,105.0,22,0,81.0,75,True,75,24.0,140.0,Out of Stock,High (21%+)
Biscuits,Parle Monaco Sixer Salted Biscuits,60.0,10,0,54.0,200,True,200,6.0,30.0,Out of Stock,Low (1-10%)
Biscuits,Sunfeast Dark Fantasy Bourbon Bliss,35.0,17,0,29.0,150,True,150,6.0,23.333333333333332,Out of Stock,Mid (11-20%)
Biscuits,Patanjali Atta Doodh Rusk,40.0,0,0,40.0,300,True,300,0.0,13.333333333333334,Out of Stock,No Discount
Personal Care,Clove Sensitive Toothpaste with Anti-Sensitivity & Fluoride Formulation,160.0,35,3,104.0,80,False,80,56.0,200.0,In Stock,High (21%+)
Personal Care,Dettol Original Germ Protection Alcohol Based Hand Sanitizer,25.0,0,6,25.0,50,False,50,0.0,50.0,In Stock,No Discount
Personal Care,Colgate Visible White Toothpaste,115.0,10,6,103.0,100,False,100,12.0,114.99999999999999,In Stock,Low (1-10%)
Personal Care,Dettol SKincare Handwash Value Refill,109.0,3,6,105.0,750,False,750,4.0,14.533333333333335,In Stock,Low (1-10%)
Personal Care,Savlon Herbal Sensitive Liquid Handwash Refill Pouch,115.0,4,6,110.0,750,False,500,5.0,15.333333333333332,In Stock,Low (1-10%)
Personal Care,Colgate Total 12 Whole Mouth Protection Toothpaste,120.0,10,6,108.0,120,False,120,12.0,100.0,In Stock,Low (1-10%)
Personal Care,Lux International Creamy White Soap Bar,35.0,2,6,34.0,75,False,75,1.0,46.666666666666664,In Stock,Low (1-10%)
Personal Care,Colgate Herbal Toothpaste,114.0,18,2,93.0,200,False,200,21.0,56.99999999999999,Low Stock,Mid (11-20%)
Personal Care,Nivea Men Deodorant Fresh Active 48h Long lasting Freshness,225.0,24,6,169.0,150,False,150,56.0,150.0,In Stock,High (21%+)
Personal Care,Dabur Meswak Toothpaste,58.0,5,6,55.0,100,False,100,3.0,57.99999999999999,In Stock,Low (1-10%)
Personal Care,Colgate Max Fresh Cooling Crystals Toothpaste,101.0,5,2,95.0,150,False,150,6.0,67.33333333333333,Low Stock,Low (1-10%)
Personal Care,Indulekha Bhringa Hair Oil,432.0,15,6,367.0,100,False,100,65.0,432.0,In Stock,Mid (11-20%)
Personal Care,Colgate Sensitive Soft Bristles Toothbrush,50.0,0,6,50.0,58,False,1,0.0,86.20689655172413,In Stock,No Discount
Personal Care,Pears Pure & Gentle Glycerin Bath Soap,75.0,0,6,75.0,125,False,125,0.0,60.0,In Stock,No Discount
Personal Care,Vaseline Skin Protecting Jelly,79.0,13,6,68.0,50,False,50,11.0,158.0,In Stock,Mid (11-20%)
Personal Care,Dettol Original Germ Protection Bathing Soap Bar,166.0,5,4,157.0,375,False,375,9.0,44.266666666666666,In Stock,Low (1-10%)
Personal Care,Dettol Intense Cool Soap (B4G1),260.0,5,6,247.0,625,False,625,13.0,41.6,In Stock,Low (1-10%)
Personal Care,Livon Anti-Frizz Serum,250.0,10,3,225.0,100,False,100,25.0,250.0,In Stock,Low (1-10%)
Personal Care,Lifebuoy Germ Protection Care Soap Bar,30.0,3,3,29.0,100,False,125,1.0,30.0,In Stock,Low (1-10%)
Personal Care,Lux International Creamy White Soap Bar,70.0,10,6,63.0,125,False,125,7.0,56.00000000000001,In Stock,Low (1-10%)
Personal Care,Godrej Nupur – 100% Pure Henna (Mehendi),10.0,0,6,10.0,18,False,18,0.0,55.55555555555556,In Stock,No Discount
Personal Care,Glow & Lovely Advanced Multivitamin Face Cream,213.0,10,6,190.0,110,False,110,23.0,193.63636363636363,In Stock,Low (1-10%)
Personal Care,Set Wet Style Vertical Hold Hair Gel,50.0,10,4,45.0,50,False,50,5.0,100.0,In Stock,Low (1-10%)
Personal Care,"Godrej Expert Rich Crème, Natural Black",30.0,0,6,30.0,20,False,20,0.0,150.0,In Stock,No Discount
Personal Care,Nycil Germ Expert Cool Herbal Talc,130.0,8,1,119.0,150,False,200,11.0,86.66666666666667,Low Stock,Low (1-10%)
Personal Care,Godrej Expert Creme Hair Natural Brown Colour,30.0,0,6,30.0,20,False,20,0.0,150.0,In Stock,No Discount
Personal Care,Veet Sensitive Skin Hair Removal Cream,135.0,5,6,128.0,50,False,50,7.0,270.0,In Stock,Low (1-10%)
Personal Care,Closeup Everfresh+ Anti-Germ Gel Toothpaste Red Hot,50.0,2,1,49.0,80,False,80,1.0,62.5,Low Stock,Low (1-10%)
Personal Care,Pears Pure And Gentle Value Pack Of 3 Bathing Soap,199.0,6,5,186.0,375,False,375,13.0,53.06666666666666,In Stock,Low (1-10%)
Personal Care,Gillette Presto Ready Shaver 5 Cartridges,88.0,6,6,82.0,290,False,5,6.0,30.344827586206897,In Stock,Low (1-10%)
Personal Care,Closeup Everfresh+ Anti-Germ Gel Toothpaste Red Hot,160.0,10,4,144.0,300,False,300,16.0,53.333333333333336,In Stock,Low (1-10%)
Personal Care,"Godrej Expert Rich Crème, Dark Brown",30.0,0,4,30.0,20,False,20,0.0,150.0,In Stock,No Discount
Personal Care,Nivea Soft Light Moisturizer for Face Hand & Body Non-Sticky Cream with Vitamin E & Jojoba Oil,185.0,15,3,157.0,100,False,100,28.0,185.0,In Stock,Mid (11-20%)
Personal Care,Fiama Gel Bar Celebration Pack Buy 4 Get 1 Free,290.0,10,6,261.0,625,False,625,29.0,46.400000000000006,In Stock,Low (1-10%)
Personal Care,Gillette Sensitive Shaving Foam,225.0,6,4,210.0,418,False,418,15.0,53.827751196172244,In Stock,Low (1-10%)
Personal Care,Dove Hair Fall Rescue Shampoo,150.0,6,5,141.0,180,False,180,9.0,83.33333333333334,In Stock,Low (1-10%)
Personal Care,Gillette Mach 3 Mens Razor Blades,499.0,7,4,460.0,232,False,4,39.0,215.08620689655174,In Stock,Low (1-10%)
Personal Care,Palmolive Aroma Absolute Relax Shower Gel,199.0,20,2,159.0,250,False,250,40.0,79.60000000000001,Low Stock,Mid (11-20%)
Personal Care,Godrej Protekt Germ Fighter Handwash,99.0,0,6,99.0,750,False,750,0.0,13.200000000000001,In Stock,No Discount
Personal Care,Dettol Hand Sanitizer,100.0,5,6,95.0,200,False,200,5.0,50.0,In Stock,Low (1-10%)
Personal Care,Dabur Amla Hair Oil,88.0,0,2,88.0,180,False,180,0.0,48.888888888888886,Low Stock,No Discount
Personal Care,Dettol Original Liquid Handwash,89.0,4,6,85.0,200,False,200,4.0,44.5,In Stock,Low (1-10%)
Personal Care,L'Oreal Paris Total Repair 5 Conditioner,199.0,0,6,199.0,192,False,180,0.0,103.64583333333333,In Stock,No Discount
Personal Care,Patanjali Saundarya Aloe Vera Gel,90.0,0,5,90.0,150,False,150,0.0,60.0,In Stock,No Discount
Personal Care,Head & Shoulders 2 In 1 Anti Dandruff Shampoo Conditioner,195.0,10,4,174.0,180,False,180,21.0,108.33333333333333,In Stock,Low (1-10%)
Personal Care,Clean & Clear Pimple Clearing Face Wash,130.0,10,2,117.0,80,False,80,13.0,162.5,Low Stock,Low (1-10%)
Personal Care,Himalaya Anti Dandruff Shampoo,140.0,8,2,128.0,200,False,200,12.0,70.0,Low Stock,Low (1-10%)
Personal Care,Stayfree Secure Dry Cover Regular Sanitary Pad With Wings,30.0,3,6,29.0,406,False,7,1.0,7.389162561576355,In Stock,Low (1-10%)
Personal Care,Savlon Moisture Shield Hand Wash,99.0,4,6,95.0,750,False,750,4.0,13.200000000000001,In Stock,Low (1-10%)
Personal Care,Dove Intense Repair Conditioner,190.0,14,6,162.0,175,False,80,28.0,108.57142857142857,In Stock,Mid (11-20%)
Personal Care,Dabur Gulabari Rose Glow Face Cleanse,75.0,5,4,71.0,100,False,100,4.0,75.0,In Stock,Low (1-10%)
Personal Care,Parachute Jasmine Hair Oil,82.0,9,6,74.0,190,False,190,8.0,43.15789473684211,In Stock,Low (1-10%)
Personal Care,Johnson's Baby Skincare Wipes,79.0,6,6,74.0,1160,False,20,5.0,6.810344827586206,In Stock,Low (1-10%)
Personal Care,Dettol Skincare Liquid Hand Wash,79.0,0,6,79.0,200,False,200,0.0,39.5,In Stock,No Discount
Personal Care,Old Spice Original Lather Shaving Cream,75.0,9,6,68.0,70,False,70,7.0,107.14285714285714,In Stock,Low (1-10%)
Personal Care,Veet Hair Removal Cream Dry Skin,135.0,5,5,128.0,50,False,50,7.0,270.0,In Stock,Low (1-10%)
Personal Care,L'Oreal Paris Total Repair 5 Shampoo,265.0,0,2,265.0,396,False,360,0.0,66.91919191919192,Low Stock,No Discount
Personal Care,Fiama Menthol & Magnolia Cooling Gel Bar Soap,160.0,11,6,141.0,375,False,375,19.0,42.66666666666667,In Stock,Mid (11-20%)
Personal Care,Nivea Lip Balm Original Care for 24h Moisture with Shea Butter & Natural Oils,140.0,15,6,119.0,5,False,4,21.0,,In Stock,Mid (11-20%)
Personal Care,Oral-B Charcoal Deep Clean Stain Removal Toothbrush Soft,99.0,0,3,99.0,232,False,4,0.0,42.672413793103445,In Stock,No Discount
Personal Care,Neutrogena Ultra Sheer Dry Touch SPF 50+ Sunblock Sunscreen Lotion,250.0,10,3,225.0,30,False,30,25.0,833.3333333333334,In Stock,Low (1-10%)
Personal Care,Clinic Plus Strong & Long Health Shampoo,499.0,10,3,449.0,650,False,650,50.0,76.76923076923077,In Stock,Low (1-10%)
Personal Care,Johnson's Baby No More Tears Baby Shampoo,98.0,0,5,98.0,100,False,100,0.0,98.0,In Stock,No Discount
Personal Care,Colgate Zig Zag Toothbrush,120.0,0,3,120.0,348,False,6,0.0,34.48275862068966,In Stock,No Discount
Personal Care,Savlon Moisture Shield Germ Protection Handwash Refill (Buy 1 Get 1 Free),189.0,0,6,189.0,1500,False,1500,0.0,12.6,In Stock,No Discount
Personal Care,Colgate Sensitive Everyday Protection Anticavity Toothpaste,75.0,0,6,75.0,40,False,40,0.0,187.5,In Stock,No Discount
Personal Care,Whisper Ultra Soft XL+ Sanitary Pads,330.0,2,6,323.0,30,False,30,7.0,1100.0,In Stock,Low (1-10%)
Personal Care,Garnier Colour Naturals Hair Colour - 1 Natural Black,80.0,0,1,80.0,60,False,60,0.0,133.33333333333331,Low Stock,No Discount
Personal Care,Axe Pulse Men's Deodorant,210.0,0,6,210.0,150,False,150,0.0,140.0,In Stock,No Discount
Personal Care,Colgate Zigzag Charcoal Soft Bristle Toothbrush - 4 Pcs,99.0,0,6,99.0,232,False,4,0.0,42.672413793103445,In Stock,No Discount
Personal Care,Whisper Ultra Clean Wings XL+  Pouch,449.0,7,6,415.0,44,False,44,34.0,1020.4545454545455,In Stock,Low (1-10%)
Personal Care,Whisper Choice Regular Sanitary Pads,90.0,0,6,90.0,1160,False,20,0.0,7.758620689655173,In Stock,No Discount
Personal Care,Axe Dark Temptation Men's Deodorant,210.0,7,5,194.0,150,False,150,16.0,140.0,In Stock,Low (1-10%)
Personal Care,Head & Shoulders Anti-Dandruff Smooth & Silky Shampoo,150.0,0,4,150.0,180,False,180,0.0,83.33333333333334,In Stock,No Discount
Personal Care,Clinic Plus Strength & Shine Shampoo With Egg Protein,105.0,0,2,105.0,175,False,175,0.0,60.0,Low Stock,No Discount
Personal Care,Engage M1 Perfume Spray for Men,210.0,7,6,194.0,120,False,120,16.0,175.0,In Stock,Low (1-10%)
Personal Care,Tresemme Keratin Smooth Conditioner,380.0,0,3,380.0,340,False,340,0.0,111.76470588235294,In Stock,No Discount
Personal Care,"Garnier Color Naturals Crème Hair Color, Shade 5 Light Brown",180.0,0,1,180.0,100,False,100,0.0,180.0,Low Stock,No Discount
Personal Care,Origami Aloe Vera Wipes,75.0,13,4,65.0,25,False,25,10.0,300.0,In Stock,Mid (11-20%)
Personal Care,"Engage Drizzle Deodorant For Women, Floral And Lavender, Skin Friendly",195.0,10,6,174.0,150,False,150,21.0,130.0,In Stock,Low (1-10%)
Personal Care,Gellette Presto Ready Shaver,20.0,0,1,20.0,58,False,1,0.0,34.48275862068966,Low Stock,No Discount
Personal Care,Colgate Max Fresh Plax Mouthwash - Fresh Mint,150.0,20,5,120.0,250,False,250,30.0,60.0,In Stock,Mid (11-20%)
Personal Care,Colgate Zig Zag Charcoal Medium Toothbrush 4 Pcs,99.0,0,6,99.0,232,False,4,0.0,42.672413793103445,In Stock,No Discount
Personal Care,Godrej Protekt,99.0,0,3,99.0,750,False,750,0.0,13.200000000000001,In Stock,No Discount
Personal Care,Colgate Total Charcoal Anticavity Toothpaste,110.0,10,3,99.0,120,False,120,11.0,91.66666666666666,In Stock,Low (1-10%)
Personal Care,Colgate Kids 0-2 Extra Soft Tooth Brush,30.0,16,6,25.0,58,False,1,5.0,51.724137931034484,In Stock,Mid (11-20%)
Personal Care,Gillete Mach3,260.0,10,6,234.0,116,False,2,26.0,224.13793103448273,In Stock,Low (1-10%)
Personal Care,Maybelline New York Colossal Kajal Black,149.0,0,2,149.0,0,False,0,0.0,,Low Stock,No Discount
Personal Care,Godrej Cinthol Lime Talc,55.0,0,3,55.0,100,False,100,0.0,55.00000000000001,In Stock,No Discount
Personal Care,Hamam Soap Bar Neem Tulsi and Aloe Vera,58.0,0,6,58.0,150,False,150,0.0,38.666666666666664,In Stock,No Discount
Personal Care,"Godrej Expert Rich Crème, Burgundy",33.0,0,6,33.0,20,False,20,0.0,165.0,In Stock,No Discount
Personal Care,Colgate Gentle Sensitive+ Toothbrush Pack Of 4,120.0,10,4,108.0,232,False,4,12.0,51.724137931034484,In Stock,Low (1-10%)
Personal Care,Nivea Creme All Season Multi-Purpose Cream,175.0,10,4,157.0,100,False,100,18.0,175.0,In Stock,Low (1-10%)
Personal Care,Oral-B Charcoal Deep Clean Stain Removal Toothbrush Medium,99.0,0,1,99.0,232,False,4,0.0,42.672413793103445,Low Stock,No Discount
Personal Care,Mamaearth 100% Natural Berry Blast Kids Toothpaste,149.0,10,4,134.0,50,False,50,15.0,298.0,In Stock,Low (1-10%)
Personal Care,HImalaya Gentle Baby Wipes,200.0,10,3,180.0,72,False,72,20.0,277.77777777777777,In Stock,Low (1-10%)
Personal Care,Stayfree Dry Max All Night XL Dry Cover Sanitary Pads,340.0,12,6,298.0,28,False,28,42.0,,In Stock,Mid (11-20%)
Personal Care,"L'Oreal Paris Excellence Creme Hair Color, 1 Black",620.0,0,1,620.0,172,False,172,0.0,360.4651162790698,Low Stock,No Discount
Personal Care,Fem Fairness Naturals Saffron Skin Bleach,85.0,15,4,72.0,64,False,64,13.0,132.8125,In Stock,Mid (11-20%)
Personal Care,Engage Woman Blush Body Deo Spray,195.0,10,5,174.0,150,False,150,21.0,130.0,In Stock,Low (1-10%)
Personal Care,Dove Pink Rosa Beauty Bathinhg Bar,60.0,0,6,60.0,100,False,100,0.0,60.0,In Stock,No Discount
Personal Care,Sebamed Cleansing Bar,99.0,10,4,89.0,100,False,100,10.0,99.0,In Stock,Low (1-10%)
Personal Care,Pampers Premium Care Pants - Large,1099.0,18,2,899.0,44,False,44,200.0,,Low Stock,Mid (11-20%)
Personal Care,Nivea Women Deodorant Fresh Natural Long Lasting Freshness & 48h Protection,199.0,20,2,159.0,150,False,150,40.0,132.66666666666666,Low Stock,Mid (11-20%)
Personal Care,"L'Oreal Paris Excellence Creme Hair Color, 3 Dark Brown/Natural Darkest Brown",620.0,0,6,620.0,172,False,172,0.0,360.4651162790698,In Stock,No Discount
Personal Care,Patanjali Kesh Kanti Natural Hair Cleanser,75.0,9,4,68.0,200,False,200,7.0,37.5,In Stock,Low (1-10%)
Personal Care,Godrej No.1 Bathing Soap – Lime & Aloe Vera,149.0,0,6,149.0,600,False,600,0.0,24.833333333333332,In Stock,No Discount
Personal Care,Pantene Advanced Control Hair Fall Solution Shampoo,120.0,6,5,112.0,180,False,180,8.0,66.66666666666666,In Stock,Low (1-10%)
Personal Care,Veet Full Body Waxing Kit For Dry Skin,235.0,7,6,218.0,1160,False,20,17.0,20.25862068965517,In Stock,Low (1-10%)
Personal Care,Johnson's Baby Skincare Wipes,245.0,9,6,221.0,72,False,72,24.0,340.27777777777777,In Stock,Low (1-10%)
Personal Care,Gillette Lemon Lime Shaving Foam,199.0,11,4,177.0,196,False,196,22.0,101.53061224489797,In Stock,Mid (11-20%)
Personal Care,Old Spice After Shave Lotion Musk,215.0,6,3,200.0,100,False,100,15.0,215.0,In Stock,Low (1-10%)
Personal Care,Whisper Ultra Soft Air Fresh Sanitary Pads (XL) with Wings,315.0,0,4,315.0,30,False,30,0.0,1050.0,In Stock,No Discount
Personal Care,Himalaya Baby Powder,80.0,8,4,73.0,100,False,100,7.0,80.0,In Stock,Low (1-10%)
Personal Care,Fiama Men's Refreshing Pulse Shower Gel,225.0,20,4,180.0,250,False,250,45.0,90.0,In Stock,Mid (11-20%)
Personal Care,Whisper Ultra Clean XL Plus Sanitary Pad,175.0,0,5,175.0,870,False,15,0.0,20.114942528735632,In Stock,No Discount
Personal Care,Johnson's Baby Powder,143.0,0,6,143.0,200,False,200,0.0,71.5,In Stock,No Discount
Personal Care,Dove Cream Beauty Bathing Bar,235.0,9,6,212.0,125,False,125,23.0,188.0,In Stock,Low (1-10%)
Personal Care,Patanjali Kesh Kanti Shikakai Hair Cleanser,95.0,0,4,95.0,200,False,200,0.0,47.5,In Stock,No Discount
Personal Care,L'Oreal Paris Color Protect Conditioner,199.0,0,3,199.0,192,False,192,0.0,103.64583333333333,In Stock,No Discount
Personal Care,Nivea Men Active Clean with Active Charcoal Shower Gel for Body Face & Hair,199.0,4,5,191.0,250,False,250,8.0,79.60000000000001,In Stock,Low (1-10%)
Personal Care,L'Oreal 6 Oil Nourish Conditioner,135.0,0,1,135.0,192,False,192,0.0,70.3125,Low Stock,No Discount
Personal Care,Godrej Easy Natural Black Hair Colour,25.0,0,5,25.0,20,False,20,0.0,125.0,In Stock,No Discount
Personal Care,Dabur Gulabari Rose Water Daily Glow,80.0,6,2,75.0,250,False,250,5.0,32.0,Low Stock,Low (1-10%)
Personal Care,Himalaya Purifying Neem Face Wash,170.0,10,6,153.0,150,False,150,17.0,113.33333333333333,In Stock,Low (1-10%)
Personal Care,Fem Fairness Naturals Gold Skin Bleach,65.0,9,3,59.0,24,False,24,6.0,270.83333333333337,In Stock,Low (1-10%)
Personal Care,Whisper Choice Ultra XL Sanitary Pad,133.0,2,5,130.0,1160,False,20,3.0,11.46551724137931,In Stock,Low (1-10%)
Personal Care,Dove Dandruff Care Shampoo,158.0,6,5,147.0,180,False,180,11.0,87.77777777777777,In Stock,Low (1-10%)
Personal Care,Head & Shoulders Anti Dandruff Anti Hairfall Shampoo,285.0,0,5,285.0,340,False,240,0.0,83.82352941176471,In Stock,No Discount
Personal Care,L'Oreal Casting Creme Ebony Black Hair Color,550.0,0,6,550.0,159,False,87,0.0,345.9119496855346,In Stock,No Discount
Personal Care,Mamaearth Onion Hair Oil,399.0,10,6,359.0,150,False,150,40.0,266.0,In Stock,Low (1-10%)
Personal Care,L'Oreal Paris Casting Creme Gloss Hair Color (Dark Brown 400),550.0,0,4,550.0,159,False,159,0.0,345.9119496855346,In Stock,No Discount
Personal Care,Palmolive Naturals Sea Minerals Liquid Hand Wash,99.0,10,6,89.0,250,False,250,10.0,39.6,In Stock,Low (1-10%)
Personal Care,Oral-B Extra Soft Bristles Sensitive,98.0,0,4,98.0,232,False,4,0.0,42.241379310344826,In Stock,No Discount
Personal Care,Engage M3 Perfume Spray for Men,200.0,10,3,180.0,120,False,120,20.0,166.66666666666669,In Stock,Low (1-10%)
Personal Care,Mamaearth Deeply Nourishing wash for Babies,199.0,0,4,199.0,200,False,200,0.0,99.5,In Stock,No Discount
Personal Care,Dettol Original Soap (B4G1),260.0,5,6,247.0,625,False,625,13.0,41.6,In Stock,Low (1-10%)
Personal Care,Woodward's Gripe Water,75.0,0,6,75.0,200,False,200,0.0,37.5,In Stock,No Discount
Personal Care,"MamyPoko Pants Extra Absorb Diapers, New Born",299.0,6,5,279.0,28,False,28,20.0,1067.857142857143,In Stock,Low (1-10%)
Personal Care,Johnson's Baby Soap,70.0,0,6,70.0,100,False,100,0.0,70.0,In Stock,No Discount
Personal Care,Engage M4 Perfume Spray For Men,200.0,10,6,180.0,120,False,120,20.0,166.66666666666669,In Stock,Low (1-10%)
Personal Care,Fem Fairness Naturals Hair Removal Cream Fair & Soft - Gold,65.0,10,4,58.0,40,False,40,7.0,162.5,In Stock,Low (1-10%)
Personal Care,Dove Hair Fall Rescue Conditioner,190.0,0,4,190.0,175,False,175,0.0,108.57142857142857,In Stock,No Discount
Personal Care,Himalaya Anti Hair Fall Shampoo,130.0,12,2,114.0,200,False,200,16.0,65.0,Low Stock,Mid (11-20%)
Personal Care,Fiama Peach & Avocado Gel Bar,176.0,10,3,158.0,375,False,375,18.0,46.93333333333333,In Stock,Low (1-10%)
Personal Care,Pears Pure & Gentle Value Pack Of 4 Bathing Soap,125.0,0,6,125.0,75,False,75,0.0,166.66666666666669,In Stock,No Discount
Personal Care,Fiama Fresh Hand Wash,150.0,6,3,140.0,400,False,400,10.0,37.5,In Stock,Low (1-10%)
Personal Care,Palmolive Black Orchid And Milk Liquid Hand Wash,99.0,10,6,89.0,250,False,250,10.0,39.6,In Stock,Low (1-10%)
Personal Care,Oral-B Criss Cross Medium Toothbrush (Buy 2 Get 2 Free),160.0,0,5,160.0,232,False,4,0.0,68.96551724137932,In Stock,No Discount
Personal Care,Gillette Mach 3 Turbo Razor,349.0,6,5,325.0,58,False,1,24.0,601.7241379310345,In Stock,Low (1-10%)
Personal Care,Himalaya Baby Lotion,165.0,12,3,145.0,200,False,200,20.0,82.5,In Stock,Mid (11-20%)
Personal Care,Head & Shoulders 2-in-1 Cool Menthol Anti Dandruff Shampoo + Conditioner,375.0,0,1,375.0,340,False,180,0.0,110.29411764705883,Low Stock,No Discount
Personal Care,Sunsilk Lusciously Thick & Long Shampoo,249.0,6,6,234.0,340,False,340,15.0,73.23529411764706,In Stock,Low (1-10%)
Personal Care,Fiama Di Wills Men's Refreshing Pulse Shower Gel,225.0,4,3,214.0,250,False,250,11.0,90.0,In Stock,Low (1-10%)
Personal Care,Sebamed Anti - Dandruff Shampoo,600.0,10,2,540.0,200,False,200,60.0,300.0,Low Stock,Low (1-10%)
Personal Care,Listerine Cool Mint Mouthwash - Mild Taste,150.0,10,6,135.0,250,False,250,15.0,60.0,In Stock,Low (1-10%)
Personal Care,"L'Oreal Paris Excellence Creme Hair Color, 4.25 Aishwarya's Brown",620.0,0,6,620.0,172,False,172,0.0,360.4651162790698,In Stock,No Discount
Personal Care,Himalaya Gentle Baby Bath,165.0,9,6,150.0,200,False,200,15.0,82.5,In Stock,Low (1-10%)
Personal Care,"L'Oreal Paris Casting Creme Gloss Hair Color, Medium Brown 500",550.0,0,4,550.0,160,False,159,0.0,343.75,In Stock,No Discount
Personal Care,L'Oreal Paris Color Protect Shampoo,282.0,0,3,282.0,360,False,360,0.0,78.33333333333333,In Stock,No Discount
Personal Care,Fiama Di Wills Lemongrass & Jojoba Gel Bar,176.0,10,6,158.0,375,False,375,18.0,46.93333333333333,In Stock,Low (1-10%)
Personal Care,Colgate Plax Peppermint Mouthwash,150.0,20,5,120.0,250,False,250,30.0,60.0,In Stock,Mid (11-20%)
Personal Care,Dove Daily Shine Conditioner,90.0,10,1,81.0,80,False,80,9.0,112.5,Low Stock,Low (1-10%)
Personal Care,Patanjali Kesh Kanti Anti Dandruff Hair Cleanser,110.0,0,6,110.0,200,False,200,0.0,55.00000000000001,In Stock,No Discount
Personal Care,Old Spice Original After Shave Lotion,250.0,0,1,250.0,150,False,150,0.0,166.66666666666669,Low Stock,No Discount
Personal Care,Dettol Clinical Strength Hand Sanitizer Liquid,250.0,10,6,225.0,500,False,500,25.0,50.0,In Stock,Low (1-10%)
Personal Care,Nivea Soft Light Moisturizer for Face Hand & Body Non-Sticky Cream with Vitamin E & Jojoba Oil,399.0,20,3,319.0,300,False,300,80.0,133.0,In Stock,Mid (11-20%)
Personal Care,Comfy Baby Pants XL 12-17 kg,429.0,15,1,364.0,24,False,24,65.0,,Low Stock,Mid (11-20%)
Personal Care,Dettol Liquid Handwash With Free Liquid,99.0,0,6,99.0,200,False,200,0.0,49.5,In Stock,No Discount
Personal Care,Nivea Body Milk Lotion for Very Dry Skin,399.0,20,6,319.0,400,False,400,80.0,99.75,In Stock,Mid (11-20%)
Personal Care,Lakme Sun Expert,225.0,0,6,225.0,60,False,60,0.0,375.0,In Stock,No Discount
Personal Care,Head & shoulders Anti Dandruff Shampoo Cool Menthol,170.0,0,6,170.0,180,False,180,0.0,94.44444444444444,In Stock,No Discount
Personal Care,Godrej Nupur Henna,75.0,0,5,75.0,150,False,120,0.0,50.0,In Stock,No Discount
Personal Care,Johnson's Baby Lotion,100.0,0,4,100.0,100,False,100,0.0,100.0,In Stock,No Discount
Personal Care,Maybelline New York Colossal Kajal Super Black,300.0,8,3,275.0,0,False,0,25.0,,In Stock,Low (1-10%)
Personal Care,Stayfree Dry-Max All Night Ultra-Dry Sanitary Pad,90.0,10,6,81.0,406,False,7,9.0,22.167487684729064,In Stock,Low (1-10%)
Personal Care,Dove Daily Shine Shampoo,645.0,5,3,612.0,650,False,650,33.0,99.23076923076923,In Stock,Low (1-10%)
Personal Care,Godrej Easy 5 Minute Natural Brown 4 Hair Colour,29.0,0,5,29.0,20,False,20,0.0,145.0,In Stock,No Discount
Personal Care,Colgate Sensitive Plus Enamel Toothpaste Tube,140.0,0,6,140.0,160,False,160,0.0,87.5,In Stock,No Discount
Personal Care,Colgate Max Fresh Peppermint Toothpaste,182.0,15,6,154.0,300,False,300,28.0,60.66666666666667,In Stock,Mid (11-20%)
Personal Care,Pond's Light Moisturiser,309.0,10,6,278.0,250,False,250,31.0,123.6,In Stock,Low (1-10%)
Personal Care,Engage Mate For Man Deo Spray,195.0,10,5,174.0,150,False,150,21.0,130.0,In Stock,Low (1-10%)
Personal Care,Pantene Advanced Hair Fall Solution Shampoo - Total Damage Care,120.0,0,5,120.0,180,False,180,0.0,66.66666666666666,In Stock,No Discount
Personal Care,Whisper Choice Regular Wing Sanitary Pad,30.0,0,2,30.0,406,False,7,0.0,7.389162561576355,Low Stock,No Discount
Personal Care,Colgate Slim Soft Charcoal Toothbrush,150.0,18,4,123.0,232,False,4,27.0,64.65517241379311,In Stock,Mid (11-20%)
Personal Care,Fiama Scents Juniper & Geranium Body Wash,199.0,6,5,186.0,250,False,250,13.0,79.60000000000001,In Stock,Low (1-10%)
Personal Care,Mamaearth Ubtan Body Lotion,399.0,15,4,339.0,400,False,400,60.0,99.75,In Stock,Mid (11-20%)
Personal Care,Godrej Aer Power Pocket - Long Lasting Bathroom Fragrance Floral Delight,55.0,0,6,55.0,10,False,10,0.0,550.0,In Stock,No Discount
Personal Care,Himalaya Anti-Hair Fall Shampoo,230.0,18,1,188.0,400,False,400,42.0,57.49999999999999,Low Stock,Mid (11-20%)
Personal Care,Nivea Soft Light Moisturizer for Face Hand & Body Non-Sticky Cream with Vitamin E & Jojoba Oil,310.0,15,6,263.0,200,False,200,47.0,155.0,In Stock,Mid (11-20%)
Personal Care,Engage M2 Perfume Spray For Men,200.0,10,6,180.0,120,False,120,20.0,166.66666666666669,In Stock,Low (1-10%)
Personal Care,Mamaearth Ubtan Face Scrub Turmeric & Walnut,349.0,10,1,314.0,100,False,100,35.0,349.0,Low Stock,Low (1-10%)
Personal Care,Himalaya Purifying Neem Face Wash Tube,270.0,15,6,229.0,300,False,300,41.0,90.0,In Stock,Mid (11-20%)
Personal Care,Johnson's Baby Top To Toe Bath Body Wash,165.0,0,4,165.0,210,False,210,0.0,78.57142857142857,In Stock,No Discount
Personal Care,Gillette Mach 3 Start,249.0,0,6,249.0,116,False,2,0.0,214.6551724137931,In Stock,No Discount
Personal Care,Scalpe Pro Anti dandruff Shampoo 100ml,185.0,0,2,185.0,100,False,100,0.0,185.0,Low Stock,No Discount
Personal Care,Johnson's Baby Cream,150.0,0,6,150.0,100,False,100,0.0,150.0,In Stock,No Discount
Personal Care,Johnson's Baby Soap,105.0,0,6,105.0,150,False,150,0.0,70.0,In Stock,No Discount
Personal Care,Himalaya Gentle Baby Shampoo,320.0,17,6,265.0,400,False,400,55.0,80.0,In Stock,Mid (11-20%)
Personal Care,L'Oreal Paris Shine Masque Royal Jelly Hair Colour,550.0,0,3,550.0,88,False,87,0.0,625.0,In Stock,No Discount
Personal Care,Engage Rush Deodorant For Men,190.0,11,6,169.0,150,False,150,21.0,126.66666666666666,In Stock,Mid (11-20%)
Personal Care,Clean & Clear Foaming Face Wash,140.0,10,4,126.0,100,False,100,14.0,140.0,In Stock,Low (1-10%)
Personal Care,Dettol Lather Shaving Cream,75.0,5,6,71.0,78,False,78,4.0,96.15384615384616,In Stock,Low (1-10%)
Personal Care,Gillette Classic Regular Pre Shave Foam,199.0,0,4,199.0,196,False,196,0.0,101.53061224489797,In Stock,No Discount
Personal Care,Dove Daily Shine Conditioner,190.0,0,6,190.0,175,False,180,0.0,108.57142857142857,In Stock,No Discount
Personal Care,Johnson's Baby Shampoo,180.0,0,6,180.0,200,False,200,0.0,90.0,In Stock,No Discount
Personal Care,Park Avenue Beer Shampoo,155.0,9,4,140.0,180,False,180,15.0,86.11111111111111,In Stock,Low (1-10%)
Personal Care,Pantene Advanced Hair Fall Solution Silky Smooth Care Shampoo,120.0,6,6,112.0,180,False,180,8.0,66.66666666666666,In Stock,Low (1-10%)
Personal Care,Fem Fairness Naturals Hair Removal Cream Fair & Soft - Rose,65.0,10,6,58.0,40,False,40,7.0,162.5,In Stock,Low (1-10%)
Personal Care,Sunsilk Stunning Black Shine Shampoo,555.0,6,6,521.0,650,False,650,34.0,85.38461538461539,In Stock,Low (1-10%)
Personal Care,Dabur Meswak Toothpaste,100.0,0,1,100.0,200,False,200,0.0,50.0,Low Stock,No Discount
Personal Care,Patanjali Kesh Kanti Reetha Hair Cleanser,85.0,0,5,85.0,200,False,200,0.0,42.5,In Stock,No Discount
Personal Care,Nivea Lip Balm Soft Rose for 24h Moisture with Natural Oils Delicate Rose Shine,185.0,8,6,169.0,5,False,4,16.0,,In Stock,Low (1-10%)
Personal Care,Santoor Total Skin Care Soap With Sandal & Turmeric,180.0,0,6,180.0,600,False,600,0.0,30.0,In Stock,No Discount
Personal Care,"L'Oreal Paris Excellence Creme Hair Color, 4 Natural Brown/Natural Dark Brown",620.0,0,1,620.0,172,False,172,0.0,360.4651162790698,Low Stock,No Discount
Personal Care,Gillette Pre Shave Foam - Classic Regular Skin,225.0,0,6,225.0,418,False,418,0.0,53.827751196172244,In Stock,No Discount
Personal Care,Fiama Di Wills Shower Gel Patchouli & Macadamia,199.0,10,6,179.0,250,False,250,20.0,79.60000000000001,In Stock,Low (1-10%)
Personal Care,Listerine Fresh Burst Mouthwash,140.0,10,4,126.0,250,False,250,14.0,56.00000000000001,In Stock,Low (1-10%)
Personal Care,Nivea Cocoa Nourish Body Lotion With Coconut Oil & Cocoa Butter For Very Dry Skin,299.0,17,5,247.0,200,False,200,52.0,149.5,In Stock,Mid (11-20%)
Personal Care,Pantene Hair Fall Control Shampoo,240.0,7,2,221.0,340,False,340,19.0,70.58823529411765,Low Stock,Low (1-10%)
Personal Care,Fogg Master - Royal Intense,250.0,0,5,250.0,120,False,120,0.0,208.33333333333334,In Stock,No Discount
Personal Care,TRESemme Smooth And Shine Conditioner,220.0,0,5,220.0,190,False,190,0.0,115.78947368421053,In Stock,No Discount
Personal Care,"Colgate Kids Toothpaste - 6+ Years, Strawberry Flavour",93.0,5,6,88.0,80,False,80,5.0,116.25000000000001,In Stock,Low (1-10%)
Personal Care,Nivea Soft Moisturizing Cream,310.0,12,1,272.0,200,False,200,38.0,155.0,Low Stock,Mid (11-20%)
Personal Care,Patanjali Kesh Kanti Aloe Vera Hair Cleanser,85.0,0,5,85.0,200,False,200,0.0,42.5,In Stock,No Discount
Personal Care,Neutrogena Deep Clean Foaming Cleanser,130.0,11,2,115.0,50,False,50,15.0,260.0,Low Stock,Mid (11-20%)
Personal Care,Clean & Clear Morning Energy Berry Face Wash,155.0,6,6,145.0,100,False,100,10.0,155.0,In Stock,Low (1-10%)
Personal Care,Pampers Premium Care New Baby Pants,320.0,0,4,320.0,24,False,24,0.0,,In Stock,No Discount
Personal Care,Vaseline Intensive Care Aloe Fresh,225.0,9,6,203.0,200,False,200,22.0,112.5,In Stock,Low (1-10%)
Personal Care,L'Oreal Paris Dream Lengths Shampoo,149.0,0,6,149.0,192,False,192,0.0,77.60416666666666,In Stock,No Discount
Personal Care,Johnson's Baby Oil,115.0,0,4,115.0,100,False,100,0.0,114.99999999999999,In Stock,No Discount
Personal Care,Engage Man Rush Deodorant,195.0,9,6,176.0,150,False,150,19.0,130.0,In Stock,Low (1-10%)
Personal Care,Pantene Advanced Hair Fall Solution Shampoo - Total Damage Care,264.0,0,6,264.0,340,False,340,0.0,77.64705882352942,In Stock,No Discount
Personal Care,Whisper Daily Liners Clean and Fresh,105.0,0,4,105.0,1160,False,20,0.0,9.051724137931034,In Stock,No Discount
Personal Care,Himalaya Men Pimple Clear Neem Face Wash,180.0,9,2,163.0,100,False,100,17.0,180.0,Low Stock,Low (1-10%)
Personal Care,Pantene Adv Hairfall Solution Conditioner Silky Smooth,190.0,0,5,190.0,200,False,200,0.0,95.0,In Stock,No Discount
Personal Care,Himalaya Prickly Heat Baby Powder,90.0,10,6,81.0,100,False,100,9.0,90.0,In Stock,Low (1-10%)
Personal Care,Mamaearth Daily Moisturizing Lotion For Babies,199.0,0,6,199.0,200,False,200,0.0,99.5,In Stock,No Discount
Personal Care,Stayfree Advanced XL Ultra Comfort Sanitary napkins with Wings,175.0,0,3,175.0,812,False,14,0.0,21.551724137931032,In Stock,No Discount
Personal Care,Pampers Premium Care Pants - Medium,1099.0,18,6,899.0,54,False,54,200.0,,In Stock,Mid (11-20%)
Personal Care,Vaseline Original Skin Protecting Jelly,125.0,10,6,112.0,100,False,100,13.0,125.0,In Stock,Low (1-10%)
Personal Care,Clean & Clear Foaming Face Wash,180.0,10,6,162.0,150,False,150,18.0,120.0,In Stock,Low (1-10%)
Personal Care,Fiama Lemongrass and Jojoba Shower Gel,225.0,20,6,180.0,250,False,250,45.0,90.0,In Stock,Mid (11-20%)
Personal Care,Oral-B Charcoal Cross Cross Extra Soft Toothbrush (Buy 2 Get 1 Free),180.0,0,1,180.0,174,False,3,0.0,103.44827586206897,Low Stock,No Discount
Personal Care,Listerine Fresh Burst Mouthwash,285.0,7,6,263.0,500,False,500,22.0,56.99999999999999,In Stock,Low (1-10%)
Personal Care,Veet Full Body Waxing Kit,235.0,7,6,218.0,1160,False,20,17.0,20.25862068965517,In Stock,Low (1-10%)
Personal Care,Listerine Original Mouthwash,55.0,9,6,50.0,80,False,80,5.0,68.75,In Stock,Low (1-10%)
Personal Care,Santoor Almond Soft With Sandal & Almond Milk,180.0,0,2,180.0,625,False,625,0.0,28.799999999999997,Low Stock,No Discount
Personal Care,Nivea Body Shea Smooth with Shea Butter for Dry Skin,425.0,20,5,340.0,400,False,9,85.0,106.25,In Stock,Mid (11-20%)
Personal Care,Neutrogena Deep Clean Facial Cleanser,130.0,0,4,130.0,50,False,50,0.0,260.0,In Stock,No Discount
Personal Care,"L'Oreal Paris Excellence Creme Hair Color, 3.16 Burgundy",550.0,0,3,550.0,159,False,172,0.0,345.9119496855346,In Stock,No Discount
Personal Care,Johnson's Baby Powder,235.0,0,6,235.0,400,False,400,0.0,58.75,In Stock,No Discount
Personal Care,Bombay Shaving Company Charcoal Face Wash,249.0,0,4,249.0,100,False,100,0.0,249.00000000000003,In Stock,No Discount
Personal Care,Colgate Kids 2+ Years Extra Soft Toothbrush,20.0,0,3,20.0,58,False,1,0.0,34.48275862068966,In Stock,No Discount
Personal Care,Veet Hair Removal Cream (Normal Skin),135.0,5,6,128.0,50,False,50,7.0,270.0,In Stock,Low (1-10%)
Personal Care,Dove Daily Shine Shampoo,240.0,0,4,240.0,340,False,340,0.0,70.58823529411765,In Stock,No Discount
Personal Care,L'Oreal Anti Hair Fall Conditioner,199.0,0,6,199.0,192,False,192,0.0,103.64583333333333,In Stock,No Discount
Personal Care,Nivea Body Lotion Aloe Hydration For Normal Skin,275.0,10,6,247.0,200,False,200,28.0,137.5,In Stock,Low (1-10%)
Personal Care,Pampers Pants - Large,1549.0,45,3,849.0,82,False,82,700.0,,In Stock,High (21%+)
Personal Care,"Engage Urge Deodorant For Men, Citrus And Woody, Skin Friendly",195.0,10,6,174.0,150,False,150,21.0,130.0,In Stock,Low (1-10%)
Personal Care,Head & Shoulders 2 In 1 Anti Dandruff Smooth & Silky Shampoo+Conditioner,375.0,10,6,334.0,340,False,340,41.0,110.29411764705883,In Stock,Low (1-10%)
Personal Care,Fem Fairness Natural Gold Skin Bleach,85.0,7,4,79.0,64,False,64,6.0,132.8125,In Stock,Low (1-10%)
Personal Care,Engage Deo Frost,195.0,9,6,176.0,150,False,150,19.0,130.0,In Stock,Low (1-10%)
Personal Care,Stayfree Secure XL Size Sanitary Napkins,115.0,0,5,115.0,1160,False,20,0.0,9.913793103448276,In Stock,No Discount
Personal Care,Pampers Pants - Medium,699.0,21,1,549.0,50,False,50,150.0,,Low Stock,High (21%+)
Personal Care,Pampers Active Baby Diapers New Born Extra Small,1099.0,22,3,849.0,72,False,72,250.0,,In Stock,High (21%+)
Personal Care,"Nivea Creme, All Season Multi-Purpose Cream",175.0,9,6,158.0,100,False,100,17.0,175.0,In Stock,Low (1-10%)
Personal Care,Woodwards Gripe Water,50.0,0,4,50.0,130,False,130,0.0,38.46153846153847,In Stock,No Discount
Personal Care,Clean & Clear Morning Energy Aqua Splash Face Wash,145.0,9,5,131.0,100,False,100,14.0,145.0,In Stock,Low (1-10%)
Personal Care,Sunsilk Lusciously Thick & Long Shampoo,555.0,6,6,521.0,650,False,650,34.0,85.38461538461539,In Stock,Low (1-10%)
Personal Care,Mamaearth Skin Correct Face Serum,599.0,15,1,509.0,30,False,30,90.0,,Low Stock,Mid (11-20%)
Personal Care,Chik Hairfall Prevent Egg Shampoo,178.0,0,6,178.0,340,False,340,0.0,52.352941176470594,In Stock,No Discount
Personal Care,Pantene Silky Smooth Care Shampoo,225.0,6,3,210.0,340,False,340,15.0,66.17647058823529,In Stock,Low (1-10%)
Personal Care,"Garnier Skin Naturals, Micellar Cleansing Water",199.0,5,4,189.0,125,False,125,10.0,159.20000000000002,In Stock,Low (1-10%)
Personal Care,Set Wet Swag Avatar Deodorant & Body Spray Perfume For Men,199.0,0,1,199.0,150,False,150,0.0,132.66666666666666,Low Stock,No Discount
Personal Care,Pampers All Round Protection Pants - Medium,699.0,17,6,575.0,50,False,50,124.0,,In Stock,Mid (11-20%)
Personal Care,Set Wet Deodrant Charm Avatar,199.0,0,1,199.0,150,False,150,0.0,132.66666666666666,Low Stock,No Discount
Personal Care,Nupur Heena Mehandi,199.0,0,6,199.0,500,False,500,0.0,39.800000000000004,In Stock,No Discount
Personal Care,Head & Shoulders 2-in-1 Active Protect Shampoo,375.0,9,6,338.0,340,False,340,37.0,110.29411764705883,In Stock,Low (1-10%)
Personal Care,Gillette Mach 3 Turbo Cartridges,649.0,10,6,578.0,232,False,4,71.0,279.7413793103448,In Stock,Low (1-10%)
Personal Care,Bombay Shaving Company Sensitive Cartridges,375.0,0,2,375.0,116,False,2,0.0,323.2758620689655,Low Stock,No Discount
Personal Care,Himalaya Baby Lotion,300.0,12,1,264.0,400,False,400,36.0,75.0,Low Stock,Mid (11-20%)
Personal Care,Old Spice Lime Lather Shaving Cream,75.0,0,6,75.0,70,False,70,0.0,107.14285714285714,In Stock,No Discount
Personal Care,Colgate Sensitive Plus Anticavity Toothpaste,140.0,10,6,126.0,70,False,70,14.0,200.0,In Stock,Low (1-10%)
Personal Care,Colgate Toothpaste For Kids Motu Oatlu,93.0,0,6,93.0,80,False,80,0.0,116.25000000000001,In Stock,No Discount
Personal Care,Pantene Total Damage Care Shampoo,120.0,0,6,120.0,180,False,180,0.0,66.66666666666666,In Stock,No Discount
Personal Care,Himalaya Moisturising Aloe Vera Facial Wipes,100.0,10,6,90.0,25,False,25,10.0,400.0,In Stock,Low (1-10%)
Personal Care,Savlon Moisture Shield Hand Wash,69.0,0,5,69.0,200,False,200,0.0,34.5,In Stock,No Discount
Personal Care,Pampers Active Baby Diapers New Born Extra Small,360.0,10,6,324.0,24,False,24,36.0,,In Stock,Low (1-10%)
Personal Care,Himalaya Anti Dandruff Shampoo,260.0,18,1,213.0,400,False,400,47.0,65.0,Low Stock,Mid (11-20%)
Personal Care,Himalaya Anti Hair Fall Shampoo,490.0,25,4,367.0,700,False,700,123.0,70.0,In Stock,High (21%+)
Personal Care,Johnson's Baby Oil,200.0,0,6,200.0,200,False,200,0.0,100.0,In Stock,No Discount
Personal Care,Vaseline Intensive Care Deep Moisture Body Lotion,325.0,0,4,325.0,400,False,400,0.0,81.25,In Stock,No Discount
Personal Care,L'Oreal Paris Dream Lengths Conditioner,199.0,0,1,199.0,193,False,193,0.0,103.10880829015545,Low Stock,No Discount
Personal Care,Nivea Soft Light Moisturizing Cream,185.0,15,6,157.0,100,False,100,28.0,185.0,In Stock,Mid (11-20%)
Personal Care,Whisper Ultra Soft XL+ Sanitary Pads,555.0,0,1,555.0,60,False,60,0.0,925.0,Low Stock,No Discount
Personal Care,Palmolive Feel The Massage Shower Gel,249.0,20,6,199.0,250,False,250,50.0,99.6,In Stock,Mid (11-20%)
Personal Care,Head & Shoulders Anti-Dandruff Smooth & Silky Shampoo,285.0,6,6,266.0,340,False,340,19.0,83.82352941176471,In Stock,Low (1-10%)
Personal Care,Mamaearth Moisturizing Baby Bath Soap,249.0,0,4,249.0,150,False,150,0.0,166.0,In Stock,No Discount
Personal Care,Listerine Original Mouthwash,150.0,10,6,135.0,250,False,250,15.0,60.0,In Stock,Low (1-10%)
Personal Care,Himalaya Gentle Baby Shampoo,170.0,14,6,146.0,200,False,200,24.0,85.0,In Stock,Mid (11-20%)
Personal Care,Dove Dryness Care Shampoo,268.0,5,1,252.0,340,False,340,16.0,78.82352941176471,Low Stock,Low (1-10%)
Personal Care,Dove Hair Fall Rescue Shampoo,280.0,15,6,236.0,340,False,340,44.0,82.35294117647058,In Stock,Mid (11-20%)
Personal Care,Head & Shoulders Anti Dandruff Shampoo Cool Menthol,295.0,9,6,266.0,340,False,340,29.0,86.76470588235294,In Stock,Low (1-10%)
Personal Care,Bombay Shaving Company Defender Razor,345.0,0,6,345.0,58,False,1,0.0,594.8275862068965,In Stock,No Discount
Personal Care,"Head & Shoulders Shampoo + Conditioner - 2-In-1, Cool Menthol",365.0,0,1,365.0,340,False,340,0.0,107.35294117647058,Low Stock,No Discount
Personal Care,Himalaya Baby Nourishing Massage Oil,200.0,20,2,160.0,200,False,250,40.0,100.0,Low Stock,Mid (11-20%)
Personal Care,Himalaya Baby Powder,235.0,20,6,188.0,400,False,400,47.0,58.75,In Stock,Mid (11-20%)
Personal Care,Fogg Paradise Fragrant Body Spray For Women,250.0,0,6,250.0,150,False,150,0.0,166.66666666666669,In Stock,No Discount
Personal Care,Revive Revive Liquid,71.0,0,6,71.0,200,False,200,0.0,35.5,In Stock,No Discount
Personal Care,Pantene Hairfall Control Conditioner,190.0,6,6,178.0,200,False,200,12.0,95.0,In Stock,Low (1-10%)
Personal Care,Mamaearth Vitamin C Face Toner,399.0,0,1,399.0,200,False,200,0.0,199.5,Low Stock,No Discount
Personal Care,Himalaya Diaper Rash Cream,80.0,10,2,72.0,20,False,20,8.0,400.0,Low Stock,Low (1-10%)
Personal Care,Fogg Royal Fragrance Spray,230.0,0,4,230.0,150,False,120,0.0,153.33333333333334,In Stock,No Discount
Personal Care,Dove Pink Rosa Beauty Bathing Bar,245.0,9,6,221.0,100,False,100,24.0,245.00000000000003,In Stock,Low (1-10%)
Personal Care,Dove Dryness Care Conditioner Frizzy & Dry Hair,90.0,6,4,84.0,80,False,80,6.0,112.5,In Stock,Low (1-10%)
Personal Care,Dettol Original Liquid Handwash Refill,109.0,3,0,105.0,750,True,750,4.0,14.533333333333335,Out of Stock,Low (1-10%)
Personal Care,Parachute 100% Pure Coconut Oil,123.0,0,0,123.0,300,True,300,0.0,41.0,Out of Stock,No Discount
Personal Care,Stayfree Secure Cottony Soft Cover Sanitary Pad (Regular) with Wings,30.0,3,0,29.0,406,True,7,1.0,7.389162561576355,Out of Stock,Low (1-10%)
Personal Care,Dabur Gulabari Premium Rose Water,48.0,2,0,47.0,120,True,120,1.0,40.0,Out of Stock,Low (1-10%)
Personal Care,Parachute Advansed Gold Coconut Hair Oil,215.0,9,0,194.0,400,True,400,21.0,53.75,Out of Stock,Low (1-10%)
Personal Care,Closeup Everfresh+ Anti-Germ Gel Toothpaste Red Hot,90.0,10,0,81.0,150,True,150,9.0,60.0,Out of Stock,Low (1-10%)
Personal Care,Godrej No.1 Bathing Soap – Lime & Aloe Vera,100.0,16,0,84.0,500,True,100,16.0,20.0,Out of Stock,Mid (11-20%)
Personal Care,Sensodyne Sensitive Fresh Gel Toothpaste,115.0,7,0,106.0,75,True,75,9.0,153.33333333333334,Out of Stock,Low (1-10%)
Personal Care,Whisper Bindazzz Nights XL + Sanitary Pad,90.0,0,0,90.0,406,True,7,0.0,22.167487684729064,Out of Stock,No Discount
Personal Care,Whisper Choice Sanitary Pad,32.0,9,0,29.0,406,True,7,3.0,7.8817733990147785,Out of Stock,Low (1-10%)
Personal Care,"Godrej No.1 Bathing Soap, Jasmine",84.0,0,0,84.0,400,True,100,0.0,21.0,Out of Stock,No Discount
Personal Care,Gillette Venus Close & Clean Razor,249.0,7,0,230.0,58,True,1,19.0,429.3103448275862,Out of Stock,Low (1-10%)
Personal Care,Whisper Choice Regular Sanitary Pads,90.0,3,0,87.0,58,True,20,3.0,155.17241379310346,Out of Stock,Low (1-10%)
Personal Care,Stayfree Secure Dry Cover Extra Large Sanitary Pad,42.0,2,0,41.0,406,True,7,1.0,10.344827586206897,Out of Stock,Low (1-10%)
Personal Care,Oxylife Natural Radiance 5 Creme Bleach - With Active Oxygen,82.0,9,0,74.0,27,True,27,8.0,303.7037037037037,Out of Stock,Low (1-10%)
Personal Care,Clean & Clear Morning Energy Lemon Face Wash,145.0,9,0,131.0,100,True,100,14.0,145.0,Out of Stock,Low (1-10%)
Personal Care,Bajaj Almond Drops Hair Oil,67.0,10,0,60.0,100,True,100,7.0,67.0,Out of Stock,Low (1-10%)
Personal Care,Bajaj Almond Drops Hair Oil Bottle,130.0,7,0,120.0,200,True,200,10.0,65.0,Out of Stock,Low (1-10%)
Personal Care,Whisper Bindazzz Night Sanitary Pads XL Plus,185.0,0,0,185.0,870,True,15,0.0,21.26436781609195,Out of Stock,No Discount
Personal Care,Godrej Cinthol Lime Refreshing Deo Soap,116.0,0,0,116.0,400,True,400,0.0,28.999999999999996,Out of Stock,No Discount
Personal Care,"MamyPoko Pants Standard Diapers, Extra Large (12 - 17 kg)",399.0,7,0,369.0,26,True,26,30.0,,Out of Stock,Low (1-10%)
Paan Corner,Clove Sensitive Toothpaste with Anti-Sensitivity & Fluoride Formulation,160.0,35,3,104.0,80,False,80,56.0,200.0,In Stock,High (21%+)
Paan Corner,Dettol Original Germ Protection Alcohol Based Hand Sanitizer,25.0,0,6,25.0,50,False,50,0.0,50.0,In Stock,No Discount
Paan Corner,Colgate Visible White Toothpaste,115.0,10,6,103.0,100,False,100,12.0,114.99999999999999,In Stock,Low (1-10%)
Paan Corner,Dettol SKincare Handwash Value Refill,109.0,3,6,105.0,750,False,750,4.0,14.533333333333335,In Stock,Low (1-10%)
Paan Corner,Savlon Herbal Sensitive Liquid Handwash Refill Pouch,115.0,4,6,110.0,750,False,500,5.0,15.333333333333332,In Stock,Low (1-10%)
Paan Corner,Colgate Total 12 Whole Mouth Protection Toothpaste,120.0,10,6,108.0,120,False,120,12.0,100.0,In Stock,Low (1-10%)
Paan Corner,Lux International Creamy White Soap Bar,35.0,2,6,34.0,75,False,75,1.0,46.666666666666664,In Stock,Low (1-10%)
Paan Corner,Colgate Herbal Toothpaste,114.0,18,2,93.0,200,False,200,21.0,56.99999999999999,Low Stock,Mid (11-20%)
Paan Corner,Nivea Men Deodorant Fresh Active 48h Long lasting Freshness,225.0,24,6,169.0,150,False,150,56.0,150.0,In Stock,High (21%+)
Paan Corner,Dabur Meswak Toothpaste,58.0,5,6,55.0,100,False,100,3.0,57.99999999999999,In Stock,Low (1-10%)
Paan Corner,Colgate Max Fresh Cooling Crystals Toothpaste,101.0,5,2,95.0,150,False,150,6.0,67.33333333333333,Low Stock,Low (1-10%)
Paan Corner,Indulekha Bhringa Hair Oil,432.0,15,6,367.0,100,False,100,65.0,432.0,In Stock,Mid (11-20%)
Paan Corner,Colgate Sensitive Soft Bristles Toothbrush,50.0,0,6,50.0,58,False,1,0.0,86.20689655172413,In Stock,No Discount
Paan Corner,Pears Pure & Gentle Glycerin Bath Soap,75.0,0,6,75.0,125,False,125,0.0,60.0,In Stock,No Discount
Paan Corner,Vaseline Skin Protecting Jelly,79.0,13,6,68.0,50,False,50,11.0,158.0,In Stock,Mid (11-20%)
Paan Corner,Dettol Original Germ Protection Bathing Soap Bar,166.0,5,4,157.0,375,False,375,9.0,44.266666666666666,In Stock,Low (1-10%)
Paan Corner,Dettol Intense Cool Soap (B4G1),260.0,5,6,247.0,625,False,625,13.0,41.6,In Stock,Low (1-10%)
Paan Corner,Livon Anti-Frizz Serum,250.0,10,3,225.0,100,False,100,25.0,250.0,In Stock,Low (1-10%)
Paan Corner,Lifebuoy Germ Protection Care Soap Bar,30.0,3,3,29.0,100,False,125,1.0,30.0,In Stock,Low (1-10%)
Paan Corner,Lux International Creamy White Soap Bar,70.0,10,6,63.0,125,False,125,7.0,56.00000000000001,In Stock,Low (1-10%)
Paan Corner,Godrej Nupur – 100% Pure Henna (Mehendi),10.0,0,6,10.0,18,False,18,0.0,55.55555555555556,In Stock,No Discount
Paan Corner,Glow & Lovely Advanced Multivitamin Face Cream,213.0,10,6,190.0,110,False,110,23.0,193.63636363636363,In Stock,Low (1-10%)
Paan Corner,Set Wet Style Vertical Hold Hair Gel,50.0,10,4,45.0,50,False,50,5.0,100.0,In Stock,Low (1-10%)
Paan Corner,"Godrej Expert Rich Crème, Natural Black",30.0,0,6,30.0,20,False,20,0.0,150.0,In Stock,No Discount
Paan Corner,Nycil Germ Expert Cool Herbal Talc,130.0,8,1,119.0,150,False,200,11.0,86.66666666666667,Low Stock,Low (1-10%)
Paan Corner,Godrej Expert Creme Hair Natural Brown Colour,30.0,0,6,30.0,20,False,20,0.0,150.0,In Stock,No Discount
Paan Corner,Veet Sensitive Skin Hair Removal Cream,135.0,5,6,128.0,50,False,50,7.0,270.0,In Stock,Low (1-10%)
Paan Corner,Closeup Everfresh+ Anti-Germ Gel Toothpaste Red Hot,50.0,2,1,49.0,80,False,80,1.0,62.5,Low Stock,Low (1-10%)
Paan Corner,Pears Pure And Gentle Value Pack Of 3 Bathing Soap,199.0,6,5,186.0,375,False,375,13.0,53.06666666666666,In Stock,Low (1-10%)
Paan Corner,Gillette Presto Ready Shaver 5 Cartridges,88.0,6,6,82.0,290,False,5,6.0,30.344827586206897,In Stock,Low (1-10%)
Paan Corner,Closeup Everfresh+ Anti-Germ Gel Toothpaste Red Hot,160.0,10,4,144.0,300,False,300,16.0,53.333333333333336,In Stock,Low (1-10%)
Paan Corner,"Godrej Expert Rich Crème, Dark Brown",30.0,0,4,30.0,20,False,20,0.0,150.0,In Stock,No Discount
Paan Corner,Nivea Soft Light Moisturizer for Face Hand & Body Non-Sticky Cream with Vitamin E & Jojoba Oil,185.0,15,3,157.0,100,False,100,28.0,185.0,In Stock,Mid (11-20%)
Paan Corner,Fiama Gel Bar Celebration Pack Buy 4 Get 1 Free,290.0,10,6,261.0,625,False,625,29.0,46.400000000000006,In Stock,Low (1-10%)
Paan Corner,Gillette Sensitive Shaving Foam,225.0,6,4,210.0,418,False,418,15.0,53.827751196172244,In Stock,Low (1-10%)
Paan Corner,Dove Hair Fall Rescue Shampoo,150.0,6,5,141.0,180,False,180,9.0,83.33333333333334,In Stock,Low (1-10%)
Paan Corner,Gillette Mach 3 Mens Razor Blades,499.0,7,4,460.0,232,False,4,39.0,215.08620689655174,In Stock,Low (1-10%)
Paan Corner,Palmolive Aroma Absolute Relax Shower Gel,199.0,20,2,159.0,250,False,250,40.0,79.60000000000001,Low Stock,Mid (11-20%)
Paan Corner,Godrej Protekt Germ Fighter Handwash,99.0,0,6,99.0,750,False,750,0.0,13.200000000000001,In Stock,No Discount
Paan Corner,Dettol Hand Sanitizer,100.0,5,6,95.0,200,False,200,5.0,50.0,In Stock,Low (1-10%)
Paan Corner,Dabur Amla Hair Oil,88.0,0,2,88.0,180,False,180,0.0,48.888888888888886,Low Stock,No Discount
Paan Corner,Dettol Original Liquid Handwash,89.0,4,6,85.0,200,False,200,4.0,44.5,In Stock,Low (1-10%)
Paan Corner,L'Oreal Paris Total Repair 5 Conditioner,199.0,0,6,199.0,192,False,180,0.0,103.64583333333333,In Stock,No Discount
Paan Corner,Patanjali Saundarya Aloe Vera Gel,90.0,0,5,90.0,150,False,150,0.0,60.0,In Stock,No Discount
Paan Corner,Head & Shoulders 2 In 1 Anti Dandruff Shampoo Conditioner,195.0,10,4,174.0,180,False,180,21.0,108.33333333333333,In Stock,Low (1-10%)
Paan Corner,Clean & Clear Pimple Clearing Face Wash,130.0,10,2,117.0,80,False,80,13.0,162.5,Low Stock,Low (1-10%)
Paan Corner,Himalaya Anti Dandruff Shampoo,140.0,8,2,128.0,200,False,200,12.0,70.0,Low Stock,Low (1-10%)
Paan Corner,Stayfree Secure Dry Cover Regular Sanitary Pad With Wings,30.0,3,6,29.0,406,False,7,1.0,7.389162561576355,In Stock,Low (1-10%)
Paan Corner,Savlon Moisture Shield Hand Wash,99.0,4,6,95.0,750,False,750,4.0,13.200000000000001,In Stock,Low (1-10%)
Paan Corner,Dove Intense Repair Conditioner,190.0,14,6,162.0,175,False,80,28.0,108.57142857142857,In Stock,Mid (11-20%)
Paan Corner,Dabur Gulabari Rose Glow Face Cleanse,75.0,5,4,71.0,100,False,100,4.0,75.0,In Stock,Low (1-10%)
Paan Corner,Parachute Jasmine Hair Oil,82.0,9,6,74.0,190,False,190,8.0,43.15789473684211,In Stock,Low (1-10%)
Paan Corner,Johnson's Baby Skincare Wipes,79.0,6,6,74.0,1160,False,20,5.0,6.810344827586206,In Stock,Low (1-10%)
Paan Corner,Dettol Skincare Liquid Hand Wash,79.0,0,6,79.0,200,False,200,0.0,39.5,In Stock,No Discount
Paan Corner,Old Spice Original Lather Shaving Cream,75.0,9,6,68.0,70,False,70,7.0,107.14285714285714,In Stock,Low (1-10%)
Paan Corner,Veet Hair Removal Cream Dry Skin,135.0,5,5,128.0,50,False,50,7.0,270.0,In Stock,Low (1-10%)
Paan Corner,L'Oreal Paris Total Repair 5 Shampoo,265.0,0,2,265.0,396,False,360,0.0,66.91919191919192,Low Stock,No Discount
Paan Corner,Fiama Menthol & Magnolia Cooling Gel Bar Soap,160.0,11,6,141.0,375,False,375,19.0,42.66666666666667,In Stock,Mid (11-20%)
Paan Corner,Nivea Lip Balm Original Care for 24h Moisture with Shea Butter & Natural Oils,140.0,15,6,119.0,5,False,4,21.0,,In Stock,Mid (11-20%)
Paan Corner,Oral-B Charcoal Deep Clean Stain Removal Toothbrush Soft,99.0,0,3,99.0,232,False,4,0.0,42.672413793103445,In Stock,No Discount
Paan Corner,Neutrogena Ultra Sheer Dry Touch SPF 50+ Sunblock Sunscreen Lotion,250.0,10,3,225.0,30,False,30,25.0,833.3333333333334,In Stock,Low (1-10%)
Paan Corner,Clinic Plus Strong & Long Health Shampoo,499.0,10,3,449.0,650,False,650,50.0,76.76923076923077,In Stock,Low (1-10%)
Paan Corner,Johnson's Baby No More Tears Baby Shampoo,98.0,0,5,98.0,100,False,100,0.0,98.0,In Stock,No Discount
Paan Corner,Colgate Zig Zag Toothbrush,120.0,0,3,120.0,348,False,6,0.0,34.48275862068966,In Stock,No Discount
Paan Corner,Savlon Moisture Shield Germ Protection Handwash Refill (Buy 1 Get 1 Free),189.0,0,6,189.0,1500,False,1500,0.0,12.6,In Stock,No Discount
Paan Corner,Colgate Sensitive Everyday Protection Anticavity Toothpaste,75.0,0,6,75.0,40,False,40,0.0,187.5,In Stock,No Discount
Paan Corner,Whisper Ultra Soft XL+ Sanitary Pads,330.0,2,6,323.0,30,False,30,7.0,1100.0,In Stock,Low (1-10%)
Paan Corner,Garnier Colour Naturals Hair Colour - 1 Natural Black,80.0,0,1,80.0,60,False,60,0.0,133.33333333333331,Low Stock,No Discount
Paan Corner,Axe Pulse Men's Deodorant,210.0,0,6,210.0,150,False,150,0.0,140.0,In Stock,No Discount
Paan Corner,Colgate Zigzag Charcoal Soft Bristle Toothbrush - 4 Pcs,99.0,0,6,99.0,232,False,4,0.0,42.672413793103445,In Stock,No Discount
Paan Corner,Whisper Ultra Clean Wings XL+  Pouch,449.0,7,6,415.0,44,False,44,34.0,1020.4545454545455,In Stock,Low (1-10%)
Paan Corner,Whisper Choice Regular Sanitary Pads,90.0,0,6,90.0,1160,False,20,0.0,7.758620689655173,In Stock,No Discount
Paan Corner,Axe Dark Temptation Men's Deodorant,210.0,7,5,194.0,150,False,150,16.0,140.0,In Stock,Low (1-10%)
Paan Corner,Head & Shoulders Anti-Dandruff Smooth & Silky Shampoo,150.0,0,4,150.0,180,False,180,0.0,83.33333333333334,In Stock,No Discount
Paan Corner,Clinic Plus Strength & Shine Shampoo With Egg Protein,105.0,0,2,105.0,175,False,175,0.0,60.0,Low Stock,No Discount
Paan Corner,Engage M1 Perfume Spray for Men,210.0,7,6,194.0,120,False,120,16.0,175.0,In Stock,Low (1-10%)
Paan Corner,Tresemme Keratin Smooth Conditioner,380.0,0,3,380.0,340,False,340,0.0,111.76470588235294,In Stock,No Discount
Paan Corner,"Garnier Color Naturals Crème Hair Color, Shade 5 Light Brown",180.0,0,1,180.0,100,False,100,0.0,180.0,Low Stock,No Discount
Paan Corner,Origami Aloe Vera Wipes,75.0,13,4,65.0,25,False,25,10.0,300.0,In Stock,Mid (11-20%)
Paan Corner,"Engage Drizzle Deodorant For Women, Floral And Lavender, Skin Friendly",195.0,10,6,174.0,150,False,150,21.0,130.0,In Stock,Low (1-10%)
Paan Corner,Gellette Presto Ready Shaver,20.0,0,1,20.0,58,False,1,0.0,34.48275862068966,Low Stock,No Discount
Paan Corner,Colgate Max Fresh Plax Mouthwash - Fresh Mint,150.0,20,5,120.0,250,False,250,30.0,60.0,In Stock,Mid (11-20%)
Paan Corner,Colgate Zig Zag Charcoal Medium Toothbrush 4 Pcs,99.0,0,6,99.0,232,False,4,0.0,42.672413793103445,In Stock,No Discount
Paan Corner,Godrej Protekt,99.0,0,3,99.0,750,False,750,0.0,13.200000000000001,In Stock,No Discount
Paan Corner,Colgate Total Charcoal Anticavity Toothpaste,110.0,10,3,99.0,120,False,120,11.0,91.66666666666666,In Stock,Low (1-10%)
Paan Corner,Colgate Kids 0-2 Extra Soft Tooth Brush,30.0,16,6,25.0,58,False,1,5.0,51.724137931034484,In Stock,Mid (11-20%)
Paan Corner,Gillete Mach3,260.0,10,6,234.0,116,False,2,26.0,224.13793103448273,In Stock,Low (1-10%)
Paan Corner,Maybelline New York Colossal Kajal Black,149.0,0,2,149.0,0,False,0,0.0,,Low Stock,No Discount
Paan Corner,Godrej Cinthol Lime Talc,55.0,0,3,55.0,100,False,100,0.0,55.00000000000001,In Stock,No Discount
Paan Corner,Hamam Soap Bar Neem Tulsi and Aloe Vera,58.0,0,6,58.0,150,False,150,0.0,38.666666666666664,In Stock,No Discount
Paan Corner,"Godrej Expert Rich Crème, Burgundy",33.0,0,6,33.0,20,False,20,0.0,165.0,In Stock,No Discount
Paan Corner,Colgate Gentle Sensitive+ Toothbrush Pack Of 4,120.0,10,4,108.0,232,False,4,12.0,51.724137931034484,In Stock,Low (1-10%)
Paan Corner,Nivea Creme All Season Multi-Purpose Cream,175.0,10,4,157.0,100,False,100,18.0,175.0,In Stock,Low (1-10%)
Paan Corner,Oral-B Charcoal Deep Clean Stain Removal Toothbrush Medium,99.0,0,1,99.0,232,False,4,0.0,42.672413793103445,Low Stock,No Discount
Paan Corner,Mamaearth 100% Natural Berry Blast Kids Toothpaste,149.0,10,4,134.0,50,False,50,15.0,298.0,In Stock,Low (1-10%)
Paan Corner,HImalaya Gentle Baby Wipes,200.0,10,3,180.0,72,False,72,20.0,277.77777777777777,In Stock,Low (1-10%)
Paan Corner,Stayfree Dry Max All Night XL Dry Cover Sanitary Pads,340.0,12,6,298.0,28,False,28,42.0,,In Stock,Mid (11-20%)
Paan Corner,"L'Oreal Paris Excellence Creme Hair Color, 1 Black",620.0,0,1,620.0,172,False,172,0.0,360.4651162790698,Low Stock,No Discount
Paan Corner,Fem Fairness Naturals Saffron Skin Bleach,85.0,15,4,72.0,64,False,64,13.0,132.8125,In Stock,Mid (11-20%)
Paan Corner,Engage Woman Blush Body Deo Spray,195.0,10,5,174.0,150,False,150,21.0,130.0,In Stock,Low (1-10%)
Paan Corner,Dove Pink Rosa Beauty Bathinhg Bar,60.0,0,6,60.0,100,False,100,0.0,60.0,In Stock,No Discount
Paan Corner,Sebamed Cleansing Bar,99.0,10,4,89.0,100,False,100,10.0,99.0,In Stock,Low (1-10%)
Paan Corner,Pampers Premium Care Pants - Large,1099.0,18,2,899.0,44,False,44,200.0,,Low Stock,Mid (11-20%)
Paan Corner,Nivea Women Deodorant Fresh Natural Long Lasting Freshness & 48h Protection,199.0,20,2,159.0,150,False,150,40.0,132.66666666666666,Low Stock,Mid (11-20%)
Paan Corner,"L'Oreal Paris Excellence Creme Hair Color, 3 Dark Brown/Natural Darkest Brown",620.0,0,6,620.0,172,False,172,0.0,360.4651162790698,In Stock,No Discount
Paan Corner,Patanjali Kesh Kanti Natural Hair Cleanser,75.0,9,4,68.0,200,False,200,7.0,37.5,In Stock,Low (1-10%)
Paan Corner,Godrej No.1 Bathing Soap – Lime & Aloe Vera,149.0,0,6,149.0,600,False,600,0.0,24.833333333333332,In Stock,No Discount
Paan Corner,Pantene Advanced Control Hair Fall Solution Shampoo,120.0,6,5,112.0,180,False,180,8.0,66.66666666666666,In Stock,Low (1-10%)
Paan Corner,Veet Full Body Waxing Kit For Dry Skin,235.0,7,6,218.0,1160,False,20,17.0,20.25862068965517,In Stock,Low (1-10%)
Paan Corner,Johnson's Baby Skincare Wipes,245.0,9,6,221.0,72,False,72,24.0,340.27777777777777,In Stock,Low (1-10%)
Paan Corner,Gillette Lemon Lime Shaving Foam,199.0,11,4,177.0,196,False,196,22.0,101.53061224489797,In Stock,Mid (11-20%)
Paan Corner,Old Spice After Shave Lotion Musk,215.0,6,3,200.0,100,False,100,15.0,215.0,In Stock,Low (1-10%)
Paan Corner,Whisper Ultra Soft Air Fresh Sanitary Pads (XL) with Wings,315.0,0,4,315.0,30,False,30,0.0,1050.0,In Stock,No Discount
Paan Corner,Himalaya Baby Powder,80.0,8,4,73.0,100,False,100,7.0,80.0,In Stock,Low (1-10%)
Paan Corner,Fiama Men's Refreshing Pulse Shower Gel,225.0,20,4,180.0,250,False,250,45.0,90.0,In Stock,Mid (11-20%)
Paan Corner,Whisper Ultra Clean XL Plus Sanitary Pad,175.0,0,5,175.0,870,False,15,0.0,20.114942528735632,In Stock,No Discount
Paan Corner,Johnson's Baby Powder,143.0,0,6,143.0,200,False,200,0.0,71.5,In Stock,No Discount
Paan Corner,Dove Cream Beauty Bathing Bar,235.0,9,6,212.0,125,False,125,23.0,188.0,In Stock,Low (1-10%)
Paan Corner,Patanjali Kesh Kanti Shikakai Hair Cleanser,95.0,0,4,95.0,200,False,200,0.0,47.5,In Stock,No Discount
Paan Corner,L'Oreal Paris Color Protect Conditioner,199.0,0,3,199.0,192,False,192,0.0,103.64583333333333,In Stock,No Discount
Paan Corner,Nivea Men Active Clean with Active Charcoal Shower Gel for Body Face & Hair,199.0,4,5,191.0,250,False,250,8.0,79.60000000000001,In Stock,Low (1-10%)
Paan Corner,L'Oreal 6 Oil Nourish Conditioner,135.0,0,1,135.0,192,False,192,0.0,70.3125,Low Stock,No Discount
Paan Corner,Godrej Easy Natural Black Hair Colour,25.0,0,5,25.0,20,False,20,0.0,125.0,In Stock,No Discount
Paan Corner,Dabur Gulabari Rose Water Daily Glow,80.0,6,2,75.0,250,False,250,5.0,32.0,Low Stock,Low (1-10%)
Paan Corner,Himalaya Purifying Neem Face Wash,170.0,10,6,153.0,150,False,150,17.0,113.33333333333333,In Stock,Low (1-10%)
Paan Corner,Fem Fairness Naturals Gold Skin Bleach,65.0,9,3,59.0,24,False,24,6.0,270.83333333333337,In Stock,Low (1-10%)
Paan Corner,Whisper Choice Ultra XL Sanitary Pad,133.0,2,5,130.0,1160,False,20,3.0,11.46551724137931,In Stock,Low (1-10%)
Paan Corner,Dove Dandruff Care Shampoo,158.0,6,5,147.0,180,False,180,11.0,87.77777777777777,In Stock,Low (1-10%)
Paan Corner,Head & Shoulders Anti Dandruff Anti Hairfall Shampoo,285.0,0,5,285.0,340,False,240,0.0,83.82352941176471,In Stock,No Discount
Paan Corner,L'Oreal Casting Creme Ebony Black Hair Color,550.0,0,6,550.0,159,False,87,0.0,345.9119496855346,In Stock,No Discount
Paan Corner,Mamaearth Onion Hair Oil,399.0,10,6,359.0,150,False,150,40.0,266.0,In Stock,Low (1-10%)
Paan Corner,L'Oreal Paris Casting Creme Gloss Hair Color (Dark Brown 400),550.0,0,4,550.0,159,False,159,0.0,345.9119496855346,In Stock,No Discount
Paan Corner,Palmolive Naturals Sea Minerals Liquid Hand Wash,99.0,10,6,89.0,250,False,250,10.0,39.6,In Stock,Low (1-10%)
Paan Corner,Oral-B Extra Soft Bristles Sensitive,98.0,0,4,98.0,232,False,4,0.0,42.241379310344826,In Stock,No Discount
Paan Corner,Engage M3 Perfume Spray for Men,200.0,10,3,180.0,120,False,120,20.0,166.66666666666669,In Stock,Low (1-10%)
Paan Corner,Mamaearth Deeply Nourishing wash for Babies,199.0,0,4,199.0,200,False,200,0.0,99.5,In Stock,No Discount
Paan Corner,Dettol Original Soap (B4G1),260.0,5,6,247.0,625,False,625,13.0,41.6,In Stock,Low (1-10%)
Paan Corner,Woodward's Gripe Water,75.0,0,6,75.0,200,False,200,0.0,37.5,In Stock,No Discount
Paan Corner,"MamyPoko Pants Extra Absorb Diapers, New Born",299.0,6,5,279.0,28,False,28,20.0,1067.857142857143,In Stock,Low (1-10%)
Paan Corner,Johnson's Baby Soap,70.0,0,6,70.0,100,False,100,0.0,70.0,In Stock,No Discount
Paan Corner,Engage M4 Perfume Spray For Men,200.0,10,6,180.0,120,False,120,20.0,166.66666666666669,In Stock,Low (1-10%)
Paan Corner,Fem Fairness Naturals Hair Removal Cream Fair & Soft - Gold,65.0,10,4,58.0,40,False,40,7.0,162.5,In Stock,Low (1-10%)
Paan Corner,Dove Hair Fall Rescue Conditioner,190.0,0,4,190.0,175,False,175,0.0,108.57142857142857,In Stock,No Discount
Paan Corner,Himalaya Anti Hair Fall Shampoo,130.0,12,2,114.0,200,False,200,16.0,65.0,Low Stock,Mid (11-20%)
Paan Corner,Fiama Peach & Avocado Gel Bar,176.0,10,3,158.0,375,False,375,18.0,46.93333333333333,In Stock,Low (1-10%)
Paan Corner,Pears Pure & Gentle Value Pack Of 4 Bathing Soap,125.0,0,6,125.0,75,False,75,0.0,166.66666666666669,In Stock,No Discount
Paan Corner,Fiama Fresh Hand Wash,150.0,6,3,140.0,400,False,400,10.0,37.5,In Stock,Low (1-10%)
Paan Corner,Palmolive Black Orchid And Milk Liquid Hand Wash,99.0,10,6,89.0,250,False,250,10.0,39.6,In Stock,Low (1-10%)
Paan Corner,Oral-B Criss Cross Medium Toothbrush (Buy 2 Get 2 Free),160.0,0,5,160.0,232,False,4,0.0,68.96551724137932,In Stock,No Discount
Paan Corner,Gillette Mach 3 Turbo Razor,349.0,6,5,325.0,58,False,1,24.0,601.7241379310345,In Stock,Low (1-10%)
Paan Corner,Himalaya Baby Lotion,165.0,12,3,145.0,200,False,200,20.0,82.5,In Stock,Mid (11-20%)
Paan Corner,Head & Shoulders 2-in-1 Cool Menthol Anti Dandruff Shampoo + Conditioner,375.0,0,1,375.0,340,False,180,0.0,110.29411764705883,Low Stock,No Discount
Paan Corner,Sunsilk Lusciously Thick & Long Shampoo,249.0,6,6,234.0,340,False,340,15.0,73.23529411764706,In Stock,Low (1-10%)
Paan Corner,Fiama Di Wills Men's Refreshing Pulse Shower Gel,225.0,4,3,214.0,250,False,250,11.0,90.0,In Stock,Low (1-10%)
Paan Corner,Sebamed Anti - Dandruff Shampoo,600.0,10,2,540.0,200,False,200,60.0,300.0,Low Stock,Low (1-10%)
Paan Corner,Listerine Cool Mint Mouthwash - Mild Taste,150.0,10,6,135.0,250,False,250,15.0,60.0,In Stock,Low (1-10%)
Paan Corner,"L'Oreal Paris Excellence Creme Hair Color, 4.25 Aishwarya's Brown",620.0,0,6,620.0,172,False,172,0.0,360.4651162790698,In Stock,No Discount
Paan Corner,Himalaya Gentle Baby Bath,165.0,9,6,150.0,200,False,200,15.0,82.5,In Stock,Low (1-10%)
Paan Corner,"L'Oreal Paris Casting Creme Gloss Hair Color, Medium Brown 500",550.0,0,4,550.0,160,False,159,0.0,343.75,In Stock,No Discount
Paan Corner,L'Oreal Paris Color Protect Shampoo,282.0,0,3,282.0,360,False,360,0.0,78.33333333333333,In Stock,No Discount
Paan Corner,Fiama Di Wills Lemongrass & Jojoba Gel Bar,176.0,10,6,158.0,375,False,375,18.0,46.93333333333333,In Stock,Low (1-10%)
Paan Corner,Colgate Plax Peppermint Mouthwash,150.0,20,5,120.0,250,False,250,30.0,60.0,In Stock,Mid (11-20%)
Paan Corner,Dove Daily Shine Conditioner,90.0,10,1,81.0,80,False,80,9.0,112.5,Low Stock,Low (1-10%)
Paan Corner,Patanjali Kesh Kanti Anti Dandruff Hair Cleanser,110.0,0,6,110.0,200,False,200,0.0,55.00000000000001,In Stock,No Discount
Paan Corner,Old Spice Original After Shave Lotion,250.0,0,1,250.0,150,False,150,0.0,166.66666666666669,Low Stock,No Discount
Paan Corner,Dettol Clinical Strength Hand Sanitizer Liquid,250.0,10,6,225.0,500,False,500,25.0,50.0,In Stock,Low (1-10%)
Paan Corner,Nivea Soft Light Moisturizer for Face Hand & Body Non-Sticky Cream with Vitamin E & Jojoba Oil,399.0,20,3,319.0,300,False,300,80.0,133.0,In Stock,Mid (11-20%)
Paan Corner,Comfy Baby Pants XL 12-17 kg,429.0,15,1,364.0,24,False,24,65.0,,Low Stock,Mid (11-20%)
Paan Corner,Dettol Liquid Handwash With Free Liquid,99.0,0,6,99.0,200,False,200,0.0,49.5,In Stock,No Discount
Paan Corner,Nivea Body Milk Lotion for Very Dry Skin,399.0,20,6,319.0,400,False,400,80.0,99.75,In Stock,Mid (11-20%)
Paan Corner,Lakme Sun Expert,225.0,0,6,225.0,60,False,60,0.0,375.0,In Stock,No Discount
Paan Corner,Head & shoulders Anti Dandruff Shampoo Cool Menthol,170.0,0,6,170.0,180,False,180,0.0,94.44444444444444,In Stock,No Discount
Paan Corner,Godrej Nupur Henna,75.0,0,5,75.0,150,False,120,0.0,50.0,In Stock,No Discount
Paan Corner,Johnson's Baby Lotion,100.0,0,4,100.0,100,False,100,0.0,100.0,In Stock,No Discount
Paan Corner,Maybelline New York Colossal Kajal Super Black,300.0,8,3,275.0,0,False,0,25.0,,In Stock,Low (1-10%)
Paan Corner,Stayfree Dry-Max All Night Ultra-Dry Sanitary Pad,90.0,10,6,81.0,406,False,7,9.0,22.167487684729064,In Stock,Low (1-10%)
Paan Corner,Dove Daily Shine Shampoo,645.0,5,3,612.0,650,False,650,33.0,99.23076923076923,In Stock,Low (1-10%)
Paan Corner,Godrej Easy 5 Minute Natural Brown 4 Hair Colour,29.0,0,5,29.0,20,False,20,0.0,145.0,In Stock,No Discount
Paan Corner,Colgate Sensitive Plus Enamel Toothpaste Tube,140.0,0,6,140.0,160,False,160,0.0,87.5,In Stock,No Discount
Paan Corner,Colgate Max Fresh Peppermint Toothpaste,182.0,15,6,154.0,300,False,300,28.0,60.66666666666667,In Stock,Mid (11-20%)
Paan Corner,Pond's Light Moisturiser,309.0,10,6,278.0,250,False,250,31.0,123.6,In Stock,Low (1-10%)
Paan Corner,Engage Mate For Man Deo Spray,195.0,10,5,174.0,150,False,150,21.0,130.0,In Stock,Low (1-10%)
Paan Corner,Pantene Advanced Hair Fall Solution Shampoo - Total Damage Care,120.0,0,5,120.0,180,False,180,0.0,66.66666666666666,In Stock,No Discount
Paan Corner,Whisper Choice Regular Wing Sanitary Pad,30.0,0,2,30.0,406,False,7,0.0,7.389162561576355,Low Stock,No Discount
Paan Corner,Colgate Slim Soft Charcoal Toothbrush,150.0,18,4,123.0,232,False,4,27.0,64.65517241379311,In Stock,Mid (11-20%)
Paan Corner,Fiama Scents Juniper & Geranium Body Wash,199.0,6,5,186.0,250,False,250,13.0,79.60000000000001,In Stock,Low (1-10%)
Paan Corner,Mamaearth Ubtan Body Lotion,399.0,15,4,339.0,400,False,400,60.0,99.75,In Stock,Mid (11-20%)
Paan Corner,Godrej Aer Power Pocket - Long Lasting Bathroom Fragrance Floral Delight,55.0,0,6,55.0,10,False,10,0.0,550.0,In Stock,No Discount
Paan Corner,Himalaya Anti-Hair Fall Shampoo,230.0,18,1,188.0,400,False,400,42.0,57.49999999999999,Low Stock,Mid (11-20%)
Paan Corner,Nivea Soft Light Moisturizer for Face Hand & Body Non-Sticky Cream with Vitamin E & Jojoba Oil,310.0,15,6,263.0,200,False,200,47.0,155.0,In Stock,Mid (11-20%)
Paan Corner,Engage M2 Perfume Spray For Men,200.0,10,6,180.0,120,False,120,20.0,166.66666666666669,In Stock,Low (1-10%)
Paan Corner,Mamaearth Ubtan Face Scrub Turmeric & Walnut,349.0,10,1,314.0,100,False,100,35.0,349.0,Low Stock,Low (1-10%)
Paan Corner,Himalaya Purifying Neem Face Wash Tube,270.0,15,6,229.0,300,False,300,41.0,90.0,In Stock,Mid (11-20%)
Paan Corner,Johnson's Baby Top To Toe Bath Body Wash,165.0,0,4,165.0,210,False,210,0.0,78.57142857142857,In Stock,No Discount
Paan Corner,Gillette Mach 3 Start,249.0,0,6,249.0,116,False,2,0.0,214.6551724137931,In Stock,No Discount
Paan Corner,Scalpe Pro Anti dandruff Shampoo 100ml,185.0,0,2,185.0,100,False,100,0.0,185.0,Low Stock,No Discount
Paan Corner,Johnson's Baby Cream,150.0,0,6,150.0,100,False,100,0.0,150.0,In Stock,No Discount
Paan Corner,Johnson's Baby Soap,105.0,0,6,105.0,150,False,150,0.0,70.0,In Stock,No Discount
Paan Corner,Himalaya Gentle Baby Shampoo,320.0,17,6,265.0,400,False,400,55.0,80.0,In Stock,Mid (11-20%)
Paan Corner,L'Oreal Paris Shine Masque Royal Jelly Hair Colour,550.0,0,3,550.0,88,False,87,0.0,625.0,In Stock,No Discount
Paan Corner,Engage Rush Deodorant For Men,190.0,11,6,169.0,150,False,150,21.0,126.66666666666666,In Stock,Mid (11-20%)
Paan Corner,Clean & Clear Foaming Face Wash,140.0,10,4,126.0,100,False,100,14.0,140.0,In Stock,Low (1-10%)
Paan Corner,Dettol Lather Shaving Cream,75.0,5,6,71.0,78,False,78,4.0,96.15384615384616,In Stock,Low (1-10%)
Paan Corner,Gillette Classic Regular Pre Shave Foam,199.0,0,4,199.0,196,False,196,0.0,101.53061224489797,In Stock,No Discount
Paan Corner,Dove Daily Shine Conditioner,190.0,0,6,190.0,175,False,180,0.0,108.57142857142857,In Stock,No Discount
Paan Corner,Johnson's Baby Shampoo,180.0,0,6,180.0,200,False,200,0.0,90.0,In Stock,No Discount
Paan Corner,Park Avenue Beer Shampoo,155.0,9,4,140.0,180,False,180,15.0,86.11111111111111,In Stock,Low (1-10%)
Paan Corner,Pantene Advanced Hair Fall Solution Silky Smooth Care Shampoo,120.0,6,6,112.0,180,False,180,8.0,66.66666666666666,In Stock,Low (1-10%)
Paan Corner,Fem Fairness Naturals Hair Removal Cream Fair & Soft - Rose,65.0,10,6,58.0,40,False,40,7.0,162.5,In Stock,Low (1-10%)
Paan Corner,Sunsilk Stunning Black Shine Shampoo,555.0,6,6,521.0,650,False,650,34.0,85.38461538461539,In Stock,Low (1-10%)
Paan Corner,Dabur Meswak Toothpaste,100.0,0,1,100.0,200,False,200,0.0,50.0,Low Stock,No Discount
Paan Corner,Patanjali Kesh Kanti Reetha Hair Cleanser,85.0,0,5,85.0,200,False,200,0.0,42.5,In Stock,No Discount
Paan Corner,Nivea Lip Balm Soft Rose for 24h Moisture with Natural Oils Delicate Rose Shine,185.0,8,6,169.0,5,False,4,16.0,,In Stock,Low (1-10%)
Paan Corner,Santoor Total Skin Care Soap With Sandal & Turmeric,180.0,0,6,180.0,600,False,600,0.0,30.0,In Stock,No Discount
Paan Corner,"L'Oreal Paris Excellence Creme Hair Color, 4 Natural Brown/Natural Dark Brown",620.0,0,1,620.0,172,False,172,0.0,360.4651162790698,Low Stock,No Discount
Paan Corner,Gillette Pre Shave Foam - Classic Regular Skin,225.0,0,6,225.0,418,False,418,0.0,53.827751196172244,In Stock,No Discount
Paan Corner,Fiama Di Wills Shower Gel Patchouli & Macadamia,199.0,10,6,179.0,250,False,250,20.0,79.60000000000001,In Stock,Low (1-10%)
Paan Corner,Listerine Fresh Burst Mouthwash,140.0,10,4,126.0,250,False,250,14.0,56.00000000000001,In Stock,Low (1-10%)
Paan Corner,Nivea Cocoa Nourish Body Lotion With Coconut Oil & Cocoa Butter For Very Dry Skin,299.0,17,5,247.0,200,False,200,52.0,149.5,In Stock,Mid (11-20%)
Paan Corner,Pantene Hair Fall Control Shampoo,240.0,7,2,221.0,340,False,340,19.0,70.58823529411765,Low Stock,Low (1-10%)
Paan Corner,Fogg Master - Royal Intense,250.0,0,5,250.0,120,False,120,0.0,208.33333333333334,In Stock,No Discount
Paan Corner,TRESemme Smooth And Shine Conditioner,220.0,0,5,220.0,190,False,190,0.0,115.78947368421053,In Stock,No Discount
Paan Corner,"Colgate Kids Toothpaste - 6+ Years, Strawberry Flavour",93.0,5,6,88.0,80,False,80,5.0,116.25000000000001,In Stock,Low (1-10%)
Paan Corner,Nivea Soft Moisturizing Cream,310.0,12,1,272.0,200,False,200,38.0,155.0,Low Stock,Mid (11-20%)
Paan Corner,Patanjali Kesh Kanti Aloe Vera Hair Cleanser,85.0,0,5,85.0,200,False,200,0.0,42.5,In Stock,No Discount
Paan Corner,Neutrogena Deep Clean Foaming Cleanser,130.0,11,2,115.0,50,False,50,15.0,260.0,Low Stock,Mid (11-20%)
Paan Corner,Clean & Clear Morning Energy Berry Face Wash,155.0,6,6,145.0,100,False,100,10.0,155.0,In Stock,Low (1-10%)
Paan Corner,Pampers Premium Care New Baby Pants,320.0,0,4,320.0,24,False,24,0.0,,In Stock,No Discount
Paan Corner,Vaseline Intensive Care Aloe Fresh,225.0,9,6,203.0,200,False,200,22.0,112.5,In Stock,Low (1-10%)
Paan Corner,L'Oreal Paris Dream Lengths Shampoo,149.0,0,6,149.0,192,False,192,0.0,77.60416666666666,In Stock,No Discount
Paan Corner,Johnson's Baby Oil,115.0,0,4,115.0,100,False,100,0.0,114.99999999999999,In Stock,No Discount
Paan Corner,Engage Man Rush Deodorant,195.0,9,6,176.0,150,False,150,19.0,130.0,In Stock,Low (1-10%)
Paan Corner,Pantene Advanced Hair Fall Solution Shampoo - Total Damage Care,264.0,0,6,264.0,340,False,340,0.0,77.64705882352942,In Stock,No Discount
Paan Corner,Whisper Daily Liners Clean and Fresh,105.0,0,4,105.0,1160,False,20,0.0,9.051724137931034,In Stock,No Discount
Paan Corner,Himalaya Men Pimple Clear Neem Face Wash,180.0,9,2,163.0,100,False,100,17.0,180.0,Low Stock,Low (1-10%)
Paan Corner,Pantene Adv Hairfall Solution Conditioner Silky Smooth,190.0,0,5,190.0,200,False,200,0.0,95.0,In Stock,No Discount
Paan Corner,Himalaya Prickly Heat Baby Powder,90.0,10,6,81.0,100,False,100,9.0,90.0,In Stock,Low (1-10%)
Paan Corner,Mamaearth Daily Moisturizing Lotion For Babies,199.0,0,6,199.0,200,False,200,0.0,99.5,In Stock,No Discount
Paan Corner,Stayfree Advanced XL Ultra Comfort Sanitary napkins with Wings,175.0,0,3,175.0,812,False,14,0.0,21.551724137931032,In Stock,No Discount
Paan Corner,Pampers Premium Care Pants - Medium,1099.0,18,6,899.0,54,False,54,200.0,,In Stock,Mid (11-20%)
Paan Corner,Vaseline Original Skin Protecting Jelly,125.0,10,6,112.0,100,False,100,13.0,125.0,In Stock,Low (1-10%)
Paan Corner,Clean & Clear Foaming Face Wash,180.0,10,6,162.0,150,False,150,18.0,120.0,In Stock,Low (1-10%)
Paan Corner,Fiama Lemongrass and Jojoba Shower Gel,225.0,20,6,180.0,250,False,250,45.0,90.0,In Stock,Mid (11-20%)
Paan Corner,Oral-B Charcoal Cross Cross Extra Soft Toothbrush (Buy 2 Get 1 Free),180.0,0,1,180.0,174,False,3,0.0,103.44827586206897,Low Stock,No Discount
Paan Corner,Listerine Fresh Burst Mouthwash,285.0,7,6,263.0,500,False,500,22.0,56.99999999999999,In Stock,Low (1-10%)
Paan Corner,Veet Full Body Waxing Kit,235.0,7,6,218.0,1160,False,20,17.0,20.25862068965517,In Stock,Low (1-10%)
Paan Corner,Listerine Original Mouthwash,55.0,9,6,50.0,80,False,80,5.0,68.75,In Stock,Low (1-10%)
Paan Corner,Santoor Almond Soft With Sandal & Almond Milk,180.0,0,2,180.0,625,False,625,0.0,28.799999999999997,Low Stock,No Discount
Paan Corner,Nivea Body Shea Smooth with Shea Butter for Dry Skin,425.0,20,5,340.0,400,False,9,85.0,106.25,In Stock,Mid (11-20%)
Paan Corner,Neutrogena Deep Clean Facial Cleanser,130.0,0,4,130.0,50,False,50,0.0,260.0,In Stock,No Discount
Paan Corner,"L'Oreal Paris Excellence Creme Hair Color, 3.16 Burgundy",550.0,0,3,550.0,159,False,172,0.0,345.9119496855346,In Stock,No Discount
Paan Corner,Johnson's Baby Powder,235.0,0,6,235.0,400,False,400,0.0,58.75,In Stock,No Discount
Paan Corner,Bombay Shaving Company Charcoal Face Wash,249.0,0,4,249.0,100,False,100,0.0,249.00000000000003,In Stock,No Discount
Paan Corner,Colgate Kids 2+ Years Extra Soft Toothbrush,20.0,0,3,20.0,58,False,1,0.0,34.48275862068966,In Stock,No Discount
Paan Corner,Veet Hair Removal Cream (Normal Skin),135.0,5,6,128.0,50,False,50,7.0,270.0,In Stock,Low (1-10%)
Paan Corner,Dove Daily Shine Shampoo,240.0,0,4,240.0,340,False,340,0.0,70.58823529411765,In Stock,No Discount
Paan Corner,L'Oreal Anti Hair Fall Conditioner,199.0,0,6,199.0,192,False,192,0.0,103.64583333333333,In Stock,No Discount
Paan Corner,Nivea Body Lotion Aloe Hydration For Normal Skin,275.0,10,6,247.0,200,False,200,28.0,137.5,In Stock,Low (1-10%)
Paan Corner,Pampers Pants - Large,1549.0,45,3,849.0,82,False,82,700.0,,In Stock,High (21%+)
Paan Corner,"Engage Urge Deodorant For Men, Citrus And Woody, Skin Friendly",195.0,10,6,174.0,150,False,150,21.0,130.0,In Stock,Low (1-10%)
Paan Corner,Head & Shoulders 2 In 1 Anti Dandruff Smooth & Silky Shampoo+Conditioner,375.0,10,6,334.0,340,False,340,41.0,110.29411764705883,In Stock,Low (1-10%)
Paan Corner,Fem Fairness Natural Gold Skin Bleach,85.0,7,4,79.0,64,False,64,6.0,132.8125,In Stock,Low (1-10%)
Paan Corner,Engage Deo Frost,195.0,9,6,176.0,150,False,150,19.0,130.0,In Stock,Low (1-10%)
Paan Corner,Stayfree Secure XL Size Sanitary Napkins,115.0,0,5,115.0,1160,False,20,0.0,9.913793103448276,In Stock,No Discount
Paan Corner,Pampers Pants - Medium,699.0,21,1,549.0,50,False,50,150.0,,Low Stock,High (21%+)
Paan Corner,Pampers Active Baby Diapers New Born Extra Small,1099.0,22,3,849.0,72,False,72,250.0,,In Stock,High (21%+)
Paan Corner,"Nivea Creme, All Season Multi-Purpose Cream",175.0,9,6,158.0,100,False,100,17.0,175.0,In Stock,Low (1-10%)
Paan Corner,Woodwards Gripe Water,50.0,0,4,50.0,130,False,130,0.0,38.46153846153847,In Stock,No Discount
Paan Corner,Clean & Clear Morning Energy Aqua Splash Face Wash,145.0,9,5,131.0,100,False,100,14.0,145.0,In Stock,Low (1-10%)
Paan Corner,Sunsilk Lusciously Thick & Long Shampoo,555.0,6,6,521.0,650,False,650,34.0,85.38461538461539,In Stock,Low (1-10%)
Paan Corner,Mamaearth Skin Correct Face Serum,599.0,15,1,509.0,30,False,30,90.0,,Low Stock,Mid (11-20%)
Paan Corner,Chik Hairfall Prevent Egg Shampoo,178.0,0,6,178.0,340,False,340,0.0,52.352941176470594,In Stock,No Discount
Paan Corner,Pantene Silky Smooth Care Shampoo,225.0,6,3,210.0,340,False,340,15.0,66.17647058823529,In Stock,Low (1-10%)
Paan Corner,"Garnier Skin Naturals, Micellar Cleansing Water",199.0,5,4,189.0,125,False,125,10.0,159.20000000000002,In Stock,Low (1-10%)
Paan Corner,Set Wet Swag Avatar Deodorant & Body Spray Perfume For Men,199.0,0,1,199.0,150,False,150,0.0,132.66666666666666,Low Stock,No Discount
Paan Corner,Pampers All Round Protection Pants - Medium,699.0,17,6,575.0,50,False,50,124.0,,In Stock,Mid (11-20%)
Paan Corner,Set Wet Deodrant Charm Avatar,199.0,0,1,199.0,150,False,150,0.0,132.66666666666666,Low Stock,No Discount
Paan Corner,Nupur Heena Mehandi,199.0,0,6,199.0,500,False,500,0.0,39.800000000000004,In Stock,No Discount
Paan Corner,Head & Shoulders 2-in-1 Active Protect Shampoo,375.0,9,6,338.0,340,False,340,37.0,110.29411764705883,In Stock,Low (1-10%)
Paan Corner,Gillette Mach 3 Turbo Cartridges,649.0,10,6,578.0,232,False,4,71.0,279.7413793103448,In Stock,Low (1-10%)
Paan Corner,Bombay Shaving Company Sensitive Cartridges,375.0,0,2,375.0,116,False,2,0.0,323.2758620689655,Low Stock,No Discount
Paan Corner,Himalaya Baby Lotion,300.0,12,1,264.0,400,False,400,36.0,75.0,Low Stock,Mid (11-20%)
Paan Corner,Old Spice Lime Lather Shaving Cream,75.0,0,6,75.0,70,False,70,0.0,107.14285714285714,In Stock,No Discount
Paan Corner,Colgate Sensitive Plus Anticavity Toothpaste,140.0,10,6,126.0,70,False,70,14.0,200.0,In Stock,Low (1-10%)
Paan Corner,Colgate Toothpaste For Kids Motu Oatlu,93.0,0,6,93.0,80,False,80,0.0,116.25000000000001,In Stock,No Discount
Paan Corner,Pantene Total Damage Care Shampoo,120.0,0,6,120.0,180,False,180,0.0,66.66666666666666,In Stock,No Discount
Paan Corner,Himalaya Moisturising Aloe Vera Facial Wipes,100.0,10,6,90.0,25,False,25,10.0,400.0,In Stock,Low (1-10%)
Paan Corner,Savlon Moisture Shield Hand Wash,69.0,0,5,69.0,200,False,200,0.0,34.5,In Stock,No Discount
Paan Corner,Pampers Active Baby Diapers New Born Extra Small,360.0,10,6,324.0,24,False,24,36.0,,In Stock,Low (1-10%)
Paan Corner,Himalaya Anti Dandruff Shampoo,260.0,18,1,213.0,400,False,400,47.0,65.0,Low Stock,Mid (11-20%)
Paan Corner,Himalaya Anti Hair Fall Shampoo,490.0,25,4,367.0,700,False,700,123.0,70.0,In Stock,High (21%+)
Paan Corner,Johnson's Baby Oil,200.0,0,6,200.0,200,False,200,0.0,100.0,In Stock,No Discount
Paan Corner,Vaseline Intensive Care Deep Moisture Body Lotion,325.0,0,4,325.0,400,False,400,0.0,81.25,In Stock,No Discount
Paan Corner,L'Oreal Paris Dream Lengths Conditioner,199.0,0,1,199.0,193,False,193,0.0,103.10880829015545,Low Stock,No Discount
Paan Corner,Nivea Soft Light Moisturizing Cream,185.0,15,6,157.0,100,False,100,28.0,185.0,In Stock,Mid (11-20%)
Paan Corner,Whisper Ultra Soft XL+ Sanitary Pads,555.0,0,1,555.0,60,False,60,0.0,925.0,Low Stock,No Discount
Paan Corner,Palmolive Feel The Massage Shower Gel,249.0,20,6,199.0,250,False,250,50.0,99.6,In Stock,Mid (11-20%)
Paan Corner,Head & Shoulders Anti-Dandruff Smooth & Silky Shampoo,285.0,6,6,266.0,340,False,340,19.0,83.82352941176471,In Stock,Low (1-10%)
Paan Corner,Mamaearth Moisturizing Baby Bath Soap,249.0,0,4,249.0,150,False,150,0.0,166.0,In Stock,No Discount
Paan Corner,Listerine Original Mouthwash,150.0,10,6,135.0,250,False,250,15.0,60.0,In Stock,Low (1-10%)
Paan Corner,Himalaya Gentle Baby Shampoo,170.0,14,6,146.0,200,False,200,24.0,85.0,In Stock,Mid (11-20%)
Paan Corner,Dove Dryness Care Shampoo,268.0,5,1,252.0,340,False,340,16.0,78.82352941176471,Low Stock,Low (1-10%)
Paan Corner,Dove Hair Fall Rescue Shampoo,280.0,15,6,236.0,340,False,340,44.0,82.35294117647058,In Stock,Mid (11-20%)
Paan Corner,Head & Shoulders Anti Dandruff Shampoo Cool Menthol,295.0,9,6,266.0,340,False,340,29.0,86.76470588235294,In Stock,Low (1-10%)
Paan Corner,Bombay Shaving Company Defender Razor,345.0,0,6,345.0,58,False,1,0.0,594.8275862068965,In Stock,No Discount
Paan Corner,"Head & Shoulders Shampoo + Conditioner - 2-In-1, Cool Menthol",365.0,0,1,365.0,340,False,340,0.0,107.35294117647058,Low Stock,No Discount
Paan Corner,Himalaya Baby Nourishing Massage Oil,200.0,20,2,160.0,200,False,250,40.0,100.0,Low Stock,Mid (11-20%)
Paan Corner,Himalaya Baby Powder,235.0,20,6,188.0,400,False,400,47.0,58.75,In Stock,Mid (11-20%)
Paan Corner,Fogg Paradise Fragrant Body Spray For Women,250.0,0,6,250.0,150,False,150,0.0,166.66666666666669,In Stock,No Discount
Paan Corner,Revive Revive Liquid,71.0,0,6,71.0,200,False,200,0.0,35.5,In Stock,No Discount
Paan Corner,Pantene Hairfall Control Conditioner,190.0,6,6,178.0,200,False,200,12.0,95.0,In Stock,Low (1-10%)
Paan Corner,Mamaearth Vitamin C Face Toner,399.0,0,1,399.0,200,False,200,0.0,199.5,Low Stock,No Discount
Paan Corner,Himalaya Diaper Rash Cream,80.0,10,2,72.0,20,False,20,8.0,400.0,Low Stock,Low (1-10%)
Paan Corner,Fogg Royal Fragrance Spray,230.0,0,4,230.0,150,False,120,0.0,153.33333333333334,In Stock,No Discount
Paan Corner,Dove Pink Rosa Beauty Bathing Bar,245.0,9,6,221.0,100,False,100,24.0,245.00000000000003,In Stock,Low (1-10%)
Paan Corner,Dove Dryness Care Conditioner Frizzy & Dry Hair,90.0,6,4,84.0,80,False,80,6.0,112.5,In Stock,Low (1-10%)
Paan Corner,Dettol Original Liquid Handwash Refill,109.0,3,0,105.0,750,True,750,4.0,14.533333333333335,Out of Stock,Low (1-10%)
Paan Corner,Parachute 100% Pure Coconut Oil,123.0,0,0,123.0,300,True,300,0.0,41.0,Out of Stock,No Discount
Paan Corner,Stayfree Secure Cottony Soft Cover Sanitary Pad (Regular) with Wings,30.0,3,0,29.0,406,True,7,1.0,7.389162561576355,Out of Stock,Low (1-10%)
Paan Corner,Dabur Gulabari Premium Rose Water,48.0,2,0,47.0,120,True,120,1.0,40.0,Out of Stock,Low (1-10%)
Paan Corner,Parachute Advansed Gold Coconut Hair Oil,215.0,9,0,194.0,400,True,400,21.0,53.75,Out of Stock,Low (1-10%)
Paan Corner,Closeup Everfresh+ Anti-Germ Gel Toothpaste Red Hot,90.0,10,0,81.0,150,True,150,9.0,60.0,Out of Stock,Low (1-10%)
Paan Corner,Godrej No.1 Bathing Soap – Lime & Aloe Vera,100.0,16,0,84.0,500,True,100,16.0,20.0,Out of Stock,Mid (11-20%)
Paan Corner,Sensodyne Sensitive Fresh Gel Toothpaste,115.0,7,0,106.0,75,True,75,9.0,153.33333333333334,Out of Stock,Low (1-10%)
Paan Corner,Whisper Bindazzz Nights XL + Sanitary Pad,90.0,0,0,90.0,406,True,7,0.0,22.167487684729064,Out of Stock,No Discount
Paan Corner,Whisper Choice Sanitary Pad,32.0,9,0,29.0,406,True,7,3.0,7.8817733990147785,Out of Stock,Low (1-10%)
Paan Corner,"Godrej No.1 Bathing Soap, Jasmine",84.0,0,0,84.0,400,True,100,0.0,21.0,Out of Stock,No Discount
Paan Corner,Gillette Venus Close & Clean Razor,249.0,7,0,230.0,58,True,1,19.0,429.3103448275862,Out of Stock,Low (1-10%)
Paan Corner,Whisper Choice Regular Sanitary Pads,90.0,3,0,87.0,58,True,20,3.0,155.17241379310346,Out of Stock,Low (1-10%)
Paan Corner,Stayfree Secure Dry Cover Extra Large Sanitary Pad,42.0,2,0,41.0,406,True,7,1.0,10.344827586206897,Out of Stock,Low (1-10%)
Paan Corner,Oxylife Natural Radiance 5 Creme Bleach - With Active Oxygen,82.0,9,0,74.0,27,True,27,8.0,303.7037037037037,Out of Stock,Low (1-10%)
Paan Corner,Clean & Clear Morning Energy Lemon Face Wash,145.0,9,0,131.0,100,True,100,14.0,145.0,Out of Stock,Low (1-10%)
Paan Corner,Bajaj Almond Drops Hair Oil,67.0,10,0,60.0,100,True,100,7.0,67.0,Out of Stock,Low (1-10%)
Paan Corner,Bajaj Almond Drops Hair Oil Bottle,130.0,7,0,120.0,200,True,200,10.0,65.0,Out of Stock,Low (1-10%)
Paan Corner,Whisper Bindazzz Night Sanitary Pads XL Plus,185.0,0,0,185.0,870,True,15,0.0,21.26436781609195,Out of Stock,No Discount
Paan Corner,Godrej Cinthol Lime Refreshing Deo Soap,116.0,0,0,116.0,400,True,400,0.0,28.999999999999996,Out of Stock,No Discount
Paan Corner,"MamyPoko Pants Standard Diapers, Extra Large (12 - 17 kg)",399.0,7,0,369.0,26,True,26,30.0,,Out of Stock,Low (1-10%)
Home & Cleaning,Surf Excel Stain Eraser,18.0,0,1,18.0,150,False,150,0.0,12.0,Low Stock,No Discount
Home & Cleaning,Colin Glass and Surface Cleaner Liquid Spray Regular,96.0,7,6,89.0,500,False,500,7.0,19.2,In Stock,Low (1-10%)
Home & Cleaning,A1 Biodegradable Garbage Dustbin Bags,69.0,0,6,69.0,30,False,30,0.0,229.99999999999997,In Stock,No Discount
Home & Cleaning,"Mortein Cockroach Killer Spray, Crawling insect killer with Deep-Reach Nozzle",189.0,5,2,179.0,425,False,425,10.0,44.470588235294116,Low Stock,Low (1-10%)
Home & Cleaning,Pril Perfect Lime Dishwash Liquid,190.0,7,4,175.0,750,False,750,15.0,25.333333333333336,In Stock,Low (1-10%)
Home & Cleaning,Dettol Antiseptic Disinfectant Liquid,66.0,0,6,66.0,125,False,125,0.0,52.800000000000004,In Stock,No Discount
Home & Cleaning,Godrej Aer Power Pocket Berry Rush,55.0,0,3,55.0,10,False,10,0.0,550.0,In Stock,No Discount
Home & Cleaning,Hit Cockroach Killer Spray,101.0,2,4,98.0,200,False,200,3.0,50.5,In Stock,Low (1-10%)
Home & Cleaning,Vim Dishwash Liquid Gel Lemon,185.0,5,1,175.0,750,False,750,10.0,24.666666666666668,Low Stock,Low (1-10%)
Home & Cleaning,"Harpic Disinfectant Toilet Cleaner Liquid, Original - 1 L",178.0,0,6,178.0,1000,False,1,0.0,17.8,In Stock,No Discount
Home & Cleaning,Odomos Mosquito Repellent Cream,50.0,8,6,46.0,50,False,50,4.0,100.0,In Stock,Low (1-10%)
Home & Cleaning,Harpic Disinfectant Bathroom Cleaner Liquid Lemon,189.0,5,6,179.0,1000,False,1,10.0,18.9,In Stock,Low (1-10%)
Home & Cleaning,Eveready AA pack of 10,150.0,4,6,143.0,580,False,10,7.0,25.862068965517242,In Stock,Low (1-10%)
Home & Cleaning,Cherry Blossom Liquid Wax Polish,98.0,5,6,93.0,75,False,75,5.0,130.66666666666666,In Stock,Low (1-10%)
Home & Cleaning,Gala Scrubber Cleaner Home Everyday Scrub,35.0,2,6,34.0,58,False,1,1.0,60.3448275862069,In Stock,Low (1-10%)
Home & Cleaning,Hit Flower Lime Fragrance Insect Killer Spray,182.0,3,6,176.0,400,False,400,6.0,45.5,In Stock,Low (1-10%)
Home & Cleaning,Harpic Hygienic Toilet Cleaner Rim Block Jasmine,82.0,6,4,77.0,26,False,26,5.0,315.38461538461536,In Stock,Low (1-10%)
Home & Cleaning,Om Bhakti - Pancha Deepa Oil,199.0,10,6,179.0,1000,False,1,20.0,19.900000000000002,In Stock,Low (1-10%)
Home & Cleaning,Ariel Complete Detergent Washing Powder 500 g  + 200 g Free,135.0,0,6,135.0,500,False,500,0.0,27.0,In Stock,No Discount
Home & Cleaning,Surf Excel Matic Top Load Detergent Powder,200.0,6,1,188.0,1000,False,1,12.0,20.0,Low Stock,Low (1-10%)
Home & Cleaning,Harpic Flushmatic In-Cistern Toilet Cleaner Blocks Marine,154.0,7,4,143.0,100,False,100,11.0,154.0,In Stock,Low (1-10%)
Home & Cleaning,Eveready 1012 Carbon Zinc AAA Battery,150.0,4,2,143.0,580,False,10,7.0,25.862068965517242,Low Stock,Low (1-10%)
Home & Cleaning,Surf Excel Matic Front Load Detergent Liquid,225.0,1,6,221.0,1000,False,1,4.0,22.5,In Stock,Low (1-10%)
Home & Cleaning,Origami Kitchen Towels 2 In 1 Quilted 2ply,140.0,10,6,126.0,116,False,2,14.0,120.6896551724138,In Stock,Low (1-10%)
Home & Cleaning,Oxi Green Phenyl - Pine,82.0,9,6,74.0,1000,False,1,8.0,8.200000000000001,In Stock,Low (1-10%)
Home & Cleaning,Surf Excel Easy Wash Detergent Liquid,170.0,0,6,169.0,1000,False,1,1.0,17.0,In Stock,No Discount
Home & Cleaning,Uno Playing Card Game,149.0,9,2,135.0,58,False,1,14.0,256.89655172413796,Low Stock,Low (1-10%)
Home & Cleaning,Chakaachak Mini Cloth Brush,40.0,2,1,39.0,58,False,1,1.0,68.96551724137932,Low Stock,Low (1-10%)
Home & Cleaning,Chakaachak Super Scrub Pad (Pack of 3),35.0,2,2,34.0,174,False,3,1.0,20.114942528735632,Low Stock,Low (1-10%)
Home & Cleaning,Colin Glass and Surface Cleaner Liquid Spray Regular,62.0,6,5,58.0,250,False,250,4.0,24.8,In Stock,Low (1-10%)
Home & Cleaning,Om Bhakti Cow Dung Cakes,16.0,0,6,16.0,290,False,5,0.0,5.517241379310345,In Stock,No Discount
Home & Cleaning,Dettol Antiseptic Liquid,33.0,0,4,33.0,60,False,60,0.0,55.00000000000001,In Stock,No Discount
Home & Cleaning,Harpic Hygienic Toilet Cleaner Rim Block Citrus,82.0,6,6,77.0,26,False,26,5.0,315.38461538461536,In Stock,Low (1-10%)
Home & Cleaning,Eveready Ultima Alkaline AA Cell Battery-6 Pc Pack,210.0,10,6,189.0,348,False,6,21.0,60.3448275862069,In Stock,Low (1-10%)
Home & Cleaning,Mangaldeep Rose Puja Agarbatti,65.0,9,4,59.0,120,False,120,6.0,54.166666666666664,In Stock,Low (1-10%)
Home & Cleaning,Ariel Matic Top Load Detergent Washing Powder,225.0,0,6,225.0,1000,False,1,0.0,22.5,In Stock,No Discount
Home & Cleaning,Gala Cloth Poccha/Mop,125.0,9,6,113.0,58,False,1,12.0,215.51724137931038,In Stock,Low (1-10%)
Home & Cleaning,Chakaachak Floor Cleaning Pocha,50.0,2,6,49.0,58,False,1,1.0,86.20689655172413,In Stock,Low (1-10%)
Home & Cleaning,Oxi Green Floor Cleaner - Floral,179.0,10,6,161.0,1000,False,1,18.0,17.9,In Stock,Low (1-10%)
Home & Cleaning,"Godrej Aer Pocket, Bathroom Air Fragrance - Assorted Pack Of 3",160.0,0,6,160.0,30,False,30,0.0,533.3333333333333,In Stock,No Discount
Home & Cleaning,Ariel Complete Detergent Washing Powder 1 kg + 500 g Free,280.0,6,6,263.0,1500,False,1,17.0,18.666666666666668,In Stock,Low (1-10%)
Home & Cleaning,Chakaachak Sponge Scrubber (Pack of 2),45.0,2,6,44.0,116,False,2,1.0,38.793103448275865,In Stock,Low (1-10%)
Home & Cleaning,Lizol Disinfectant Surface & Floor Cleaner Liquid Floral,103.0,5,6,97.0,500,False,500,6.0,20.599999999999998,In Stock,Low (1-10%)
Home & Cleaning,Harpic Germ & Stain Blaster Disinfectant Toilet Cleaner Floral,148.0,7,6,137.0,750,False,750,11.0,19.733333333333334,In Stock,Low (1-10%)
Home & Cleaning,Hit Lime Fresh Flying Insect Killer,269.0,0,6,269.0,385,False,385,0.0,69.87012987012987,In Stock,No Discount
Home & Cleaning,Fevistik Super Glue Stick,40.0,2,6,39.0,15,False,15,1.0,266.66666666666663,In Stock,Low (1-10%)
Home & Cleaning,Godrej Ezee Liquid Detergent,175.0,0,6,175.0,1000,False,1,0.0,17.5,In Stock,No Discount
Home & Cleaning,Odonil Air Fresher Buy 3 Get 1 Free,225.0,5,3,213.0,300,False,300,12.0,75.0,In Stock,Low (1-10%)
Home & Cleaning,"""Godrej Aer Power Pocket - Long Lasting Bathroom Fragrance Fresh Blossom""",55.0,0,6,55.0,10,False,10,0.0,550.0,In Stock,No Discount
Home & Cleaning,Genteel Liquid Detegrent,320.0,0,6,320.0,2000,False,2,0.0,16.0,In Stock,No Discount
Home & Cleaning,Scotch Brite Scrub Pad,75.0,9,6,68.0,290,False,5,7.0,25.862068965517242,In Stock,Low (1-10%)
Home & Cleaning,Shubh kart - Nirmal Eco Box Chandan Agarbatti - 100g,65.0,13,5,56.0,100,False,100,9.0,65.0,In Stock,Mid (11-20%)
Home & Cleaning,Surf Excel Quick Wash,600.0,8,1,549.0,4000,False,4,51.0,15.0,Low Stock,Low (1-10%)
Home & Cleaning,Hem Mantra Masala Agarbatti,85.0,7,1,79.0,50,False,50,6.0,170.0,Low Stock,Low (1-10%)
Home & Cleaning,Odonil Room Air Freshener Spray Lavender Mist,149.0,5,4,141.0,240,False,240,8.0,62.083333333333336,In Stock,Low (1-10%)
Home & Cleaning,Chakaachak Mega Star Toilet Brush,110.0,2,4,107.0,58,False,1,3.0,189.6551724137931,In Stock,Low (1-10%)
Home & Cleaning,Om Bhakti Wick for Diya - Cotton Long Batti,19.0,0,4,19.0,50,False,50,0.0,38.0,In Stock,No Discount
Home & Cleaning,Origami Non-Woven Kitchen Towel,190.0,14,4,162.0,80,False,80,28.0,237.5,In Stock,Mid (11-20%)
Home & Cleaning,Shubh kart - Nirmal 5 in 1 Agarbatti Zipper - 150g,65.0,13,6,56.0,150,False,150,9.0,43.333333333333336,In Stock,Mid (11-20%)
Home & Cleaning,Harpic Lemon Bathroom Cleaner,95.0,9,6,86.0,500,False,500,9.0,19.0,In Stock,Low (1-10%)
Home & Cleaning,Scotch Brite Sponge Wipes,200.0,0,2,200.0,174,False,3,0.0,114.94252873563218,Low Stock,No Discount
Home & Cleaning,Godrej Aer Spray Fresh Lush Green,150.0,16,2,126.0,240,False,240,24.0,62.5,Low Stock,Mid (11-20%)
Home & Cleaning,Oxi Green Phenyl Concentrate,200.0,10,6,180.0,1000,False,1,20.0,20.0,In Stock,Low (1-10%)
Home & Cleaning,Oxi Green Max Force Green Concentrate,107.0,10,3,96.0,500,False,500,11.0,21.4,In Stock,Low (1-10%)
Home & Cleaning,Godrej Aer Morning Misty Meadows Home Air Freshener,150.0,0,4,149.0,240,False,240,1.0,62.5,In Stock,No Discount
Home & Cleaning,Kiwi Dranex Drain Cleaner,135.0,9,1,122.0,348,False,6,13.0,38.793103448275865,Low Stock,Low (1-10%)
Home & Cleaning,Origami Disposable Spoons,80.0,10,3,72.0,1160,False,20,8.0,6.896551724137931,In Stock,Low (1-10%)
Home & Cleaning,Pril Bar Tub,55.0,0,1,55.0,500,False,500,0.0,11.0,Low Stock,No Discount
Home & Cleaning,Om Bhakti Wick for Diya - Cotton Flower Batti,19.0,0,4,19.0,60,False,60,0.0,31.666666666666664,In Stock,No Discount
Home & Cleaning,Chakaachak Deluxe Dustpan Grey,68.0,2,3,66.0,58,False,1,2.0,117.24137931034481,In Stock,Low (1-10%)
Home & Cleaning,Lizol Disinfectant Surface & Floor Cleaner Liquid Citrus,205.0,8,3,188.0,975,False,975,17.0,21.025641025641026,In Stock,Low (1-10%)
Home & Cleaning,ScotchBrite Premium Kitchen Towels,150.0,18,3,123.0,174,False,1,27.0,86.20689655172413,In Stock,Mid (11-20%)
Home & Cleaning,Vanish All in One Powder Detergent Booster,210.0,10,2,189.0,400,False,400,21.0,52.5,Low Stock,Low (1-10%)
Home & Cleaning,Good Knight Fabric Personal Mosquito Repellent Roll On,75.0,0,3,75.0,8,False,8,0.0,937.5,In Stock,No Discount
Home & Cleaning,Gala Iron Bull Scrub Pad,140.0,10,6,126.0,174,False,3,14.0,80.45977011494253,In Stock,Low (1-10%)
Home & Cleaning,Tide Plus Extra Power Lemon & Mint Detergent Powder,215.0,1,6,211.0,2000,False,2,4.0,10.75,In Stock,Low (1-10%)
Home & Cleaning,Chakaachak Dustpan Grey,70.0,2,5,68.0,58,False,1,2.0,120.6896551724138,In Stock,Low (1-10%)
Home & Cleaning,Mortein PowerGard Rat Kill Cake,64.0,6,6,60.0,100,False,100,4.0,64.0,In Stock,Low (1-10%)
Home & Cleaning,Odomos Mosquito Repellent Cream,25.0,0,1,25.0,23,False,25,0.0,108.69565217391303,Low Stock,No Discount
Home & Cleaning,Shubh kart - Nirmal Eco Box Sugandhi Mogra Agarbatti - 100g,65.0,13,6,56.0,100,False,100,9.0,65.0,In Stock,Mid (11-20%)
Home & Cleaning,Cherry Blossom Wax Shoe Polish Black,68.0,5,6,64.0,40,False,40,4.0,170.0,In Stock,Low (1-10%)
Home & Cleaning,Origami Paper Plates,240.0,15,5,204.0,50,False,50,36.0,480.0,In Stock,Mid (11-20%)
Home & Cleaning,Gala Microfiber Magic Cloth 2-In-1,175.0,9,6,158.0,58,False,1,17.0,301.7241379310345,In Stock,Low (1-10%)
Home & Cleaning,Mr Muscle Dranex Drain Cleaner Kiwi,160.0,6,4,149.0,375,False,375,11.0,42.66666666666667,In Stock,Low (1-10%)
Home & Cleaning,Lizol Disinfectant Surface & Floor Cleaner Liquid Jasmine,103.0,5,6,97.0,500,False,500,6.0,20.599999999999998,In Stock,Low (1-10%)
Home & Cleaning,Odonil Room Spray Air Freshener Citrus Fres,150.0,12,4,132.0,137,False,137,18.0,109.48905109489051,In Stock,Mid (11-20%)
Home & Cleaning,Scotch Brite Power Scrub Pad,50.0,2,6,49.0,58,False,1,1.0,86.20689655172413,In Stock,Low (1-10%)
Home & Cleaning,Origami Good Karma Toilet Roll,275.0,14,6,234.0,232,False,1,41.0,118.53448275862068,In Stock,Mid (11-20%)
Home & Cleaning,Shubh kart - Shubhkart Sambrani Cup Black 12n,80.0,6,4,75.0,696,False,12,5.0,11.494252873563218,In Stock,Low (1-10%)
Home & Cleaning,Gala Scrubber Pad,75.0,9,5,68.0,290,False,5,7.0,25.862068965517242,In Stock,Low (1-10%)
Home & Cleaning,Origami So Soft Tissue Roll Single - 340 Pulls 3 Ply,80.0,0,1,80.0,58,False,1,0.0,137.93103448275863,Low Stock,No Discount
Home & Cleaning,Odomos lotion - Mosquito Repellent,90.0,8,6,82.0,120,False,120,8.0,75.0,In Stock,Low (1-10%)
Home & Cleaning,Surf Excel Matic Front Load Detergent Powder,530.0,4,6,507.0,2000,False,2,23.0,26.5,In Stock,Low (1-10%)
Home & Cleaning,Fevicol Mr.Original General Purpose White Glue,50.0,2,6,49.0,105,False,100,1.0,47.61904761904761,In Stock,Low (1-10%)
Home & Cleaning,Aro Aluminium Container with Lid 230 ml,75.0,9,3,68.0,25,False,25,7.0,300.0,In Stock,Low (1-10%)
Home & Cleaning,Harpic Power Fresh 6 Toilet Cleaner Rim Block Floral Delight,188.0,10,6,169.0,35,False,35,19.0,537.1428571428571,In Stock,Low (1-10%)
Home & Cleaning,Origami So Soft Tissue Roll 3 Ply,390.0,11,6,347.0,696,False,12,43.0,56.03448275862068,In Stock,Mid (11-20%)
Home & Cleaning,Ariel Matic Front Load Detergent Washing Powder,800.0,15,6,680.0,3000,False,3,120.0,26.666666666666668,In Stock,Mid (11-20%)
Home & Cleaning,Gala Double Hockey Toilet Brush,150.0,10,6,135.0,58,False,1,15.0,258.62068965517244,In Stock,Low (1-10%)
Home & Cleaning,Surf Excel Detergent Bar Value Pack,114.0,0,6,114.0,800,False,800,0.0,14.249999999999998,In Stock,No Discount
Home & Cleaning,Odonil Zipper Blissful Citrus,55.0,0,1,55.0,10,False,10,0.0,550.0,Low Stock,No Discount
Home & Cleaning,Eveready Base B22 9-Watt LED Bulb,150.0,0,2,150.0,58,False,1,0.0,258.62068965517244,Low Stock,No Discount
Home & Cleaning,Scotch Brite Sponge Wipe,330.0,10,6,297.0,290,False,5,33.0,113.79310344827587,In Stock,Low (1-10%)
Home & Cleaning,Domex Disinfectant Floor Cleaner,180.0,5,6,170.0,1000,False,1,10.0,18.0,In Stock,Low (1-10%)
Home & Cleaning,Surf Excel Matic Powder Front Load,810.0,7,2,750.0,4000,False,4,60.0,20.25,Low Stock,Low (1-10%)
Home & Cleaning,Scotch Brite Silver Sparks Scrub Pad,90.0,10,6,81.0,348,False,3,9.0,25.862068965517242,In Stock,Low (1-10%)
Home & Cleaning,Airwick Room Air Freshener Spray Cool Water & Aloe Vera,161.0,5,6,152.0,245,False,245,9.0,65.71428571428571,In Stock,Low (1-10%)
Home & Cleaning,Shubh kart - Surabhi Camphor Pouch 50g,95.0,9,6,86.0,50,False,50,9.0,190.0,In Stock,Low (1-10%)
Home & Cleaning,Pril Power Of Active Boosters,102.0,0,1,102.0,400,False,400,0.0,25.5,Low Stock,No Discount
Home & Cleaning,Scotch Brite Tough Scrubber Brush,150.0,6,6,140.0,58,False,1,10.0,258.62068965517244,In Stock,Low (1-10%)
Home & Cleaning,Mortein Dual All Insect Killer Spray,280.0,10,6,252.0,600,False,600,28.0,46.666666666666664,In Stock,Low (1-10%)
Home & Cleaning,Lizol Double Concentrate Disinfectant Floor Cleaner Lavender,325.0,10,6,292.0,900,False,900,33.0,36.11111111111111,In Stock,Low (1-10%)
Home & Cleaning,Eveready Ultima Alkaline Battery AAA,68.0,0,6,68.0,116,False,2,0.0,58.620689655172406,In Stock,No Discount
Home & Cleaning,Shubh kart - Tejas Twisted Cotton Wicks 1000n,30.0,6,6,28.0,1000,False,1000,2.0,3.0,In Stock,Low (1-10%)
Home & Cleaning,Lizol Double Concentrate Disinfectant Floor Cleaner Citrus,650.0,8,6,598.0,1900,False,1,52.0,34.21052631578947,In Stock,Low (1-10%)
Home & Cleaning,Surf Excel Matic Top Load,720.0,9,4,649.0,4000,False,4,71.0,18.0,In Stock,Low (1-10%)
Home & Cleaning,Oxi Green Dish Wash Liquid - Lemon,105.0,6,6,98.0,500,False,500,7.0,21.0,In Stock,Low (1-10%)
Home & Cleaning,Mangalam Camphor,100.0,10,6,90.0,50,False,50,10.0,200.0,In Stock,Low (1-10%)
Home & Cleaning,Cherry Blossom Liquid Wax Polish (Dark Tan),98.0,5,6,93.0,75,False,75,5.0,130.66666666666666,In Stock,Low (1-10%)
Home & Cleaning,Gala EzeeSqueegee Wiper,150.0,10,6,135.0,58,False,1,15.0,258.62068965517244,In Stock,Low (1-10%)
Home & Cleaning,Lizol Disinfectant Surface & Floor Cleaner Liquid Pine,205.0,8,6,188.0,975,False,975,17.0,21.025641025641026,In Stock,Low (1-10%)
Home & Cleaning,Philips Stellar Bright 16W Light Bulb,390.0,16,6,324.0,58,False,1,66.0,672.4137931034483,In Stock,Mid (11-20%)
Home & Cleaning,Airwick EverFresh Gel Bathroom Air Freshener - Lavender Dew,70.0,10,6,63.0,50,False,50,7.0,140.0,In Stock,Low (1-10%)
Home & Cleaning,Origami Cups Plain 100 units,155.0,14,5,132.0,100,False,100,23.0,155.0,In Stock,Mid (11-20%)
Home & Cleaning,Airwick EverFresh Gel Bathroom Air Freshener - Citrus Splash,70.0,10,6,63.0,50,False,50,7.0,140.0,In Stock,Low (1-10%)
Home & Cleaning,Ariel Matic Liquid Detergent Front Load,250.0,0,6,250.0,1000,False,1,0.0,25.0,In Stock,No Discount
Home & Cleaning,Om Bhakti Gangajal Packed At Gangotri,30.0,3,6,29.0,220,False,220,1.0,13.636363636363635,In Stock,Low (1-10%)
Home & Cleaning,Odonil Air Freshner Lavender Meadows,75.0,5,4,71.0,75,False,75,4.0,100.0,In Stock,Low (1-10%)
Home & Cleaning,Om Bhakti Haldi,12.0,0,4,12.0,15,False,15,0.0,80.0,In Stock,No Discount
Home & Cleaning,Cherry Blossom Wax Shoe Polish Dark Tan,68.0,5,6,64.0,40,False,40,4.0,170.0,In Stock,Low (1-10%)
Home & Cleaning,Dabur Odomos Naturals Mosquito Repellant Gel,75.0,8,4,69.0,80,False,80,6.0,93.75,In Stock,Low (1-10%)
Home & Cleaning,Shubh kart - Nirmal sugandhi mogra wet dhoop zipper 20 sticks,30.0,6,6,28.0,1160,False,20,2.0,2.586206896551724,In Stock,Low (1-10%)
Home & Cleaning,Lizol Disinfectant Surface & Floor Cleaner Liquid Floral,205.0,8,6,188.0,975,False,975,17.0,21.025641025641026,In Stock,Low (1-10%)
Home & Cleaning,Om Bhakti Wick for Diya - Ghee Cotton Wicks Big,189.0,10,6,170.0,30,False,30,19.0,630.0,In Stock,Low (1-10%)
Home & Cleaning,Air Wick Room Air Freshener Spray - Lavender & Lotus,161.0,5,6,152.0,245,False,245,9.0,65.71428571428571,In Stock,Low (1-10%)
Home & Cleaning,Scotch Brite Kitchen Sink Brush,135.0,9,5,122.0,58,False,1,13.0,232.75862068965517,In Stock,Low (1-10%)
Home & Cleaning,Odonil Room Air Freshener Spray - Lavender Mist,150.0,12,1,132.0,137,False,137,18.0,109.48905109489051,Low Stock,Mid (11-20%)
Home & Cleaning,Godrej Aer Power Pocket - Long Lasting Bathroom Fragrance Lavender Bloom,55.0,0,4,55.0,10,False,10,0.0,550.0,In Stock,No Discount
Home & Cleaning,Origami Good Karma Paper Serviettes,80.0,10,6,72.0,50,False,50,8.0,160.0,In Stock,Low (1-10%)
Home & Cleaning,Scotch Magic Tape,115.0,14,6,98.0,58,False,1,17.0,198.27586206896552,In Stock,Mid (11-20%)
Home & Cleaning,Ambi Pur Car Freshener Gel - Relaxing Lavender,299.0,10,2,269.0,75,False,75,30.0,398.6666666666667,Low Stock,Low (1-10%)
Home & Cleaning,Origami Kitchen Towels 4 in 1 60 Pulls 2 Ply,265.0,0,6,265.0,58,False,1,0.0,456.8965517241379,In Stock,No Discount
Home & Cleaning,Om Bhakti Wick for Diya - Ghee Cotton Wicks Small,139.0,10,6,125.0,30,False,30,14.0,463.33333333333337,In Stock,Low (1-10%)
Home & Cleaning,Chakaachak Super Strong Scrub,29.0,3,5,28.0,58,False,1,1.0,50.0,In Stock,Low (1-10%)
Home & Cleaning,Nimyle Lemongrass Floor Cleaner,165.0,5,5,156.0,975,False,975,9.0,16.923076923076923,In Stock,Low (1-10%)
Home & Cleaning,Oxi Green Floor Cleaner - Citrus,179.0,10,6,161.0,1000,False,1,18.0,17.9,In Stock,Low (1-10%)
Home & Cleaning,Airwick Room Air Freshener Spray - Rose & Saffron,161.0,5,5,152.0,245,False,245,9.0,65.71428571428571,In Stock,Low (1-10%)
Home & Cleaning,Origami Luxuria Kitchen Towel 300 Pulls Single,320.0,0,2,320.0,58,False,1,0.0,551.7241379310345,Low Stock,No Discount
Home & Cleaning,Philips EyePro 10.5W Light Bulb,220.0,10,6,198.0,58,False,1,22.0,379.3103448275862,In Stock,Low (1-10%)
Home & Cleaning,Mangalam Camphor Tablet Jar,280.0,10,6,252.0,100,False,100,28.0,280.0,In Stock,Low (1-10%)
Home & Cleaning,Chakaachak Super Sponge Wipes (Pack of 3),140.0,0,6,140.0,174,False,3,0.0,80.45977011494253,In Stock,No Discount
Home & Cleaning,"""Origami Good Karma Paper Serviettes - 100 napkins (1 ply)""",78.0,10,6,70.0,58,False,1,8.0,134.48275862068965,In Stock,Low (1-10%)
Home & Cleaning,Robin Dazzling Liquid Blue After Wash,74.0,5,6,70.0,200,False,200,4.0,37.0,In Stock,Low (1-10%)
Home & Cleaning,Om Bhakti Camphor Big,119.0,10,6,107.0,40,False,40,12.0,297.5,In Stock,Low (1-10%)
Home & Cleaning,Om Bhakti Wick for Diya - Cotton Long Batti,20.0,0,6,20.0,75,False,75,0.0,26.666666666666668,In Stock,No Discount
Home & Cleaning,Om Bhakti Camphor Small,79.0,10,6,71.0,25,False,25,8.0,316.0,In Stock,Low (1-10%)
Home & Cleaning,Ariel Matic Top Load Detergent Washing Powder,499.0,0,1,499.0,2000,False,2,0.0,24.95,Low Stock,No Discount
Home & Cleaning,Scotch Brite Multi-Purpose Sponge Wipes,700.0,17,6,581.0,580,False,10,119.0,120.6896551724138,In Stock,Mid (11-20%)
Home & Cleaning,Surabhi Pure Camphor,50.0,2,6,49.0,25,False,25,1.0,200.0,In Stock,Low (1-10%)
Home & Cleaning,Lizol Double Concentrate Disinfectant Floor Cleaner Citrus,325.0,5,6,308.0,900,False,900,17.0,36.11111111111111,In Stock,Low (1-10%)
Home & Cleaning,Chakaachak Floor Pocha Large,50.0,0,1,50.0,58,False,1,0.0,86.20689655172413,Low Stock,No Discount
Home & Cleaning,Ariel Matic Front Load Liquid Detergent,220.0,0,4,220.0,1000,False,1,0.0,22.0,In Stock,No Discount
Home & Cleaning,Harpic Power Fresh 6 Toilet Cleaner Rim Block Marine Splash,188.0,10,4,169.0,35,False,35,19.0,537.1428571428571,In Stock,Low (1-10%)
Home & Cleaning,Chakaachak Dust Proof Broom,180.0,2,6,175.0,58,False,1,5.0,310.3448275862069,In Stock,Low (1-10%)
Home & Cleaning,Om Bhakti Kumkum,12.0,0,6,12.0,15,False,15,0.0,80.0,In Stock,No Discount
Home & Cleaning,Apsara Non Dust Eraser,60.0,10,5,54.0,1160,False,20,6.0,5.172413793103448,In Stock,Low (1-10%)
Home & Cleaning,Chakaachak Power Scrub (Pack of 2),42.0,2,6,41.0,116,False,2,1.0,36.206896551724135,In Stock,Low (1-10%)
Home & Cleaning,Om Bhakti Wick for Diya - Vanaspati Ghee Cotton Wicks Small,69.0,11,6,61.0,30,False,30,8.0,229.99999999999997,In Stock,Mid (11-20%)
Home & Cleaning,Whiskas Adult +1 year Salmon in Gravy,250.0,10,3,225.0,85,False,1,25.0,294.11764705882354,In Stock,Low (1-10%)
Home & Cleaning,Origami Paper Party Plates,240.0,0,6,240.0,580,False,50,0.0,41.37931034482759,In Stock,No Discount
Home & Cleaning,Gala Microfiber Multipurpose Cloth,140.0,7,6,129.0,58,False,1,11.0,241.3793103448276,In Stock,Low (1-10%)
Home & Cleaning,Ariel Matic Front Load Detergent Powder,260.0,0,6,260.0,1000,False,1,0.0,26.0,In Stock,No Discount
Home & Cleaning,Vim Dishwash Bar,23.0,4,0,22.0,300,True,300,1.0,7.666666666666666,Out of Stock,Low (1-10%)
Home & Cleaning,Dettol Effective Protection Antiseptic Liquid,116.0,0,0,116.0,250,True,250,0.0,46.400000000000006,Out of Stock,No Discount
Home & Cleaning,Godrej Good Night Gold Flash Liquid Vapouriser,89.0,0,0,89.0,60,True,60,0.0,148.33333333333334,Out of Stock,No Discount
Home & Cleaning,Rin Detergent Powder,86.0,2,0,84.0,1000,True,1,2.0,8.6,Out of Stock,Low (1-10%)
Home & Cleaning,Surf Excel Easy Wash Detergent Powder,136.0,3,0,131.0,1000,True,1,5.0,13.600000000000001,Out of Stock,Low (1-10%)
Home & Cleaning,Rin Detergent Bar,10.0,0,0,10.0,140,True,140,0.0,7.142857142857142,Out of Stock,No Discount
Home & Cleaning,Odomos Mosquito Repellent Spray,90.0,8,0,82.0,100,True,100,8.0,90.0,Out of Stock,Low (1-10%)
Home & Cleaning,Chakaachak Super Steel Scrubber,12.0,8,0,11.0,58,True,1,1.0,20.689655172413794,Out of Stock,Low (1-10%)
Home & Cleaning,Scotch-Brite Scrub Sponge Ideal For Dishwash Liquid,65.0,9,0,59.0,116,True,2,6.0,56.03448275862068,Out of Stock,Low (1-10%)
Home & Cleaning,Gala No Dust Broom,190.0,7,0,175.0,58,True,1,15.0,327.58620689655174,Out of Stock,Low (1-10%)
Home & Cleaning,Chakaachak Eazo Grass Broom New,105.0,2,0,102.0,58,True,1,3.0,181.0344827586207,Out of Stock,Low (1-10%)
Home & Cleaning,Vim Dishwash Bar,45.0,0,0,45.0,600,True,600,0.0,7.5,Out of Stock,No Discount
Home & Cleaning,Rin Fabric Whitener Detergent,69.0,10,0,62.0,500,True,500,7.0,13.8,Out of Stock,Low (1-10%)
Home & Cleaning,Comfort After Wash Fabric Conditioner Lily Fresh,235.0,9,0,212.0,860,True,860,23.0,27.325581395348834,Out of Stock,Low (1-10%)
Home & Cleaning,Ujala Superme For Super Whiteness Of Clothes,25.0,0,0,25.0,75,True,75,0.0,33.33333333333333,Out of Stock,No Discount
Home & Cleaning,Surf Excel Quick Wash,208.0,6,0,195.0,1000,True,1,13.0,20.8,Out of Stock,Low (1-10%)
Home & Cleaning,Scotch BOPP Packaging Tape,80.0,15,0,68.0,58,True,1,12.0,137.93103448275863,Out of Stock,Mid (11-20%)
Home & Cleaning,Origami Plates Plain,250.0,10,0,225.0,100,True,100,25.0,250.0,Out of Stock,Low (1-10%)
Health & Hygiene,Epigamia Fruit Yogurt Alphonso Mango,40.0,50,6,20.0,75,False,75,20.0,53.333333333333336,In Stock,High (21%+)
Health & Hygiene,Epigamia Fruit Yogurt Vanilla,40.0,50,6,20.0,75,False,75,20.0,53.333333333333336,In Stock,High (21%+)
Health & Hygiene,Nestle A+ Actiplus Probiotic Dahi Plain Curd,78.0,3,5,75.0,400,False,400,3.0,19.5,In Stock,Low (1-10%)
Health & Hygiene,Dettol Original Germ Protection Alcohol Based Hand Sanitizer,25.0,0,6,25.0,50,False,50,0.0,50.0,In Stock,No Discount
Health & Hygiene,Dettol Antiseptic Disinfectant Liquid,66.0,0,6,66.0,125,False,125,0.0,52.800000000000004,In Stock,No Discount
Health & Hygiene,Durex Air Ultra Thin Condoms,82.0,0,6,82.0,174,False,3,0.0,47.12643678160919,In Stock,No Discount
Health & Hygiene,Durex Air Ultra Thin Condom,245.0,10,6,220.0,580,False,10,25.0,42.241379310344826,In Stock,Low (1-10%)
Health & Hygiene,Dabur Regular Hajmola,45.0,6,6,42.0,120,False,120,3.0,37.5,In Stock,Low (1-10%)
Health & Hygiene,Hajmola Anardana Digestive Tablets,45.0,6,2,42.0,120,False,180,3.0,37.5,Low Stock,Low (1-10%)
Health & Hygiene,Zandu Balm,40.0,10,4,36.0,8,False,8,4.0,500.0,In Stock,Low (1-10%)
Health & Hygiene,Vicks Cough Drops Menthol,20.0,0,6,20.0,1160,False,20,0.0,1.7241379310344827,In Stock,No Discount
Health & Hygiene,Durex Extra Time Condoms,228.0,10,6,205.0,580,False,10,23.0,39.310344827586206,In Stock,Low (1-10%)
Health & Hygiene,Vicks Vaporub,85.0,9,6,77.0,25,False,25,8.0,340.0,In Stock,Low (1-10%)
Health & Hygiene,Dettol Antiseptic Liquid,33.0,0,4,33.0,60,False,60,0.0,55.00000000000001,In Stock,No Discount
Health & Hygiene,Veet Sensitive Skin Hair Removal Cream,135.0,5,6,128.0,50,False,50,7.0,270.0,In Stock,Low (1-10%)
Health & Hygiene,Vicks VapoRub,145.0,11,2,129.0,50,False,50,16.0,290.0,Low Stock,Mid (11-20%)
Health & Hygiene,Dabur Hajmola Imli Digestive Tablets,45.0,6,6,42.0,120,False,120,3.0,37.5,In Stock,Low (1-10%)
Health & Hygiene,Dettol Antiseptic Liquid + Disinfectant Spray - Original,159.0,10,6,143.0,225,False,225,16.0,70.66666666666667,In Stock,Low (1-10%)
Health & Hygiene,Iodex Body Pain Expert,40.0,2,6,39.0,8,False,8,1.0,500.0,In Stock,Low (1-10%)
Health & Hygiene,Patanjali Hing Goli,65.0,10,4,58.0,100,False,100,7.0,65.0,In Stock,Low (1-10%)
Health & Hygiene,Moov Fast Pain Relief Cream,189.0,15,6,160.0,50,False,50,29.0,378.0,In Stock,Mid (11-20%)
Health & Hygiene,Dettol Hand Sanitizer,100.0,5,6,95.0,200,False,200,5.0,50.0,In Stock,Low (1-10%)
Health & Hygiene,Whisper Ultra Soft XL+ Sanitary Pads,330.0,2,6,323.0,30,False,30,7.0,1100.0,In Stock,Low (1-10%)
Health & Hygiene,Whisper Choice Regular Wing Sanitary Pad,30.0,0,2,30.0,406,False,7,0.0,7.389162561576355,Low Stock,No Discount
Health & Hygiene,Savlon Surface Disinfectant Spray,165.0,10,6,148.0,170,False,170,17.0,97.05882352941177,In Stock,Low (1-10%)
Health & Hygiene,Durex Extra Thin Condoms,228.0,10,6,205.0,580,False,10,23.0,39.310344827586206,In Stock,Low (1-10%)
Health & Hygiene,Stayfree Secure Dry Cover Regular Sanitary Pad With Wings,30.0,3,6,29.0,406,False,7,1.0,7.389162561576355,In Stock,Low (1-10%)
Health & Hygiene,Eno Fruit Salt Lemon Flavour Energy Powder,130.0,10,6,117.0,100,False,100,13.0,130.0,In Stock,Low (1-10%)
Health & Hygiene,Moov Pain Relief Specialist Spray,149.0,5,5,141.0,35,False,35,8.0,425.7142857142857,In Stock,Low (1-10%)
Health & Hygiene,Savlon Germ Protection Wipes,189.0,10,6,170.0,72,False,72,19.0,262.5,In Stock,Low (1-10%)
Health & Hygiene,Veet Hair Removal Cream Dry Skin,135.0,5,5,128.0,50,False,50,7.0,270.0,In Stock,Low (1-10%)
Health & Hygiene,Whisper Ultra Soft Air Fresh Sanitary Pads (XL) with Wings,315.0,0,4,315.0,30,False,30,0.0,1050.0,In Stock,No Discount
Health & Hygiene,Whisper Choice Regular Sanitary Pads,90.0,0,6,90.0,1160,False,20,0.0,7.758620689655173,In Stock,No Discount
Health & Hygiene,Whisper Ultra Clean Wings XL+  Pouch,449.0,7,6,415.0,44,False,44,34.0,1020.4545454545455,In Stock,Low (1-10%)
Health & Hygiene,Durex Extra Ribbed Condoms,245.0,10,2,220.0,580,False,10,25.0,42.241379310344826,Low Stock,Low (1-10%)
Health & Hygiene,Eno Regular Fruit Salt Energy Powder,130.0,0,6,130.0,100,False,100,0.0,130.0,In Stock,No Discount
Health & Hygiene,Durex Extra Thin Bubblegum Condom,150.0,10,6,135.0,580,False,10,15.0,25.862068965517242,In Stock,Low (1-10%)
Health & Hygiene,Dabur Hajmola Pudina - Digestive Tablets,45.0,6,6,42.0,120,False,120,3.0,37.5,In Stock,Low (1-10%)
Health & Hygiene,Baidyanath Isabgol,110.0,22,3,85.0,100,False,100,25.0,110.00000000000001,In Stock,High (21%+)
Health & Hygiene,Kapiva Thar Aloe Vera Juice,299.0,15,6,254.0,1000,False,1,45.0,29.9,In Stock,Mid (11-20%)
Health & Hygiene,Fine Life Cotton Balls,110.0,10,6,99.0,100,False,100,11.0,110.00000000000001,In Stock,Low (1-10%)
Health & Hygiene,Stayfree Dry Max All Night XL Dry Cover Sanitary Pads,340.0,12,6,298.0,28,False,28,42.0,,In Stock,Mid (11-20%)
Health & Hygiene,Moov Pain Releiver Spray,290.0,15,6,246.0,80,False,80,44.0,362.5,In Stock,Mid (11-20%)
Health & Hygiene,Whisper Ultra Clean XL Plus Sanitary Pad,175.0,0,5,175.0,870,False,15,0.0,20.114942528735632,In Stock,No Discount
Health & Hygiene,Durex Condoms Mutual Climax,120.0,0,6,120.0,174,False,3,0.0,68.96551724137932,In Stock,No Discount
Health & Hygiene,Durex Extra Dots Condoms,228.0,10,6,205.0,580,False,10,23.0,39.310344827586206,In Stock,Low (1-10%)
Health & Hygiene,Zandu Balm Ulter Power For Strong Headache Bodyache & Cold,45.0,8,6,41.0,8,False,8,4.0,562.5,In Stock,Low (1-10%)
Health & Hygiene,Dabur Hajmola Maha Candy - Aam+Imli,130.0,5,1,123.0,130,False,130,7.0,100.0,Low Stock,Low (1-10%)
Health & Hygiene,Whisper Choice Ultra XL Sanitary Pad,133.0,2,5,130.0,1160,False,20,3.0,11.46551724137931,In Stock,Low (1-10%)
Health & Hygiene,Veet Full Body Waxing Kit For Dry Skin,235.0,7,6,218.0,1160,False,20,17.0,20.25862068965517,In Stock,Low (1-10%)
Health & Hygiene,Dabur Chyawanprakash - Sugar Free,415.0,7,6,385.0,900,False,900,30.0,46.111111111111114,In Stock,Low (1-10%)
Health & Hygiene,Zandu Balm,85.0,10,5,76.0,25,False,25,9.0,340.0,In Stock,Low (1-10%)
Health & Hygiene,Himalaya Cold Balm,125.0,9,6,113.0,45,False,45,12.0,277.77777777777777,In Stock,Low (1-10%)
Health & Hygiene,Dettol Clinical Strength Hand Sanitizer Liquid,250.0,10,6,225.0,500,False,500,25.0,50.0,In Stock,Low (1-10%)
Health & Hygiene,Kapiva Wild Amla Juice,249.0,14,6,212.0,1000,False,1,37.0,24.9,In Stock,Mid (11-20%)
Health & Hygiene,Dabur Chyawanprash,349.0,3,6,338.0,950,False,1,11.0,36.73684210526316,In Stock,Low (1-10%)
Health & Hygiene,Amrutanjan Pain Balm Extra Power,100.0,11,6,89.0,28,False,27,11.0,357.14285714285717,In Stock,Mid (11-20%)
Health & Hygiene,Stayfree Dry-Max All Night Ultra-Dry Sanitary Pad,90.0,10,6,81.0,406,False,7,9.0,22.167487684729064,In Stock,Low (1-10%)
Health & Hygiene,Durex Mutual Climax Condoms,360.0,15,6,306.0,580,False,10,54.0,62.06896551724138,In Stock,Mid (11-20%)
Health & Hygiene,Whisper Daily Liners Clean and Fresh,105.0,0,4,105.0,1160,False,20,0.0,9.051724137931034,In Stock,No Discount
Health & Hygiene,Moov Cream Regular,50.0,6,4,47.0,10,False,10,3.0,500.0,In Stock,Low (1-10%)
Health & Hygiene,Moov Pain Relief Specialist,75.0,5,6,71.0,15,False,15,4.0,500.0,In Stock,Low (1-10%)
Health & Hygiene,Dabur Chyawanprakash Sugar Free,235.0,5,6,223.0,500,False,500,12.0,47.0,In Stock,Low (1-10%)
Health & Hygiene,Veet Hair Removal Cream (Normal Skin),135.0,5,6,128.0,50,False,50,7.0,270.0,In Stock,Low (1-10%)
Health & Hygiene,Stayfree Advanced XL Ultra Comfort Sanitary napkins with Wings,175.0,0,3,175.0,812,False,14,0.0,21.551724137931032,In Stock,No Discount
Health & Hygiene,Savlon Clothes Disinfectant & Refreshing Spray Fresh Breeze,175.0,10,6,157.0,230,False,230,18.0,76.08695652173914,In Stock,Low (1-10%)
Health & Hygiene,Dabur Chyawanprash Immunity Booster,190.0,6,6,177.0,500,False,500,13.0,38.0,In Stock,Low (1-10%)
Health & Hygiene,Vicks Inhaler with Keychain,105.0,9,4,95.0,116,False,2,10.0,90.51724137931035,In Stock,Low (1-10%)
Health & Hygiene,Stayfree Secure XL Size Sanitary Napkins,115.0,0,5,115.0,1160,False,20,0.0,9.913793103448276,In Stock,No Discount
Health & Hygiene,Dabur Ayurvedic Tulsi Drops (Immunity Booster),195.0,6,6,182.0,30,False,30,13.0,650.0,In Stock,Low (1-10%)
Health & Hygiene,Organic India Wheat Grass,395.0,20,4,316.0,100,False,100,79.0,395.0,In Stock,Mid (11-20%)
Health & Hygiene,Organic India Organic Chyawanprash,495.0,20,6,396.0,500,False,500,99.0,99.0,In Stock,Mid (11-20%)
Health & Hygiene,Organic India Sugar Balance 60 Capsules Bottle,225.0,0,6,225.0,60,False,60,0.0,375.0,In Stock,No Discount
Health & Hygiene,Whisper Ultra Soft XL+ Sanitary Pads,555.0,0,1,555.0,60,False,60,0.0,925.0,Low Stock,No Discount
Health & Hygiene,Dabur - Chyawanprash,99.0,0,1,99.0,250,False,25,0.0,39.6,Low Stock,No Discount
Health & Hygiene,Vicks BabyRub,105.0,11,6,93.0,25,False,25,12.0,420.0,In Stock,Mid (11-20%)
Health & Hygiene,Bombay Shaving Company Sensitive Cartridges,375.0,0,2,375.0,116,False,2,0.0,323.2758620689655,Low Stock,No Discount
Health & Hygiene,Organic India Brahmi Bottle,205.0,20,1,164.0,60,False,60,41.0,341.66666666666663,Low Stock,Mid (11-20%)
Health & Hygiene,Horlicks Protein Plus Chocolate,270.0,0,2,270.0,200,False,200,0.0,135.0,Low Stock,No Discount
Health & Hygiene,Dabur Nature Care Isabgol - Double Action,140.0,5,6,133.0,100,False,100,7.0,140.0,In Stock,Low (1-10%)
Health & Hygiene,Kapiva Wild Tulsi Giloy Juice |,400.0,15,1,340.0,1000,False,1,60.0,40.0,Low Stock,Mid (11-20%)
Health & Hygiene,Dabur Amla Juice,235.0,15,6,199.0,1000,False,1,36.0,23.5,In Stock,Mid (11-20%)
Health & Hygiene,Epigamia Fruit Yogurt Strawberry,40.0,50,0,20.0,75,True,75,20.0,53.333333333333336,Out of Stock,High (21%+)
Health & Hygiene,Dettol Effective Protection Antiseptic Liquid,116.0,0,0,116.0,250,True,250,0.0,46.400000000000006,Out of Stock,No Discount
Health & Hygiene,Stayfree Secure Cottony Soft Cover Sanitary Pad (Regular) with Wings,30.0,3,0,29.0,406,True,7,1.0,7.389162561576355,Out of Stock,Low (1-10%)
Health & Hygiene,"Eno Cooling Sachets - Cool Mint, 6 Pieces Carton",54.0,11,0,48.0,5,True,5,6.0,1080.0,Out of Stock,Mid (11-20%)
Health & Hygiene,Whisper Choice Sanitary Pad,32.0,9,0,29.0,406,True,7,3.0,7.8817733990147785,Out of Stock,Low (1-10%)
Health & Hygiene,Whisper Bindazzz Nights XL + Sanitary Pad,90.0,0,0,90.0,406,True,7,0.0,22.167487684729064,Out of Stock,No Discount
Health & Hygiene,Gillette Venus Close & Clean Razor,249.0,7,0,230.0,58,True,1,19.0,429.3103448275862,Out of Stock,Low (1-10%)
Health & Hygiene,Whisper Choice Regular Sanitary Pads,90.0,3,0,87.0,58,True,20,3.0,155.17241379310346,Out of Stock,Low (1-10%)
Health & Hygiene,Stayfree Secure Dry Cover Extra Large Sanitary Pad,42.0,2,0,41.0,406,True,7,1.0,10.344827586206897,Out of Stock,Low (1-10%)
Health & Hygiene,Dabur Honitus Herbal Cough Remedy Ayurvedic Syrup,105.0,15,0,89.0,100,True,100,16.0,105.0,Out of Stock,Mid (11-20%)
Health & Hygiene,Whisper Bindazzz Night Sanitary Pads XL Plus,185.0,0,0,185.0,870,True,15,0.0,21.26436781609195,Out of Stock,No Discount
Health & Hygiene,Fine Life Cotton Balls,60.0,0,0,60.0,50,True,50,0.0,120.0,Out of Stock,No Discount
